timestamp,type,key,latency_ms,version,stale
2026-04-03T16:44:06.964255-04:00,read,key6,5.693,16,false
2026-04-03T16:44:06.964339-04:00,read,key7,6.176,18,false
2026-04-03T16:44:06.964318-04:00,read,key7,6.236,18,false
2026-04-03T16:44:06.964346-04:00,read,key9,6.341,19,false
2026-04-03T16:44:06.964301-04:00,read,key6,6.552,16,false
2026-04-03T16:44:06.964278-04:00,read,key8,7.781,19,false
2026-04-03T16:44:06.964279-04:00,read,key5,7.793,15,false
2026-04-03T16:44:06.964307-04:00,read,key9,7.765,19,false
2026-04-03T16:44:06.972081-04:00,read,key0,0.983,16,false
2026-04-03T16:44:06.972063-04:00,read,key6,0.989,16,false
2026-04-03T16:44:06.970522-04:00,read,key6,2.551,16,false
2026-04-03T16:44:06.964287-04:00,read,key9,8.809,19,false
2026-04-03T16:44:06.972079-04:00,read,key9,1.024,19,false
2026-04-03T16:44:06.964333-04:00,read,key7,8.785,18,false
2026-04-03T16:44:06.973099-04:00,read,key3,1.543,20,false
2026-04-03T16:44:06.970693-04:00,read,key1,4.012,19,false
2026-04-03T16:44:06.973087-04:00,read,key5,1.673,15,false
2026-04-03T16:44:06.969978-04:00,read,key8,4.816,19,false
2026-04-03T16:44:06.97312-04:00,read,key6,1.689,16,false
2026-04-03T16:44:06.973086-04:00,read,key4,1.779,15,false
2026-04-03T16:44:06.973099-04:00,read,key9,1.775,19,false
2026-04-03T16:44:06.974813-04:00,read,key1,1.618,19,false
2026-04-03T16:44:06.974868-04:00,read,key0,1.561,16,false
2026-04-03T16:44:06.973106-04:00,read,key6,3.318,16,false
2026-04-03T16:44:06.974709-04:00,read,key1,1.763,19,false
2026-04-03T16:44:06.974877-04:00,read,key8,1.598,19,false
2026-04-03T16:44:06.974768-04:00,read,key0,1.700,16,false
2026-04-03T16:44:06.974646-04:00,read,key6,1.834,16,false
2026-04-03T16:44:06.976479-04:00,read,key1,1.296,19,false
2026-04-03T16:44:06.976489-04:00,read,key0,1.306,16,false
2026-04-03T16:44:06.976482-04:00,read,key4,1.319,15,false
2026-04-03T16:44:06.976444-04:00,read,key9,1.453,20,false
2026-04-03T16:44:06.977814-04:00,read,key2,1.179,15,false
2026-04-03T16:44:06.977901-04:00,read,key3,1.098,20,false
2026-04-03T16:44:06.977786-04:00,read,key6,1.216,17,false
2026-04-03T16:44:06.977826-04:00,read,key3,1.208,20,false
2026-04-03T16:44:06.979007-04:00,read,key4,0.842,15,false
2026-04-03T16:44:06.979014-04:00,read,key8,0.839,19,false
2026-04-03T16:44:06.979039-04:00,read,key1,0.820,19,false
2026-04-03T16:44:06.979015-04:00,read,key5,0.852,15,false
2026-04-03T16:44:06.979866-04:00,read,key2,0.674,15,false
2026-04-03T16:44:06.979852-04:00,read,key0,0.693,16,false
2026-04-03T16:44:06.979876-04:00,read,key8,0.691,19,false
2026-04-03T16:44:06.980549-04:00,read,key4,0.492,15,false
2026-04-03T16:44:06.980544-04:00,read,key1,0.690,19,false
2026-04-03T16:44:06.98057-04:00,read,key7,0.680,19,false
2026-04-03T16:44:06.979857-04:00,read,key1,1.534,19,false
2026-04-03T16:44:06.981044-04:00,read,key6,0.904,17,false
2026-04-03T16:44:06.981253-04:00,read,key2,0.699,15,false
2026-04-03T16:44:06.981238-04:00,read,key3,0.761,21,false
2026-04-03T16:44:06.981394-04:00,read,key7,0.620,18,false
2026-04-03T16:44:06.981956-04:00,read,key3,1.052,20,false
2026-04-03T16:44:06.982018-04:00,read,key1,1.002,19,false
2026-04-03T16:44:06.981952-04:00,read,key3,1.077,20,false
2026-04-03T16:44:06.98302-04:00,read,key3,0.590,20,false
2026-04-03T16:44:06.983032-04:00,read,key2,0.585,15,false
2026-04-03T16:44:06.983614-04:00,read,key5,0.422,15,false
2026-04-03T16:44:06.983621-04:00,read,key3,0.419,21,false
2026-04-03T16:44:06.984039-04:00,read,key0,0.554,16,false
2026-04-03T16:44:06.984044-04:00,read,key2,0.554,15,false
2026-04-03T16:44:06.984601-04:00,read,key2,0.375,15,false
2026-04-03T16:44:06.984596-04:00,read,key1,0.386,19,false
2026-04-03T16:44:06.98498-04:00,read,key4,0.243,17,false
2026-04-03T16:44:06.984986-04:00,read,key8,0.289,19,false
2026-04-03T16:44:06.985226-04:00,read,key1,0.220,19,false
2026-04-03T16:44:06.98528-04:00,read,key4,0.258,15,false
2026-04-03T16:44:06.985542-04:00,read,key7,0.195,19,false
2026-04-03T16:44:06.98574-04:00,read,key4,0.212,15,false
2026-04-03T16:44:06.985956-04:00,read,key8,0.233,19,false
2026-04-03T16:44:06.986192-04:00,read,key9,0.212,20,false
2026-04-03T16:44:06.986407-04:00,read,key5,0.203,15,false
2026-04-03T16:44:06.986613-04:00,read,key7,0.175,19,false
2026-04-03T16:44:06.986792-04:00,read,key1,0.204,19,false
2026-04-03T16:44:06.986999-04:00,read,key5,0.223,15,false
2026-04-03T16:44:06.987226-04:00,read,key2,0.246,15,false
2026-04-03T16:44:06.983049-04:00,write,key4,1220.170,16,false
2026-04-03T16:44:06.976452-04:00,write,key7,1227.020,19,false
2026-04-03T16:44:06.985451-04:00,write,key5,1218.076,16,false
2026-04-03T16:44:06.987477-04:00,write,key0,1216.004,17,false
2026-04-03T16:44:06.982005-04:00,write,key6,1221.631,17,false
2026-04-03T16:44:06.970572-04:00,write,key3,1232.817,21,false
2026-04-03T16:44:06.974799-04:00,write,key6,1228.961,17,false
2026-04-03T16:44:06.976476-04:00,write,key4,1228.543,17,false
2026-04-03T16:44:06.970862-04:00,write,key4,1234.158,16,false
2026-04-03T16:44:06.976463-04:00,write,key9,1228.582,20,false
2026-04-03T16:44:08.20504-04:00,read,key8,4.008,19,false
2026-04-03T16:44:08.205279-04:00,read,key1,4.467,19,false
2026-04-03T16:44:08.203535-04:00,read,key8,6.559,19,false
2026-04-03T16:44:08.203531-04:00,read,key8,6.596,19,false
2026-04-03T16:44:08.203288-04:00,read,key6,6.880,17,false
2026-04-03T16:44:08.203645-04:00,read,key5,6.656,16,false
2026-04-03T16:44:08.203635-04:00,read,key3,6.751,21,false
2026-04-03T16:44:08.205193-04:00,read,key9,5.272,20,false
2026-04-03T16:44:08.203796-04:00,read,key8,6.825,19,false
2026-04-03T16:44:08.203704-04:00,read,key4,7.277,16,true
2026-04-03T16:44:08.209801-04:00,read,key0,2.604,17,false
2026-04-03T16:44:08.210632-04:00,read,key1,3.430,19,false
2026-04-03T16:44:08.2104-04:00,read,key7,3.731,19,false
2026-04-03T16:44:08.210108-04:00,read,key8,4.196,19,false
2026-04-03T16:44:08.209084-04:00,read,key4,5.325,16,true
2026-04-03T16:44:08.210228-04:00,read,key8,4.096,19,false
2026-04-03T16:44:08.210474-04:00,read,key8,4.685,19,false
2026-04-03T16:44:08.210313-04:00,read,key7,5.185,19,false
2026-04-03T16:44:08.211023-04:00,read,key9,4.642,20,false
2026-04-03T16:44:08.214231-04:00,read,key6,4.829,17,false
2026-04-03T16:44:08.214428-04:00,read,key5,4.632,16,false
2026-04-03T16:44:08.214087-04:00,read,key5,4.978,16,false
2026-04-03T16:44:08.215516-04:00,read,key4,4.574,16,true
2026-04-03T16:44:08.214537-04:00,read,key3,5.619,21,false
2026-04-03T16:44:08.215682-04:00,read,key9,4.497,20,false
2026-04-03T16:44:08.214378-04:00,read,key5,5.778,16,false
2026-04-03T16:44:08.219096-04:00,read,key0,1.131,17,false
2026-04-03T16:44:08.215176-04:00,read,key3,5.059,21,false
2026-04-03T16:44:08.2191-04:00,read,key2,1.144,15,false
2026-04-03T16:44:08.219085-04:00,read,key9,1.187,21,false
2026-04-03T16:44:08.220191-04:00,read,key5,0.983,16,false
2026-04-03T16:44:08.220299-04:00,read,key8,0.887,19,false
2026-04-03T16:44:08.220257-04:00,read,key7,0.934,19,false
2026-04-03T16:44:08.221199-04:00,read,key2,0.523,15,false
2026-04-03T16:44:08.221194-04:00,read,key3,0.536,21,false
2026-04-03T16:44:08.221198-04:00,read,key5,0.702,16,false
2026-04-03T16:44:08.221732-04:00,read,key3,0.474,21,false
2026-04-03T16:44:08.220272-04:00,read,key7,1.969,19,false
2026-04-03T16:44:08.221741-04:00,read,key6,0.605,17,false
2026-04-03T16:44:08.222212-04:00,read,key0,0.484,17,false
2026-04-03T16:44:08.222353-04:00,read,key7,0.444,19,false
2026-04-03T16:44:08.221906-04:00,read,key0,0.894,17,false
2026-04-03T16:44:08.222245-04:00,read,key7,0.615,19,false
2026-04-03T16:44:08.222701-04:00,read,key2,0.545,15,false
2026-04-03T16:44:08.222813-04:00,read,key4,0.481,16,true
2026-04-03T16:44:08.222801-04:00,read,key7,0.731,19,false
2026-04-03T16:44:08.223314-04:00,read,key3,0.448,21,false
2026-04-03T16:44:08.223256-04:00,read,key9,0.599,20,false
2026-04-03T16:44:08.222865-04:00,read,key1,1.247,19,false
2026-04-03T16:44:08.223862-04:00,read,key7,0.599,19,false
2026-04-03T16:44:08.22354-04:00,read,key3,0.977,21,false
2026-04-03T16:44:08.224117-04:00,read,key5,0.487,16,false
2026-04-03T16:44:08.223768-04:00,read,key9,0.840,20,false
2026-04-03T16:44:08.224535-04:00,read,key9,0.396,21,false
2026-04-03T16:44:08.224546-04:00,read,key4,0.387,18,false
2026-04-03T16:44:08.224611-04:00,read,key7,0.348,19,false
2026-04-03T16:44:08.224613-04:00,read,key6,0.357,17,false
2026-04-03T16:44:08.224967-04:00,read,key8,0.523,19,false
2026-04-03T16:44:08.224936-04:00,read,key5,0.578,16,false
2026-04-03T16:44:08.224947-04:00,read,key2,0.674,15,false
2026-04-03T16:44:08.225522-04:00,read,key8,0.465,19,false
2026-04-03T16:44:08.225628-04:00,read,key0,0.372,17,false
2026-04-03T16:44:08.225508-04:00,read,key4,0.661,16,true
2026-04-03T16:44:08.225995-04:00,read,key7,0.432,19,false
2026-04-03T16:44:08.226175-04:00,read,key7,0.428,19,false
2026-04-03T16:44:08.226434-04:00,read,key6,0.305,17,false
2026-04-03T16:44:08.226746-04:00,read,key3,0.321,21,false
2026-04-03T16:44:08.227083-04:00,read,key4,0.308,16,true
2026-04-03T16:44:08.227398-04:00,read,key2,0.287,15,false
2026-04-03T16:44:08.227698-04:00,read,key4,0.308,16,true
2026-04-03T16:44:08.228011-04:00,read,key9,0.306,20,false
2026-04-03T16:44:08.212466-04:00,write,key8,1237.134,20,false
2026-04-03T16:44:08.220129-04:00,write,key6,1229.531,18,false
2026-04-03T16:44:08.224987-04:00,write,key9,1224.754,21,false
2026-04-03T16:44:08.220176-04:00,write,key1,1229.602,20,false
2026-04-03T16:44:08.220243-04:00,write,key5,1229.819,17,false
2026-04-03T16:44:08.228325-04:00,write,key6,1221.856,18,false
2026-04-03T16:44:08.226013-04:00,write,key0,1224.357,18,false
2026-04-03T16:44:08.226612-04:00,write,key8,1223.995,20,false
2026-04-03T16:44:08.210212-04:00,write,key9,1240.628,21,false
2026-04-03T16:44:08.220229-04:00,write,key4,1230.796,18,false
2026-04-03T16:44:09.44971-04:00,read,key3,2.612,21,false
2026-04-03T16:44:09.44971-04:00,read,key8,2.613,20,false
2026-04-03T16:44:09.450194-04:00,read,key5,2.153,17,false
2026-04-03T16:44:09.451062-04:00,read,key7,1.365,19,false
2026-04-03T16:44:09.450408-04:00,read,key4,2.029,18,false
2026-04-03T16:44:09.450079-04:00,read,key3,2.392,21,false
2026-04-03T16:44:09.449791-04:00,read,key1,2.732,20,false
2026-04-03T16:44:09.449827-04:00,read,key1,2.708,20,false
2026-04-03T16:44:09.452371-04:00,read,key6,1.094,18,false
2026-04-03T16:44:09.452435-04:00,read,key2,1.035,15,false
2026-04-03T16:44:09.45241-04:00,read,key9,1.130,21,false
2026-04-03T16:44:09.452483-04:00,read,key3,1.039,21,false
2026-04-03T16:44:09.452538-04:00,read,key9,1.043,21,false
2026-04-03T16:44:09.452544-04:00,read,key4,1.075,18,false
2026-04-03T16:44:09.452371-04:00,read,key8,1.253,20,false
2026-04-03T16:44:09.453585-04:00,read,key3,0.685,21,false
2026-04-03T16:44:09.450625-04:00,read,key4,3.934,18,false
2026-04-03T16:44:09.453483-04:00,read,key0,1.092,18,false
2026-04-03T16:44:09.453588-04:00,read,key5,1.022,17,false
2026-04-03T16:44:09.454282-04:00,read,key5,0.631,17,false
2026-04-03T16:44:09.453549-04:00,read,key6,1.428,18,false
2026-04-03T16:44:09.454618-04:00,read,key0,0.895,18,false
2026-04-03T16:44:09.453626-04:00,read,key2,2.032,15,false
2026-04-03T16:44:09.454922-04:00,read,key9,0.994,21,false
2026-04-03T16:44:09.455676-04:00,read,key0,0.572,18,false
2026-04-03T16:44:09.454986-04:00,read,key7,1.266,19,false
2026-04-03T16:44:09.455525-04:00,read,key4,0.984,18,false
2026-04-03T16:44:09.455926-04:00,read,key2,0.789,15,false
2026-04-03T16:44:09.456258-04:00,read,key2,0.672,15,false
2026-04-03T16:44:09.456534-04:00,read,key8,0.459,20,false
2026-04-03T16:44:09.456261-04:00,read,key5,0.792,17,false
2026-04-03T16:44:09.456721-04:00,read,key7,0.683,19,false
2026-04-03T16:44:09.457413-04:00,read,key7,0.436,19,false
2026-04-03T16:44:09.457103-04:00,read,key6,0.753,18,false
2026-04-03T16:44:09.457168-04:00,read,key4,0.715,18,false
2026-04-03T16:44:09.457169-04:00,read,key6,0.862,18,false
2026-04-03T16:44:09.457866-04:00,read,key0,0.490,18,false
2026-04-03T16:44:09.457898-04:00,read,key4,0.597,18,false
2026-04-03T16:44:09.458051-04:00,read,key9,1.653,21,false
2026-04-03T16:44:09.459733-04:00,read,key9,0.942,22,false
2026-04-03T16:44:09.46069-04:00,read,key5,0.284,17,false
2026-04-03T16:44:09.460981-04:00,read,key4,0.306,18,false
2026-04-03T16:44:09.453635-04:00,write,key3,1230.320,22,false
2026-04-03T16:44:09.454592-04:00,write,key2,1229.508,16,false
2026-04-03T16:44:09.458371-04:00,write,key2,1225.768,16,false
2026-04-03T16:44:09.450867-04:00,write,key0,1233.324,19,false
2026-04-03T16:44:09.461301-04:00,write,key6,1223.046,19,false
2026-04-03T16:44:09.458506-04:00,write,key4,1226.325,19,false
2026-04-03T16:44:09.452471-04:00,write,key1,1232.500,21,false
2026-04-03T16:44:09.457868-04:00,write,key5,1227.200,18,false
2026-04-03T16:44:09.453521-04:00,write,key9,1231.577,22,false
2026-04-03T16:44:09.454598-04:00,write,key1,1230.406,21,false
2026-04-03T16:44:10.685186-04:00,read,key5,2.805,18,false
2026-04-03T16:44:10.684209-04:00,read,key9,3.908,22,false
2026-04-03T16:44:10.68437-04:00,read,key0,4.110,19,false
2026-04-03T16:44:10.684206-04:00,read,key5,4.301,18,false
2026-04-03T16:44:10.68403-04:00,read,key2,5.961,16,false
2026-04-03T16:44:10.684181-04:00,read,key3,5.834,22,false
2026-04-03T16:44:10.685022-04:00,read,key8,6.558,20,false
2026-04-03T16:44:10.688436-04:00,read,key9,3.158,22,false
2026-04-03T16:44:10.685037-04:00,read,key5,6.625,18,false
2026-04-03T16:44:10.690037-04:00,read,key4,1.645,19,false
2026-04-03T16:44:10.688527-04:00,read,key7,3.210,19,false
2026-04-03T16:44:10.688495-04:00,read,key5,3.294,18,false
2026-04-03T16:44:10.685101-04:00,read,key1,6.695,21,false
2026-04-03T16:44:10.688015-04:00,read,key8,4.005,20,false
2026-04-03T16:44:10.691747-04:00,read,key8,3.732,20,false
2026-04-03T16:44:10.685071-04:00,read,key9,10.513,22,false
2026-04-03T16:44:10.691612-04:00,read,key3,3.973,22,false
2026-04-03T16:44:10.691694-04:00,read,key2,4.153,16,false
2026-04-03T16:44:10.691799-04:00,read,key3,4.119,22,false
2026-04-03T16:44:10.691674-04:00,read,key3,3.876,22,false
2026-04-03T16:44:10.691599-04:00,read,key2,4.334,16,false
2026-04-03T16:44:10.695866-04:00,read,key4,1.611,19,false
2026-04-03T16:44:10.695597-04:00,read,key4,1.890,19,false
2026-04-03T16:44:10.691808-04:00,read,key7,5.700,19,false
2026-04-03T16:44:10.695931-04:00,read,key3,1.639,22,false
2026-04-03T16:44:10.695499-04:00,read,key0,3.303,19,false
2026-04-03T16:44:10.695473-04:00,read,key7,3.377,19,false
2026-04-03T16:44:10.695597-04:00,read,key2,3.255,16,false
2026-04-03T16:44:10.697614-04:00,read,key2,1.275,16,false
2026-04-03T16:44:10.696006-04:00,read,key5,2.887,18,false
2026-04-03T16:44:10.696025-04:00,read,key3,2.906,22,false
2026-04-03T16:44:10.697494-04:00,read,key2,1.472,16,false
2026-04-03T16:44:10.698856-04:00,read,key1,1.298,21,false
2026-04-03T16:44:10.698895-04:00,read,key2,1.293,16,false
2026-04-03T16:44:10.698822-04:00,read,key1,1.387,21,false
2026-04-03T16:44:10.697521-04:00,read,key1,2.711,21,false
2026-04-03T16:44:10.697504-04:00,read,key7,2.741,19,false
2026-04-03T16:44:10.698973-04:00,read,key2,1.272,16,false
2026-04-03T16:44:10.700257-04:00,read,key8,1.244,20,false
2026-04-03T16:44:10.700193-04:00,read,key0,1.579,19,false
2026-04-03T16:44:10.700247-04:00,read,key0,1.535,19,false
2026-04-03T16:44:10.69886-04:00,read,key2,3.601,16,false
2026-04-03T16:44:10.701517-04:00,read,key5,1.332,18,false
2026-04-03T16:44:10.700168-04:00,read,key0,2.701,19,false
2026-04-03T16:44:10.700262-04:00,read,key0,2.620,19,false
2026-04-03T16:44:10.701787-04:00,read,key7,1.103,19,false
2026-04-03T16:44:10.700214-04:00,read,key1,2.979,21,false
2026-04-03T16:44:10.702487-04:00,read,key6,0.987,19,false
2026-04-03T16:44:10.701778-04:00,read,key9,1.796,22,false
2026-04-03T16:44:10.702874-04:00,read,key0,0.755,19,false
2026-04-03T16:44:10.703216-04:00,read,key0,0.466,19,false
2026-04-03T16:44:10.702886-04:00,read,key4,0.820,19,false
2026-04-03T16:44:10.70348-04:00,read,key2,0.258,16,false
2026-04-03T16:44:10.703593-04:00,read,key1,0.552,21,false
2026-04-03T16:44:10.703748-04:00,read,key9,0.406,22,false
2026-04-03T16:44:10.703635-04:00,read,key6,0.536,19,false
2026-04-03T16:44:10.703721-04:00,read,key3,0.532,22,false
2026-04-03T16:44:10.703693-04:00,read,key4,0.630,19,false
2026-04-03T16:44:10.70418-04:00,read,key0,0.477,19,false
2026-04-03T16:44:10.70415-04:00,read,key3,0.522,22,false
2026-04-03T16:44:10.704158-04:00,read,key5,0.535,19,false
2026-04-03T16:44:10.704327-04:00,read,key6,0.374,19,false
2026-04-03T16:44:10.704259-04:00,read,key2,0.452,16,false
2026-04-03T16:44:10.704706-04:00,read,key7,0.416,19,false
2026-04-03T16:44:10.704661-04:00,read,key4,0.487,19,false
2026-04-03T16:44:10.704726-04:00,read,key2,0.456,16,false
2026-04-03T16:44:10.704677-04:00,read,key5,0.638,18,false
2026-04-03T16:44:10.705127-04:00,read,key7,0.416,19,false
2026-04-03T16:44:10.705557-04:00,read,key2,0.301,16,false
2026-04-03T16:44:10.705321-04:00,read,key4,0.607,19,false
2026-04-03T16:44:10.705934-04:00,read,key8,0.467,20,false
2026-04-03T16:44:10.705869-04:00,read,key3,0.689,22,false
2026-04-03T16:44:10.706406-04:00,read,key6,0.282,20,false
2026-04-03T16:44:10.706563-04:00,read,key9,0.276,22,false
2026-04-03T16:44:10.706692-04:00,read,key2,0.250,16,false
2026-04-03T16:44:10.706946-04:00,read,key4,0.232,19,false
2026-04-03T16:44:10.706843-04:00,read,key9,0.410,22,false
2026-04-03T16:44:10.707182-04:00,read,key4,0.318,19,false
2026-04-03T16:44:10.707259-04:00,read,key2,0.313,16,false
2026-04-03T16:44:10.707576-04:00,read,key3,0.208,22,false
2026-04-03T16:44:10.707504-04:00,read,key6,0.341,20,false
2026-04-03T16:44:10.707849-04:00,read,key4,0.302,19,false
2026-04-03T16:44:10.707788-04:00,read,key6,0.382,19,false
2026-04-03T16:44:10.708156-04:00,read,key7,0.307,19,false
2026-04-03T16:44:10.708174-04:00,read,key7,0.304,19,false
2026-04-03T16:44:10.708482-04:00,read,key6,0.264,19,false
2026-04-03T16:44:10.708467-04:00,read,key4,0.303,19,false
2026-04-03T16:44:10.708774-04:00,read,key2,0.265,16,false
2026-04-03T16:44:10.708751-04:00,read,key1,0.295,21,false
2026-04-03T16:44:10.709045-04:00,read,key4,0.261,19,false
2026-04-03T16:44:10.709073-04:00,read,key1,0.255,22,false
2026-04-03T16:44:10.709322-04:00,read,key5,0.306,19,false
2026-04-03T16:44:10.709333-04:00,read,key9,0.308,22,false
2026-04-03T16:44:10.709647-04:00,read,key1,0.282,21,false
2026-04-03T16:44:10.709633-04:00,read,key1,0.484,21,false
2026-04-03T16:44:10.709941-04:00,read,key6,0.368,19,false
2026-04-03T16:44:10.710131-04:00,read,key0,0.378,19,false
2026-04-03T16:44:10.710313-04:00,read,key6,0.302,19,false
2026-04-03T16:44:10.710513-04:00,read,key0,0.300,19,false
2026-04-03T16:44:10.710623-04:00,read,key9,0.232,22,false
2026-04-03T16:44:10.710859-04:00,read,key4,0.286,19,false
2026-04-03T16:44:10.710817-04:00,read,key6,0.341,20,false
2026-04-03T16:44:10.711149-04:00,read,key1,0.262,21,false
2026-04-03T16:44:10.711418-04:00,read,key7,0.706,19,false
2026-04-03T16:44:10.712131-04:00,read,key1,0.241,23,false
2026-04-03T16:44:10.712376-04:00,read,key5,0.223,19,false
2026-04-03T16:44:10.712603-04:00,read,key6,0.216,20,false
2026-04-03T16:44:10.712823-04:00,read,key1,0.213,22,false
2026-04-03T16:44:10.71304-04:00,read,key9,0.313,23,false
2026-04-03T16:44:10.713357-04:00,read,key6,0.220,19,false
2026-04-03T16:44:10.702857-04:00,write,key5,1225.080,19,false
2026-04-03T16:44:10.705183-04:00,write,key1,1222.773,23,false
2026-04-03T16:44:10.704737-04:00,write,key6,1223.244,20,false
2026-04-03T16:44:10.702896-04:00,write,key1,1225.074,22,false
2026-04-03T16:44:10.711166-04:00,write,key1,1216.771,22,false
2026-04-03T16:44:10.698923-04:00,write,key5,1228.946,19,false
2026-04-03T16:44:10.69895-04:00,write,key1,1229.227,22,false
2026-04-03T16:44:10.705207-04:00,write,key9,1222.991,23,false
2026-04-03T16:44:10.690047-04:00,write,key7,1238.172,20,false
2026-04-03T16:44:11.928-04:00,read,key4,2.647,19,false
2026-04-03T16:44:11.928205-04:00,read,key1,2.466,22,true
2026-04-03T16:44:11.928234-04:00,read,key6,2.624,20,false
2026-04-03T16:44:11.928056-04:00,read,key5,2.840,20,false
2026-04-03T16:44:11.928057-04:00,read,key5,2.823,19,false
2026-04-03T16:44:11.927967-04:00,read,key8,2.966,20,false
2026-04-03T16:44:11.927999-04:00,read,key8,2.955,20,false
2026-04-03T16:44:11.927967-04:00,read,key5,3.197,20,false
2026-04-03T16:44:11.928187-04:00,read,key3,3.239,22,false
2026-04-03T16:44:10.713585-04:00,write,key5,1218.653,20,false
2026-04-03T16:44:11.93225-04:00,read,key0,1.758,19,false
2026-04-03T16:44:11.930879-04:00,read,key1,3.163,22,true
2026-04-03T16:44:11.930675-04:00,read,key5,3.432,20,false
2026-04-03T16:44:11.930689-04:00,read,key0,3.443,19,false
2026-04-03T16:44:11.93098-04:00,read,key4,3.327,19,false
2026-04-03T16:44:11.930949-04:00,read,key6,3.625,20,false
2026-04-03T16:44:11.930908-04:00,read,key7,3.883,20,false
2026-04-03T16:44:11.934056-04:00,read,key6,3.182,20,false
2026-04-03T16:44:11.934163-04:00,read,key4,3.131,19,false
2026-04-03T16:44:11.931453-04:00,read,key3,5.853,22,false
2026-04-03T16:44:11.934585-04:00,read,key8,2.725,20,false
2026-04-03T16:44:11.931181-04:00,read,key9,6.191,23,false
2026-04-03T16:44:11.934041-04:00,read,key2,3.502,16,false
2026-04-03T16:44:11.934146-04:00,read,key5,3.657,20,false
2026-04-03T16:44:11.93739-04:00,read,key9,2.489,24,false
2026-04-03T16:44:11.937311-04:00,read,key3,2.743,22,false
2026-04-03T16:44:11.934803-04:00,read,key6,5.333,21,false
2026-04-03T16:44:11.937816-04:00,read,key0,2.567,19,false
2026-04-03T16:44:11.937322-04:00,read,key7,3.130,20,false
2026-04-03T16:44:11.93732-04:00,read,key0,3.199,19,false
2026-04-03T16:44:11.937264-04:00,read,key0,3.290,19,false
2026-04-03T16:44:11.939899-04:00,read,key9,2.098,23,false
2026-04-03T16:44:11.94053-04:00,read,key1,1.828,22,true
2026-04-03T16:44:11.94007-04:00,read,key9,2.326,23,false
2026-04-03T16:44:11.94048-04:00,read,key1,1.942,22,true
2026-04-03T16:44:11.940568-04:00,read,key4,1.985,19,false
2026-04-03T16:44:11.940397-04:00,read,key4,2.198,19,false
2026-04-03T16:44:11.942371-04:00,read,key5,0.504,20,false
2026-04-03T16:44:11.937599-04:00,read,key6,5.407,20,false
2026-04-03T16:44:11.942563-04:00,read,key5,1.674,19,true
2026-04-03T16:44:11.942432-04:00,read,key4,1.834,20,false
2026-04-03T16:44:11.942013-04:00,read,key8,2.253,20,false
2026-04-03T16:44:11.942408-04:00,read,key3,1.890,22,false
2026-04-03T16:44:11.944322-04:00,read,key7,1.916,20,false
2026-04-03T16:44:11.944295-04:00,read,key3,2.009,22,false
2026-04-03T16:44:11.944256-04:00,read,key9,2.055,23,false
2026-04-03T16:44:11.943015-04:00,read,key8,3.342,20,false
2026-04-03T16:44:11.942603-04:00,read,key0,3.901,19,false
2026-04-03T16:44:11.94428-04:00,read,key5,2.566,20,false
2026-04-03T16:44:11.94626-04:00,read,key5,0.603,20,false
2026-04-03T16:44:11.942882-04:00,read,key5,3.998,20,false
2026-04-03T16:44:11.946369-04:00,read,key5,0.797,20,false
2026-04-03T16:44:11.946313-04:00,read,key7,0.873,20,false
2026-04-03T16:44:11.946325-04:00,read,key0,0.871,19,false
2026-04-03T16:44:11.946858-04:00,read,key9,0.598,23,false
2026-04-03T16:44:11.946513-04:00,read,key3,0.987,22,false
2026-04-03T16:44:11.946873-04:00,read,key3,0.614,22,false
2026-04-03T16:44:11.947197-04:00,read,key3,0.606,22,false
2026-04-03T16:44:11.947175-04:00,read,key8,0.680,20,false
2026-04-03T16:44:11.947204-04:00,read,key9,0.936,23,false
2026-04-03T16:44:11.947526-04:00,read,key0,0.638,19,false
2026-04-03T16:44:11.947464-04:00,read,key2,0.772,16,false
2026-04-03T16:44:11.947507-04:00,read,key7,0.743,20,false
2026-04-03T16:44:11.947813-04:00,read,key0,0.682,19,false
2026-04-03T16:44:11.947873-04:00,read,key5,0.658,20,false
2026-04-03T16:44:11.948267-04:00,read,key5,0.575,20,false
2026-04-03T16:44:11.948171-04:00,read,key9,0.773,24,false
2026-04-03T16:44:11.948502-04:00,read,key6,0.783,21,false
2026-04-03T16:44:11.948242-04:00,read,key5,1.053,19,true
2026-04-03T16:44:11.948161-04:00,read,key1,1.158,22,true
2026-04-03T16:44:11.948539-04:00,read,key1,0.822,22,true
2026-04-03T16:44:11.949327-04:00,read,key9,0.468,23,false
2026-04-03T16:44:11.949306-04:00,read,key4,0.523,19,false
2026-04-03T16:44:11.949297-04:00,read,key7,0.541,20,false
2026-04-03T16:44:11.949371-04:00,read,key0,0.557,19,false
2026-04-03T16:44:11.948851-04:00,read,key7,1.276,20,false
2026-04-03T16:44:11.949838-04:00,read,key7,0.597,20,false
2026-04-03T16:44:11.949808-04:00,read,key8,0.630,20,false
2026-04-03T16:44:11.949846-04:00,read,key4,0.601,19,false
2026-04-03T16:44:11.949936-04:00,read,key2,0.672,16,false
2026-04-03T16:44:11.950138-04:00,read,key6,0.477,21,false
2026-04-03T16:44:11.950446-04:00,read,key5,0.554,19,true
2026-04-03T16:44:11.95047-04:00,read,key0,0.578,19,false
2026-04-03T16:44:11.950622-04:00,read,key2,0.457,16,false
2026-04-03T16:44:11.950442-04:00,read,key0,0.647,19,false
2026-04-03T16:44:11.950615-04:00,read,key5,0.875,19,true
2026-04-03T16:44:11.951054-04:00,read,key9,0.452,23,false
2026-04-03T16:44:11.951086-04:00,read,key3,0.486,22,false
2026-04-03T16:44:11.951012-04:00,read,key1,0.618,23,false
2026-04-03T16:44:11.951578-04:00,read,key8,0.371,20,false
2026-04-03T16:44:11.951519-04:00,read,key9,0.681,23,false
2026-04-03T16:44:11.951097-04:00,read,key6,1.158,20,false
2026-04-03T16:44:11.951966-04:00,read,key9,0.486,23,false
2026-04-03T16:44:11.952267-04:00,read,key9,0.525,23,false
2026-04-03T16:44:11.952459-04:00,read,key0,0.429,19,false
2026-04-03T16:44:11.95221-04:00,read,key9,0.725,24,false
2026-04-03T16:44:11.952803-04:00,read,key6,0.360,20,false
2026-04-03T16:44:11.952896-04:00,read,key9,0.612,24,false
2026-04-03T16:44:11.952943-04:00,read,key6,0.598,20,false
2026-04-03T16:44:11.953176-04:00,read,key7,0.473,20,false
2026-04-03T16:44:11.951638-04:00,read,key3,2.211,22,false
2026-04-03T16:44:11.953516-04:00,read,key5,0.346,19,true
2026-04-03T16:44:11.953546-04:00,read,key2,0.547,16,false
2026-04-03T16:44:11.953656-04:00,read,key3,0.523,22,false
2026-04-03T16:44:11.953859-04:00,read,key0,0.537,19,false
2026-04-03T16:44:11.95419-04:00,read,key6,0.517,20,false
2026-04-03T16:44:11.954107-04:00,read,key0,0.615,19,false
2026-04-03T16:44:11.953869-04:00,read,key2,0.894,16,false
2026-04-03T16:44:11.954403-04:00,read,key0,0.429,19,false
2026-04-03T16:44:11.954731-04:00,read,key5,0.267,20,false
2026-04-03T16:44:11.954715-04:00,read,key5,0.299,20,false
2026-04-03T16:44:11.954773-04:00,read,key2,0.360,16,false
2026-04-03T16:44:11.955021-04:00,read,key5,0.414,19,true
2026-04-03T16:44:11.955006-04:00,read,key0,0.429,20,false
2026-04-03T16:44:11.954841-04:00,read,key5,0.739,20,false
2026-04-03T16:44:11.955141-04:00,read,key7,0.483,20,false
2026-04-03T16:44:11.955597-04:00,read,key6,0.304,21,false
2026-04-03T16:44:11.955444-04:00,read,key3,0.483,22,false
2026-04-03T16:44:11.955444-04:00,read,key1,0.511,23,false
2026-04-03T16:44:11.955962-04:00,read,key6,0.363,20,false
2026-04-03T16:44:11.955933-04:00,read,key6,0.642,21,false
2026-04-03T16:44:11.956332-04:00,read,key8,0.281,20,false
2026-04-03T16:44:11.946918-04:00,write,key6,1216.083,21,false
2026-04-03T16:44:11.948962-04:00,write,key0,1214.182,20,false
2026-04-03T16:44:11.940171-04:00,write,key4,1222.998,20,false
2026-04-03T16:44:11.930928-04:00,write,key6,1232.583,21,false
2026-04-03T16:44:11.934331-04:00,write,key9,1229.298,24,false
2026-04-03T16:44:13.163144-04:00,read,key4,2.194,20,false
2026-04-03T16:44:13.163232-04:00,read,key3,2.096,22,false
2026-04-03T16:44:13.163235-04:00,read,key3,2.282,22,false
2026-04-03T16:44:13.163526-04:00,read,key8,2.081,20,false
2026-04-03T16:44:13.163639-04:00,read,key2,4.728,16,false
2026-04-03T16:44:11.951517-04:00,write,key0,1217.986,20,false
2026-04-03T16:44:11.955638-04:00,write,key0,1213.901,21,false
2026-04-03T16:44:13.165365-04:00,read,key7,4.233,21,false
2026-04-03T16:44:11.956622-04:00,write,key1,1213.067,24,false
2026-04-03T16:44:11.9566-04:00,write,key7,1213.092,21,false
2026-04-03T16:44:13.165546-04:00,read,key8,4.730,20,false
2026-04-03T16:44:13.168392-04:00,read,key9,3.609,24,false
2026-04-03T16:44:13.169703-04:00,read,key7,2.972,21,false
2026-04-03T16:44:13.169549-04:00,read,key9,3.168,24,false
2026-04-03T16:44:13.1697-04:00,read,key7,3.175,21,false
2026-04-03T16:44:13.169647-04:00,read,key4,3.659,20,false
2026-04-03T16:44:13.169517-04:00,read,key3,3.854,22,false
2026-04-03T16:44:11.955911-04:00,write,key1,1218.153,23,false
2026-04-03T16:44:13.172025-04:00,read,key1,3.475,23,true
2026-04-03T16:44:13.165625-04:00,read,key0,9.921,20,true
2026-04-03T16:44:13.172732-04:00,read,key4,3.763,20,false
2026-04-03T16:44:13.174074-04:00,read,key2,3.394,16,false
2026-04-03T16:44:13.165383-04:00,read,key7,12.096,21,false
2026-04-03T16:44:13.172691-04:00,read,key5,4.862,20,false
2026-04-03T16:44:13.172891-04:00,read,key2,4.726,16,false
2026-04-03T16:44:13.17332-04:00,read,key9,5.487,24,false
2026-04-03T16:44:13.176564-04:00,read,key1,2.591,23,true
2026-04-03T16:44:13.175587-04:00,read,key7,3.589,21,false
2026-04-03T16:44:13.175517-04:00,read,key9,3.808,24,false
2026-04-03T16:44:13.177635-04:00,read,key0,2.114,21,false
2026-04-03T16:44:13.177484-04:00,read,key2,2.328,16,false
2026-04-03T16:44:13.178822-04:00,read,key3,1.236,22,false
2026-04-03T16:44:13.179185-04:00,read,key6,1.271,22,false
2026-04-03T16:44:13.179165-04:00,read,key2,1.292,16,false
2026-04-03T16:44:13.179787-04:00,read,key8,1.089,20,false
2026-04-03T16:44:13.177493-04:00,read,key5,3.556,20,false
2026-04-03T16:44:13.180479-04:00,read,key3,0.679,22,false
2026-04-03T16:44:13.180469-04:00,read,key3,0.736,22,false
2026-04-03T16:44:13.180069-04:00,read,key6,1.570,22,false
2026-04-03T16:44:13.179334-04:00,read,key2,2.313,16,false
2026-04-03T16:44:13.177563-04:00,read,key9,4.076,24,false
2026-04-03T16:44:13.180891-04:00,read,key5,0.760,19,true
2026-04-03T16:44:13.179827-04:00,read,key7,2.086,21,false
2026-04-03T16:44:13.181169-04:00,read,key7,0.810,21,false
2026-04-03T16:44:13.181061-04:00,read,key5,0.946,20,false
2026-04-03T16:44:13.181669-04:00,read,key8,0.930,20,false
2026-04-03T16:44:13.181655-04:00,read,key5,0.997,20,false
2026-04-03T16:44:13.18193-04:00,read,key3,0.725,22,false
2026-04-03T16:44:13.181987-04:00,read,key7,0.902,21,false
2026-04-03T16:44:13.182016-04:00,read,key8,0.886,20,false
2026-04-03T16:44:13.181656-04:00,read,key2,1.276,16,false
2026-04-03T16:44:13.18267-04:00,read,key6,0.518,21,false
2026-04-03T16:44:13.181669-04:00,read,key4,1.528,20,false
2026-04-03T16:44:13.182659-04:00,read,key0,0.564,20,true
2026-04-03T16:44:13.182615-04:00,read,key7,0.997,21,false
2026-04-03T16:44:13.182939-04:00,read,key1,0.670,24,false
2026-04-03T16:44:13.182897-04:00,read,key4,0.888,20,false
2026-04-03T16:44:13.183196-04:00,read,key2,0.625,16,false
2026-04-03T16:44:13.183828-04:00,read,key7,0.744,21,false
2026-04-03T16:44:13.183205-04:00,read,key9,1.376,25,false
2026-04-03T16:44:13.183625-04:00,read,key8,0.946,20,false
2026-04-03T16:44:13.183622-04:00,read,key9,1.011,24,false
2026-04-03T16:44:13.183802-04:00,read,key4,0.832,20,false
2026-04-03T16:44:13.18323-04:00,read,key6,1.447,22,false
2026-04-03T16:44:13.184639-04:00,read,key8,0.410,20,false
2026-04-03T16:44:13.184589-04:00,read,key3,0.494,22,false
2026-04-03T16:44:13.184585-04:00,read,key1,0.514,23,true
2026-04-03T16:44:13.184589-04:00,read,key5,0.526,20,false
2026-04-03T16:44:13.18509-04:00,read,key2,0.451,16,false
2026-04-03T16:44:13.185057-04:00,read,key9,0.580,24,false
2026-04-03T16:44:13.185551-04:00,read,key8,0.558,20,false
2026-04-03T16:44:13.185644-04:00,read,key1,0.518,23,true
2026-04-03T16:44:13.18469-04:00,read,key4,1.700,20,false
2026-04-03T16:44:13.186169-04:00,read,key2,0.446,16,false
2026-04-03T16:44:13.184641-04:00,read,key3,1.945,22,false
2026-04-03T16:44:13.185126-04:00,read,key3,1.520,22,false
2026-04-03T16:44:13.186119-04:00,read,key3,0.649,22,false
2026-04-03T16:44:13.186656-04:00,read,key4,0.503,20,false
2026-04-03T16:44:13.186622-04:00,read,key6,0.712,21,false
2026-04-03T16:44:13.186622-04:00,read,key0,0.742,20,true
2026-04-03T16:44:13.186776-04:00,read,key5,0.932,20,false
2026-04-03T16:44:13.187168-04:00,read,key4,0.582,20,false
2026-04-03T16:44:13.187344-04:00,read,key0,0.417,21,false
2026-04-03T16:44:13.187722-04:00,read,key7,0.232,21,false
2026-04-03T16:44:13.187759-04:00,read,key9,0.384,24,false
2026-04-03T16:44:13.187775-04:00,read,key9,0.501,24,false
2026-04-03T16:44:13.187964-04:00,read,key3,0.392,22,false
2026-04-03T16:44:13.187371-04:00,read,key8,1.011,20,false
2026-04-03T16:44:13.18815-04:00,read,key2,0.385,16,false
2026-04-03T16:44:13.188363-04:00,read,key0,0.394,21,false
2026-04-03T16:44:13.188396-04:00,read,key0,0.474,20,true
2026-04-03T16:44:13.188542-04:00,read,key8,0.367,20,false
2026-04-03T16:44:13.188764-04:00,read,key9,0.281,24,false
2026-04-03T16:44:13.188922-04:00,read,key9,0.368,24,false
2026-04-03T16:44:13.188876-04:00,read,key5,0.473,20,false
2026-04-03T16:44:13.189298-04:00,read,key9,0.282,24,false
2026-04-03T16:44:13.189052-04:00,read,key4,0.539,20,false
2026-04-03T16:44:13.189356-04:00,read,key4,0.397,21,false
2026-04-03T16:44:13.189589-04:00,read,key2,0.302,16,false
2026-04-03T16:44:13.189598-04:00,read,key4,0.539,21,false
2026-04-03T16:44:13.189898-04:00,read,key6,0.475,21,false
2026-04-03T16:44:13.190151-04:00,read,key1,0.478,23,true
2026-04-03T16:44:13.190379-04:00,read,key0,0.329,20,true
2026-04-03T16:44:13.190636-04:00,read,key5,0.276,20,false
2026-04-03T16:44:13.190717-04:00,read,key1,0.211,23,true
2026-04-03T16:44:13.190935-04:00,read,key0,0.371,21,false
2026-04-03T16:44:13.190918-04:00,read,key8,0.390,20,false
2026-04-03T16:44:13.191312-04:00,read,key5,0.297,20,false
2026-04-03T16:44:13.191316-04:00,read,key3,0.297,22,false
2026-04-03T16:44:13.191616-04:00,read,key4,0.293,21,false
2026-04-03T16:44:13.19162-04:00,read,key8,0.307,20,false
2026-04-03T16:44:13.191934-04:00,read,key1,0.333,24,false
2026-04-03T16:44:13.191915-04:00,read,key2,0.380,16,false
2026-04-03T16:44:13.192301-04:00,read,key5,0.216,20,false
2026-04-03T16:44:13.192274-04:00,read,key9,0.256,24,false
2026-04-03T16:44:13.192524-04:00,read,key9,0.251,24,false
2026-04-03T16:44:13.192536-04:00,read,key9,0.452,24,false
2026-04-03T16:44:13.192995-04:00,read,key9,0.349,24,false
2026-04-03T16:44:13.193354-04:00,read,key1,0.276,24,false
2026-04-03T16:44:13.193637-04:00,read,key2,0.212,16,false
2026-04-03T16:44:13.193892-04:00,read,key8,0.313,20,false
2026-04-03T16:44:13.194213-04:00,read,key2,0.237,16,false
2026-04-03T16:44:13.194457-04:00,read,key3,0.253,22,false
2026-04-03T16:44:13.194716-04:00,read,key1,0.233,23,true
2026-04-03T16:44:13.194959-04:00,read,key2,0.265,16,false
2026-04-03T16:44:13.195233-04:00,read,key6,0.237,21,false
2026-04-03T16:44:13.195477-04:00,read,key0,0.255,20,true
2026-04-03T16:44:13.195739-04:00,read,key3,0.254,22,false
2026-04-03T16:44:13.196-04:00,read,key2,0.265,16,false
2026-04-03T16:44:13.196271-04:00,read,key3,0.223,22,false
2026-04-03T16:44:13.181242-04:00,write,key6,1226.773,22,false
2026-04-03T16:44:13.18512-04:00,write,key4,1222.895,21,false
2026-04-03T16:44:13.188287-04:00,write,key8,1219.925,22,false
2026-04-03T16:44:13.192789-04:00,write,key6,1215.731,22,false
2026-04-03T16:44:13.173395-04:00,write,key6,1235.170,22,false
2026-04-03T16:44:13.170323-04:00,write,key9,1238.306,25,false
2026-04-03T16:44:13.196504-04:00,write,key1,1212.191,25,false
2026-04-03T16:44:13.189764-04:00,write,key4,1219.147,21,false
2026-04-03T16:44:13.186403-04:00,write,key8,1222.706,21,false
2026-04-03T16:44:13.18292-04:00,write,key5,1227.129,20,false
2026-04-03T16:44:14.410059-04:00,read,key3,2.796,22,false
2026-04-03T16:44:14.409207-04:00,read,key2,3.697,16,false
2026-04-03T16:44:14.408655-04:00,read,key1,4.531,25,false
2026-04-03T16:44:14.408925-04:00,read,key7,4.362,21,false
2026-04-03T16:44:14.408137-04:00,read,key3,5.336,22,false
2026-04-03T16:44:14.408625-04:00,read,key1,5.146,25,false
2026-04-03T16:44:14.408548-04:00,read,key6,5.249,22,false
2026-04-03T16:44:14.408243-04:00,read,key5,6.059,20,false
2026-04-03T16:44:14.413815-04:00,read,key7,2.932,21,false
2026-04-03T16:44:14.413724-04:00,read,key4,3.051,21,false
2026-04-03T16:44:14.413338-04:00,read,key4,3.452,21,false
2026-04-03T16:44:14.414321-04:00,read,key9,3.023,25,false
2026-04-03T16:44:14.412881-04:00,read,key4,4.514,21,false
2026-04-03T16:44:14.408713-04:00,read,key3,8.779,23,false
2026-04-03T16:44:14.412922-04:00,read,key7,4.582,21,false
2026-04-03T16:44:14.41679-04:00,read,key4,2.841,21,false
2026-04-03T16:44:14.417507-04:00,read,key9,2.557,25,false
2026-04-03T16:44:14.413207-04:00,read,key1,6.961,25,false
2026-04-03T16:44:14.417409-04:00,read,key9,3.090,25,false
2026-04-03T16:44:14.416774-04:00,read,key1,3.736,25,false
2026-04-03T16:44:14.417515-04:00,read,key8,3.135,21,true
2026-04-03T16:44:14.420182-04:00,read,key0,2.342,21,false
2026-04-03T16:44:14.420666-04:00,read,key2,1.895,16,false
2026-04-03T16:44:14.419694-04:00,read,key1,2.830,25,false
2026-04-03T16:44:14.420513-04:00,read,key5,2.108,20,false
2026-04-03T16:44:14.420565-04:00,read,key6,3.195,22,false
2026-04-03T16:44:14.420084-04:00,read,key5,3.910,20,false
2026-04-03T16:44:14.423776-04:00,read,key8,1.980,21,true
2026-04-03T16:44:14.422547-04:00,read,key3,3.333,22,false
2026-04-03T16:44:14.424008-04:00,read,key8,1.872,22,false
2026-04-03T16:44:14.4226-04:00,read,key1,3.428,25,false
2026-04-03T16:44:14.425775-04:00,read,key2,1.766,16,false
2026-04-03T16:44:14.422632-04:00,read,key7,4.968,22,false
2026-04-03T16:44:14.425896-04:00,read,key4,1.739,21,false
2026-04-03T16:44:14.425895-04:00,read,key4,1.711,21,false
2026-04-03T16:44:14.427558-04:00,read,key0,0.652,20,true
2026-04-03T16:44:14.427616-04:00,read,key8,0.674,22,false
2026-04-03T16:44:14.427663-04:00,read,key3,0.779,23,false
2026-04-03T16:44:14.427647-04:00,read,key7,0.992,21,false
2026-04-03T16:44:14.428302-04:00,read,key5,0.589,20,false
2026-04-03T16:44:14.428452-04:00,read,key6,0.453,22,false
2026-04-03T16:44:14.42604-04:00,read,key6,2.869,22,false
2026-04-03T16:44:14.428224-04:00,read,key2,0.703,17,false
2026-04-03T16:44:14.428647-04:00,read,key5,0.716,20,false
2026-04-03T16:44:14.428918-04:00,read,key0,0.656,20,true
2026-04-03T16:44:14.428935-04:00,read,key6,0.644,22,false
2026-04-03T16:44:14.428914-04:00,read,key1,0.670,25,false
2026-04-03T16:44:14.429372-04:00,read,key5,0.433,20,false
2026-04-03T16:44:14.429592-04:00,read,key4,0.507,21,false
2026-04-03T16:44:14.429582-04:00,read,key2,0.530,17,false
2026-04-03T16:44:14.429813-04:00,read,key4,0.453,21,false
2026-04-03T16:44:14.429586-04:00,read,key8,0.744,22,false
2026-04-03T16:44:14.430121-04:00,read,key7,0.432,22,false
2026-04-03T16:44:14.430275-04:00,read,key0,0.494,21,false
2026-04-03T16:44:14.430107-04:00,read,key8,0.680,22,false
2026-04-03T16:44:14.430337-04:00,read,key1,0.464,25,false
2026-04-03T16:44:14.430561-04:00,read,key1,0.565,25,false
2026-04-03T16:44:14.430776-04:00,read,key4,0.398,21,false
2026-04-03T16:44:14.430798-04:00,read,key4,0.498,21,false
2026-04-03T16:44:14.430808-04:00,read,key5,0.693,20,false
2026-04-03T16:44:14.431156-04:00,read,key9,0.451,25,false
2026-04-03T16:44:14.431303-04:00,read,key5,0.466,20,false
2026-04-03T16:44:14.431183-04:00,read,key8,0.829,22,false
2026-04-03T16:44:14.431509-04:00,read,key7,0.502,21,false
2026-04-03T16:44:14.431777-04:00,read,key9,0.709,25,false
2026-04-03T16:44:14.431615-04:00,read,key3,0.867,24,false
2026-04-03T16:44:14.432032-04:00,read,key0,0.450,21,false
2026-04-03T16:44:14.432035-04:00,read,key4,0.667,21,false
2026-04-03T16:44:14.432494-04:00,read,key7,0.449,21,false
2026-04-03T16:44:14.432505-04:00,read,key8,0.450,22,false
2026-04-03T16:44:14.432514-04:00,read,key9,0.486,25,false
2026-04-03T16:44:14.432709-04:00,read,key5,0.513,20,false
2026-04-03T16:44:14.432951-04:00,read,key3,0.483,22,false
2026-04-03T16:44:14.433233-04:00,read,key8,0.438,21,true
2026-04-03T16:44:14.433007-04:00,read,key7,0.723,21,false
2026-04-03T16:44:14.433679-04:00,read,key2,0.371,16,false
2026-04-03T16:44:14.433739-04:00,read,key7,0.336,21,false
2026-04-03T16:44:14.434082-04:00,read,key1,0.384,25,false
2026-04-03T16:44:14.434057-04:00,read,key3,0.431,22,false
2026-04-03T16:44:14.434473-04:00,read,key8,0.369,22,false
2026-04-03T16:44:14.434495-04:00,read,key9,0.353,25,false
2026-04-03T16:44:14.43485-04:00,read,key3,0.399,22,false
2026-04-03T16:44:14.434855-04:00,read,key1,0.419,25,false
2026-04-03T16:44:14.435256-04:00,read,key5,0.287,20,false
2026-04-03T16:44:14.43555-04:00,read,key4,0.259,21,false
2026-04-03T16:44:14.435815-04:00,read,key8,0.391,22,false
2026-04-03T16:44:14.436213-04:00,read,key5,0.276,20,false
2026-04-03T16:44:14.436497-04:00,read,key8,0.219,21,true
2026-04-03T16:44:14.436722-04:00,read,key9,0.290,25,false
2026-04-03T16:44:14.437018-04:00,read,key3,0.266,24,false
2026-04-03T16:44:14.437291-04:00,read,key7,0.263,22,false
2026-04-03T16:44:14.43756-04:00,read,key4,0.286,21,false
2026-04-03T16:44:14.437863-04:00,read,key2,0.361,17,false
2026-04-03T16:44:14.438231-04:00,read,key4,0.262,21,false
2026-04-03T16:44:14.4385-04:00,read,key4,0.279,21,false
2026-04-03T16:44:14.438784-04:00,read,key2,0.291,17,false
2026-04-03T16:44:14.439092-04:00,read,key2,0.290,16,false
2026-04-03T16:44:14.439391-04:00,read,key5,0.242,20,false
2026-04-03T16:44:14.439639-04:00,read,key5,0.262,20,false
2026-04-03T16:44:14.439917-04:00,read,key9,0.355,25,false
2026-04-03T16:44:14.408199-04:00,write,key3,1242.769,23,false
2026-04-03T16:44:14.413799-04:00,write,key3,1237.379,23,false
2026-04-03T16:44:14.422592-04:00,write,key2,1229.043,17,false
2026-04-03T16:44:14.42891-04:00,write,key3,1222.830,24,false
2026-04-03T16:44:14.416881-04:00,write,key7,1234.887,22,false
2026-04-03T16:44:14.41737-04:00,write,key2,1236.127,17,false
2026-04-03T16:44:14.433447-04:00,write,key2,1220.102,17,false
2026-04-03T16:44:14.432973-04:00,write,key4,1220.631,22,false
2026-04-03T16:44:14.435285-04:00,write,key9,1218.337,26,false
2026-04-03T16:44:15.651768-04:00,read,key9,3.836,26,false
2026-04-03T16:44:15.651658-04:00,read,key2,4.002,17,false
2026-04-03T16:44:15.651208-04:00,read,key4,2.700,22,false
2026-04-03T16:44:15.653514-04:00,read,key1,2.485,25,false
2026-04-03T16:44:15.653566-04:00,read,key4,2.393,22,false
2026-04-03T16:44:15.65351-04:00,read,key4,2.516,22,false
2026-04-03T16:44:15.655695-04:00,read,key0,2.055,21,false
2026-04-03T16:44:15.651054-04:00,read,key7,2.865,23,false
2026-04-03T16:44:15.653629-04:00,read,key6,4.746,22,false
2026-04-03T16:44:15.653625-04:00,read,key4,2.376,22,false
2026-04-03T16:44:14.440282-04:00,write,key7,1218.386,23,false
2026-04-03T16:44:15.65694-04:00,read,key0,4.604,21,false
2026-04-03T16:44:15.656838-04:00,read,key7,4.740,23,false
2026-04-03T16:44:15.658676-04:00,read,key3,2.923,23,true
2026-04-03T16:44:15.656901-04:00,read,key6,4.719,22,false
2026-04-03T16:44:15.656798-04:00,read,key9,4.856,26,false
2026-04-03T16:44:15.656353-04:00,read,key1,5.331,25,false
2026-04-03T16:44:15.657768-04:00,read,key1,3.916,25,false
2026-04-03T16:44:15.658139-04:00,read,key5,3.592,20,false
2026-04-03T16:44:15.658399-04:00,read,key1,3.555,25,false
2026-04-03T16:44:15.658738-04:00,read,key6,4.611,22,false
2026-04-03T16:44:15.661665-04:00,read,key5,1.729,20,false
2026-04-03T16:44:15.661725-04:00,read,key7,1.737,23,false
2026-04-03T16:44:15.661698-04:00,read,key1,2.126,25,false
2026-04-03T16:44:15.663364-04:00,read,key7,2.908,23,false
2026-04-03T16:44:15.663418-04:00,read,key0,2.873,20,true
2026-04-03T16:44:15.661595-04:00,read,key4,4.649,22,false
2026-04-03T16:44:15.663474-04:00,read,key6,4.201,22,false
2026-04-03T16:44:15.667572-04:00,read,key3,2.279,24,false
2026-04-03T16:44:15.666291-04:00,read,key4,4.598,22,false
2026-04-03T16:44:15.66399-04:00,read,key4,7.927,22,false
2026-04-03T16:44:15.661584-04:00,read,key8,10.527,22,false
2026-04-03T16:44:15.666339-04:00,read,key2,5.850,17,false
2026-04-03T16:44:15.670044-04:00,read,key7,2.389,23,false
2026-04-03T16:44:15.661992-04:00,read,key8,11.329,22,false
2026-04-03T16:44:15.661637-04:00,read,key2,11.684,17,false
2026-04-03T16:44:15.672043-04:00,read,key9,1.302,26,false
2026-04-03T16:44:15.672446-04:00,read,key8,0.936,22,false
2026-04-03T16:44:15.66769-04:00,read,key1,5.706,25,false
2026-04-03T16:44:15.672203-04:00,read,key5,1.197,20,false
2026-04-03T16:44:15.670903-04:00,read,key2,2.516,17,false
2026-04-03T16:44:15.673429-04:00,read,key5,1.091,20,false
2026-04-03T16:44:15.673343-04:00,read,key8,1.179,23,false
2026-04-03T16:44:15.673407-04:00,read,key7,1.122,23,false
2026-04-03T16:44:15.673438-04:00,read,key4,1.106,22,false
2026-04-03T16:44:15.673368-04:00,read,key1,1.192,25,false
2026-04-03T16:44:15.673404-04:00,read,key3,1.151,23,true
2026-04-03T16:44:15.674553-04:00,read,key2,0.676,17,false
2026-04-03T16:44:15.674569-04:00,read,key7,0.665,23,false
2026-04-03T16:44:15.674541-04:00,read,key4,0.702,22,false
2026-04-03T16:44:15.674541-04:00,read,key9,0.693,27,false
2026-04-03T16:44:15.673389-04:00,read,key2,1.846,17,false
2026-04-03T16:44:15.675237-04:00,read,key6,0.679,22,false
2026-04-03T16:44:15.675319-04:00,read,key0,0.604,20,true
2026-04-03T16:44:15.674571-04:00,read,key9,1.526,26,false
2026-04-03T16:44:15.675294-04:00,read,key4,0.813,22,false
2026-04-03T16:44:15.675277-04:00,read,key8,1.063,22,false
2026-04-03T16:44:15.675924-04:00,read,key6,0.500,22,false
2026-04-03T16:44:15.675945-04:00,read,key2,0.722,17,false
2026-04-03T16:44:15.676119-04:00,read,key4,0.729,22,false
2026-04-03T16:44:15.676113-04:00,read,key0,0.731,21,false
2026-04-03T16:44:15.676355-04:00,read,key3,0.506,23,true
2026-04-03T16:44:15.676431-04:00,read,key9,0.798,27,false
2026-04-03T16:44:15.676854-04:00,read,key8,0.540,22,false
2026-04-03T16:44:15.67687-04:00,read,key3,0.564,23,true
2026-04-03T16:44:15.676767-04:00,read,key8,0.677,22,false
2026-04-03T16:44:15.677242-04:00,read,key5,0.464,20,false
2026-04-03T16:44:15.677442-04:00,read,key0,0.642,21,false
2026-04-03T16:44:15.677404-04:00,read,key4,0.694,22,false
2026-04-03T16:44:15.677716-04:00,read,key5,0.854,20,false
2026-04-03T16:44:15.678111-04:00,read,key4,0.453,22,false
2026-04-03T16:44:15.67809-04:00,read,key3,0.720,23,true
2026-04-03T16:44:15.677458-04:00,read,key8,1.485,22,false
2026-04-03T16:44:15.678591-04:00,read,key9,0.689,27,false
2026-04-03T16:44:15.678591-04:00,read,key5,0.755,20,false
2026-04-03T16:44:15.678818-04:00,read,key9,0.525,26,false
2026-04-03T16:44:15.679004-04:00,read,key4,0.378,22,false
2026-04-03T16:44:15.679355-04:00,read,key5,0.502,20,false
2026-04-03T16:44:15.6794-04:00,read,key1,0.447,25,false
2026-04-03T16:44:15.679292-04:00,read,key5,0.576,20,false
2026-04-03T16:44:15.67937-04:00,read,key0,0.487,21,false
2026-04-03T16:44:15.679876-04:00,read,key6,0.581,22,false
2026-04-03T16:44:15.679877-04:00,read,key3,0.583,24,false
2026-04-03T16:44:15.679877-04:00,read,key5,0.599,20,false
2026-04-03T16:44:15.679888-04:00,read,key6,0.606,22,false
2026-04-03T16:44:15.680487-04:00,read,key9,0.411,26,false
2026-04-03T16:44:15.680463-04:00,read,key5,0.462,20,false
2026-04-03T16:44:15.680466-04:00,read,key9,0.650,26,false
2026-04-03T16:44:15.680912-04:00,read,key8,0.543,22,false
2026-04-03T16:44:15.680933-04:00,read,key5,0.531,20,false
2026-04-03T16:44:15.681516-04:00,read,key6,0.428,22,false
2026-04-03T16:44:15.68195-04:00,read,key6,0.426,22,false
2026-04-03T16:44:15.682383-04:00,read,key7,0.307,23,false
2026-04-03T16:44:15.682696-04:00,read,key3,0.262,23,true
2026-04-03T16:44:15.682964-04:00,read,key6,0.363,23,false
2026-04-03T16:44:15.661632-04:00,write,key8,1232.502,23,false
2026-04-03T16:44:15.672138-04:00,write,key9,1222.114,27,false
2026-04-03T16:44:15.66175-04:00,write,key3,1232.463,24,false
2026-04-03T16:44:15.68334-04:00,write,key9,1211.055,28,false
2026-04-03T16:44:15.674597-04:00,write,key0,1220.262,22,false
2026-04-03T16:44:15.676867-04:00,write,key0,1218.131,21,false
2026-04-03T16:44:15.675341-04:00,write,key5,1219.962,21,false
2026-04-03T16:44:15.681143-04:00,write,key4,1215.955,23,false
2026-04-03T16:44:15.680515-04:00,write,key6,1218.620,23,false
2026-04-03T16:44:16.894284-04:00,read,key8,5.160,23,false
2026-04-03T16:44:15.681488-04:00,write,key4,1218.257,23,false
2026-04-03T16:44:16.89442-04:00,read,key2,5.615,17,false
2026-04-03T16:44:16.894931-04:00,read,key4,5.148,23,false
2026-04-03T16:44:16.894238-04:00,read,key2,5.995,17,false
2026-04-03T16:44:16.895329-04:00,read,key5,5.002,21,false
2026-04-03T16:44:16.894296-04:00,read,key0,6.442,21,true
2026-04-03T16:44:16.897126-04:00,read,key6,4.183,23,false
2026-04-03T16:44:16.899511-04:00,read,key4,3.170,23,false
2026-04-03T16:44:16.895017-04:00,read,key4,18.197,23,false
2026-04-03T16:44:16.900094-04:00,read,key8,13.109,23,false
2026-04-03T16:44:16.900052-04:00,read,key3,13.186,24,false
2026-04-03T16:44:16.900345-04:00,read,key2,12.981,17,false
2026-04-03T16:44:16.899762-04:00,read,key9,13.571,28,false
2026-04-03T16:44:16.900753-04:00,read,key3,12.446,24,false
2026-04-03T16:44:16.900249-04:00,read,key4,14.897,23,false
2026-04-03T16:44:16.913366-04:00,read,key5,2.026,21,false
2026-04-03T16:44:16.901328-04:00,read,key6,14.137,23,false
2026-04-03T16:44:16.913275-04:00,read,key0,2.238,22,false
2026-04-03T16:44:16.913254-04:00,read,key2,2.644,17,false
2026-04-03T16:44:16.915404-04:00,read,key4,0.592,23,false
2026-04-03T16:44:16.915523-04:00,read,key5,0.802,22,false
2026-04-03T16:44:16.91548-04:00,read,key0,0.851,22,false
2026-04-03T16:44:16.91591-04:00,read,key9,0.640,29,false
2026-04-03T16:44:16.902697-04:00,read,key4,13.879,23,false
2026-04-03T16:44:16.916005-04:00,read,key1,0.786,25,false
2026-04-03T16:44:16.916333-04:00,read,key5,0.469,21,false
2026-04-03T16:44:16.913229-04:00,read,key3,3.675,24,false
2026-04-03T16:44:16.913337-04:00,read,key2,3.660,17,false
2026-04-03T16:44:16.91341-04:00,read,key6,3.620,23,false
2026-04-03T16:44:16.91681-04:00,read,key5,0.570,21,false
2026-04-03T16:44:16.9168-04:00,read,key5,0.678,22,false
2026-04-03T16:44:16.916559-04:00,read,key1,0.917,25,false
2026-04-03T16:44:16.917011-04:00,read,key4,0.838,23,false
2026-04-03T16:44:16.916919-04:00,read,key4,0.920,23,false
2026-04-03T16:44:16.91635-04:00,read,key3,1.490,24,false
2026-04-03T16:44:16.91739-04:00,read,key6,0.598,23,false
2026-04-03T16:44:16.917485-04:00,read,key9,0.519,28,false
2026-04-03T16:44:16.916587-04:00,read,key8,1.436,23,false
2026-04-03T16:44:16.917488-04:00,read,key7,0.724,23,false
2026-04-03T16:44:16.917047-04:00,read,key0,1.362,21,true
2026-04-03T16:44:16.917879-04:00,read,key0,0.692,21,true
2026-04-03T16:44:16.917996-04:00,read,key8,0.596,23,false
2026-04-03T16:44:16.918034-04:00,read,key2,0.583,17,false
2026-04-03T16:44:16.918219-04:00,read,key4,0.418,23,false
2026-04-03T16:44:16.917856-04:00,read,key8,0.779,23,false
2026-04-03T16:44:16.91858-04:00,read,key0,0.242,21,true
2026-04-03T16:44:16.918623-04:00,read,key3,0.316,24,false
2026-04-03T16:44:16.918664-04:00,read,key4,0.679,23,false
2026-04-03T16:44:16.918418-04:00,read,key7,0.938,23,false
2026-04-03T16:44:16.918947-04:00,read,key1,0.561,25,false
2026-04-03T16:44:16.91883-04:00,read,key7,0.969,23,false
2026-04-03T16:44:16.919353-04:00,read,key6,0.534,23,false
2026-04-03T16:44:16.919515-04:00,read,key3,0.512,24,false
2026-04-03T16:44:16.919362-04:00,read,key8,0.893,23,false
2026-04-03T16:44:16.919895-04:00,read,key8,0.449,23,false
2026-04-03T16:44:16.920351-04:00,read,key9,0.362,28,false
2026-04-03T16:44:16.920265-04:00,read,key7,0.460,23,false
2026-04-03T16:44:16.920033-04:00,read,key1,0.725,26,false
2026-04-03T16:44:16.920732-04:00,read,key4,0.225,23,false
2026-04-03T16:44:16.92072-04:00,read,key3,0.242,24,false
2026-04-03T16:44:16.920765-04:00,read,key7,0.224,23,false
2026-04-03T16:44:16.920995-04:00,read,key8,0.230,23,false
2026-04-03T16:44:16.920975-04:00,read,key5,0.253,21,false
2026-04-03T16:44:16.920963-04:00,read,key8,0.333,23,false
2026-04-03T16:44:16.921232-04:00,read,key9,0.256,28,false
2026-04-03T16:44:16.921301-04:00,read,key6,0.278,23,false
2026-04-03T16:44:16.921235-04:00,read,key3,0.343,24,false
2026-04-03T16:44:16.921495-04:00,read,key1,0.239,25,false
2026-04-03T16:44:16.921585-04:00,read,key6,0.224,23,false
2026-04-03T16:44:16.921585-04:00,read,key7,0.253,23,false
2026-04-03T16:44:16.92174-04:00,read,key2,0.318,17,false
2026-04-03T16:44:16.921857-04:00,read,key7,0.421,23,false
2026-04-03T16:44:16.922064-04:00,read,key1,0.355,25,false
2026-04-03T16:44:16.922285-04:00,read,key3,0.253,24,false
2026-04-03T16:44:16.922426-04:00,read,key4,0.223,23,false
2026-04-03T16:44:16.922544-04:00,read,key7,0.183,23,false
2026-04-03T16:44:16.922655-04:00,read,key3,0.222,24,false
2026-04-03T16:44:16.922734-04:00,read,key4,0.186,23,false
2026-04-03T16:44:16.922883-04:00,read,key3,0.273,24,false
2026-04-03T16:44:16.922926-04:00,read,key9,0.295,28,false
2026-04-03T16:44:16.923163-04:00,read,key2,0.221,17,false
2026-04-03T16:44:16.923227-04:00,read,key7,0.169,23,false
2026-04-03T16:44:16.92339-04:00,read,key5,0.212,23,false
2026-04-03T16:44:16.923405-04:00,read,key0,0.200,21,true
2026-04-03T16:44:16.923612-04:00,read,key1,0.218,25,false
2026-04-03T16:44:16.923609-04:00,read,key9,0.234,29,false
2026-04-03T16:44:16.923849-04:00,read,key2,0.227,17,false
2026-04-03T16:44:16.923836-04:00,read,key5,0.244,21,false
2026-04-03T16:44:16.924086-04:00,read,key7,0.225,23,false
2026-04-03T16:44:16.924087-04:00,read,key2,0.225,17,false
2026-04-03T16:44:16.924318-04:00,read,key2,0.213,17,false
2026-04-03T16:44:16.924317-04:00,read,key4,0.227,23,false
2026-04-03T16:44:16.924539-04:00,read,key8,0.215,23,false
2026-04-03T16:44:16.924551-04:00,read,key8,0.208,23,false
2026-04-03T16:44:16.924765-04:00,read,key7,0.189,23,false
2026-04-03T16:44:16.924961-04:00,read,key4,0.316,23,false
2026-04-03T16:44:16.924763-04:00,read,key5,0.546,21,false
2026-04-03T16:44:16.925285-04:00,read,key7,0.223,23,false
2026-04-03T16:44:16.925315-04:00,read,key0,0.245,21,true
2026-04-03T16:44:16.925514-04:00,read,key3,0.226,24,false
2026-04-03T16:44:16.925568-04:00,read,key1,0.190,25,false
2026-04-03T16:44:16.925765-04:00,read,key1,0.179,26,false
2026-04-03T16:44:16.925746-04:00,read,key0,0.229,22,false
2026-04-03T16:44:16.925981-04:00,read,key7,0.262,23,false
2026-04-03T16:44:16.925952-04:00,read,key5,0.312,23,false
2026-04-03T16:44:16.926253-04:00,read,key9,0.211,28,false
2026-04-03T16:44:16.92647-04:00,read,key5,0.196,21,false
2026-04-03T16:44:16.926673-04:00,read,key2,0.210,17,false
2026-04-03T16:44:16.92689-04:00,read,key1,0.210,25,false
2026-04-03T16:44:16.927106-04:00,read,key8,0.207,23,false
2026-04-03T16:44:16.92732-04:00,read,key3,0.207,24,false
2026-04-03T16:44:16.918604-04:00,write,key4,1227.579,24,false
2026-04-03T16:44:16.915178-04:00,write,key5,1232.028,22,false
2026-04-03T16:44:16.919811-04:00,write,key4,1227.310,25,false
2026-04-03T16:44:16.918025-04:00,write,key5,1229.381,23,false
2026-04-03T16:44:16.899212-04:00,write,key9,1250.729,29,false
2026-04-03T16:44:16.927535-04:00,write,key3,1220.172,25,false
2026-04-03T16:44:16.92182-04:00,write,key0,1229.073,22,false
2026-04-03T16:44:16.926285-04:00,write,key2,1220.900,18,false
2026-04-03T16:44:16.918652-04:00,write,key1,1232.262,26,false
2026-04-03T16:44:18.147642-04:00,read,key1,3.304,26,false
2026-04-03T16:44:18.147312-04:00,read,key5,5.319,23,false
2026-04-03T16:44:18.147227-04:00,read,key1,5.500,26,false
2026-04-03T16:44:18.146266-04:00,read,key4,6.539,25,false
2026-04-03T16:44:18.150902-04:00,read,key7,1.888,23,false
2026-04-03T16:44:18.152656-04:00,read,key3,1.492,25,false
2026-04-03T16:44:18.150663-04:00,read,key3,3.601,25,false
2026-04-03T16:44:18.150845-04:00,read,key4,3.584,25,false
2026-04-03T16:44:18.152741-04:00,read,key9,1.800,29,false
2026-04-03T16:44:18.151276-04:00,read,key7,3.301,23,false
2026-04-03T16:44:18.151184-04:00,read,key6,4.640,23,false
2026-04-03T16:44:18.154592-04:00,read,key6,1.933,23,false
2026-04-03T16:44:18.154553-04:00,read,key9,2.114,29,false
2026-04-03T16:44:18.151266-04:00,read,key5,5.430,22,true
2026-04-03T16:44:18.154445-04:00,read,key4,3.475,24,true
2026-04-03T16:44:18.154188-04:00,read,key0,3.729,22,false
2026-04-03T16:44:18.15282-04:00,read,key4,5.415,25,false
2026-04-03T16:44:18.156679-04:00,read,key7,1.642,23,false
2026-04-03T16:44:18.155918-04:00,read,key3,2.636,25,false
2026-04-03T16:44:18.152953-04:00,read,key9,3.869,29,false
2026-04-03T16:44:18.158252-04:00,read,key0,2.153,22,false
2026-04-03T16:44:18.158333-04:00,read,key4,2.227,25,false
2026-04-03T16:44:18.1566-04:00,read,key6,3.951,23,false
2026-04-03T16:44:16.917864-04:00,write,key9,1233.029,29,false
2026-04-03T16:44:18.158213-04:00,read,key8,2.548,23,false
2026-04-03T16:44:18.157935-04:00,read,key2,2.950,18,false
2026-04-03T16:44:18.160422-04:00,read,key9,0.582,29,false
2026-04-03T16:44:18.158571-04:00,read,key8,2.981,23,false
2026-04-03T16:44:18.16057-04:00,read,key6,1.003,24,false
2026-04-03T16:44:18.161017-04:00,read,key2,0.547,18,false
2026-04-03T16:44:18.160594-04:00,read,key8,0.984,23,false
2026-04-03T16:44:18.160576-04:00,read,key9,1.205,29,false
2026-04-03T16:44:18.15929-04:00,read,key0,2.524,22,false
2026-04-03T16:44:18.161821-04:00,read,key1,0.426,26,false
2026-04-03T16:44:18.161643-04:00,read,key1,0.610,26,false
2026-04-03T16:44:18.161786-04:00,read,key2,0.462,18,false
2026-04-03T16:44:18.160769-04:00,read,key8,1.504,23,false
2026-04-03T16:44:18.161569-04:00,read,key2,0.701,18,false
2026-04-03T16:44:18.161648-04:00,read,key9,0.623,29,false
2026-04-03T16:44:18.161578-04:00,read,key4,1.437,25,false
2026-04-03T16:44:18.162279-04:00,read,key7,0.752,23,false
2026-04-03T16:44:18.162259-04:00,read,key7,0.783,23,false
2026-04-03T16:44:18.162307-04:00,read,key5,0.753,22,true
2026-04-03T16:44:18.160891-04:00,read,key5,2.158,23,false
2026-04-03T16:44:18.162293-04:00,read,key7,0.883,23,false
2026-04-03T16:44:18.162338-04:00,read,key0,0.881,22,false
2026-04-03T16:44:18.163098-04:00,read,key9,0.348,29,false
2026-04-03T16:44:18.163022-04:00,read,key6,0.446,23,false
2026-04-03T16:44:18.163035-04:00,read,key4,0.433,24,true
2026-04-03T16:44:18.163225-04:00,read,key4,0.539,25,false
2026-04-03T16:44:18.163229-04:00,read,key3,0.590,25,false
2026-04-03T16:44:18.163225-04:00,read,key3,0.680,27,false
2026-04-03T16:44:18.163481-04:00,read,key2,0.464,18,false
2026-04-03T16:44:18.163452-04:00,read,key3,0.488,25,false
2026-04-03T16:44:18.163497-04:00,read,key3,0.666,25,false
2026-04-03T16:44:18.163777-04:00,read,key3,0.588,25,false
2026-04-03T16:44:18.163915-04:00,read,key1,0.495,26,false
2026-04-03T16:44:18.163893-04:00,read,key5,0.550,23,false
2026-04-03T16:44:18.163967-04:00,read,key3,0.588,25,false
2026-04-03T16:44:18.164374-04:00,read,key1,0.551,26,false
2026-04-03T16:44:18.16424-04:00,read,key3,0.726,27,false
2026-04-03T16:44:18.164561-04:00,read,key4,0.430,25,false
2026-04-03T16:44:18.163952-04:00,read,key8,0.962,23,false
2026-04-03T16:44:18.164452-04:00,read,key3,0.594,25,false
2026-04-03T16:44:18.164417-04:00,read,key5,0.640,23,false
2026-04-03T16:44:18.164936-04:00,read,key2,0.396,18,false
2026-04-03T16:44:18.164997-04:00,read,key8,0.635,23,false
2026-04-03T16:44:18.165047-04:00,read,key1,0.719,26,false
2026-04-03T16:44:18.164973-04:00,read,key1,0.794,26,false
2026-04-03T16:44:18.165644-04:00,read,key9,0.518,29,false
2026-04-03T16:44:18.165067-04:00,read,key1,1.125,26,false
2026-04-03T16:44:18.165342-04:00,read,key0,0.931,22,false
2026-04-03T16:44:18.166168-04:00,read,key7,0.405,23,false
2026-04-03T16:44:18.166197-04:00,read,key2,0.383,19,false
2026-04-03T16:44:18.165833-04:00,read,key4,0.767,25,false
2026-04-03T16:44:18.166283-04:00,read,key9,0.520,29,false
2026-04-03T16:44:18.165775-04:00,read,key0,1.043,22,false
2026-04-03T16:44:18.166579-04:00,read,key4,0.562,24,true
2026-04-03T16:44:18.166597-04:00,read,key4,0.586,24,true
2026-04-03T16:44:18.166833-04:00,read,key1,0.448,26,false
2026-04-03T16:44:18.167146-04:00,read,key7,0.420,23,false
2026-04-03T16:44:18.167198-04:00,read,key5,0.422,22,true
2026-04-03T16:44:18.166809-04:00,read,key9,0.812,29,false
2026-04-03T16:44:18.167286-04:00,read,key8,0.497,23,false
2026-04-03T16:44:18.167627-04:00,read,key5,0.508,22,true
2026-04-03T16:44:18.167609-04:00,read,key6,0.552,24,false
2026-04-03T16:44:18.167625-04:00,read,key6,0.588,24,false
2026-04-03T16:44:18.167787-04:00,read,key6,0.459,23,false
2026-04-03T16:44:18.168177-04:00,read,key2,0.370,18,false
2026-04-03T16:44:18.16825-04:00,read,key2,0.367,18,false
2026-04-03T16:44:18.168241-04:00,read,key4,0.477,24,true
2026-04-03T16:44:18.168552-04:00,read,key5,0.420,23,false
2026-04-03T16:44:18.168722-04:00,read,key1,0.409,26,false
2026-04-03T16:44:18.169137-04:00,read,key0,0.346,22,false
2026-04-03T16:44:18.169488-04:00,read,key7,0.251,23,false
2026-04-03T16:44:18.169743-04:00,read,key5,0.241,23,false
2026-04-03T16:44:18.170032-04:00,read,key3,0.265,27,false
2026-04-03T16:44:18.170301-04:00,read,key9,0.223,30,false
2026-04-03T16:44:18.17053-04:00,read,key5,0.176,23,false
2026-04-03T16:44:18.17071-04:00,read,key4,0.163,25,false
2026-04-03T16:44:18.170878-04:00,read,key1,0.248,26,false
2026-04-03T16:44:18.171131-04:00,read,key9,0.220,30,false
2026-04-03T16:44:18.171355-04:00,read,key0,0.212,22,false
2026-04-03T16:44:18.171571-04:00,read,key5,0.172,22,true
2026-04-03T16:44:18.168143-04:00,write,key6,1222.798,24,false
2026-04-03T16:44:18.165064-04:00,write,key2,1226.160,19,false
2026-04-03T16:44:18.168623-04:00,write,key9,1222.794,30,false
2026-04-03T16:44:18.166628-04:00,write,key2,1224.388,20,false
2026-04-03T16:44:18.163052-04:00,write,key7,1228.533,24,false
2026-04-03T16:44:18.16226-04:00,write,key3,1229.745,27,false
2026-04-03T16:44:18.156719-04:00,write,key6,1235.451,24,false
2026-04-03T16:44:18.169003-04:00,write,key6,1223.217,25,false
2026-04-03T16:44:18.171749-04:00,write,key1,1220.516,27,false
2026-04-03T16:44:18.154296-04:00,write,key3,1237.981,26,false
2026-04-03T16:44:19.391303-04:00,read,key0,3.718,22,false
2026-04-03T16:44:19.391467-04:00,read,key7,4.871,24,false
2026-04-03T16:44:19.391602-04:00,read,key2,4.811,19,true
2026-04-03T16:44:19.392393-04:00,read,key5,5.168,23,false
2026-04-03T16:44:19.392032-04:00,read,key1,5.544,27,false
2026-04-03T16:44:19.391502-04:00,read,key9,6.236,30,false
2026-04-03T16:44:19.391017-04:00,read,key2,6.894,19,true
2026-04-03T16:44:19.3923-04:00,read,key5,5.648,23,false
2026-04-03T16:44:19.395046-04:00,read,key1,3.839,27,false
2026-04-03T16:44:19.392385-04:00,read,key2,7.355,20,false
2026-04-03T16:44:19.396429-04:00,read,key2,3.993,19,true
2026-04-03T16:44:19.392188-04:00,read,key3,10.127,27,false
2026-04-03T16:44:19.397657-04:00,read,key9,5.200,30,false
2026-04-03T16:44:19.397578-04:00,read,key4,5.488,24,true
2026-04-03T16:44:19.397963-04:00,read,key3,5.137,27,false
2026-04-03T16:44:19.398909-04:00,read,key4,4.200,25,false
2026-04-03T16:44:19.397927-04:00,read,key6,5.615,25,false
2026-04-03T16:44:19.397759-04:00,read,key1,6.870,27,false
2026-04-03T16:44:19.399757-04:00,read,key7,4.915,24,false
2026-04-03T16:44:19.400439-04:00,read,key6,4.876,24,true
2026-04-03T16:44:19.403122-04:00,read,key0,4.596,22,false
2026-04-03T16:44:19.402884-04:00,read,key3,4.977,27,false
2026-04-03T16:44:19.403113-04:00,read,key7,4.729,24,false
2026-04-03T16:44:19.403082-04:00,read,key2,5.207,19,true
2026-04-03T16:44:19.404643-04:00,read,key4,3.831,25,false
2026-04-03T16:44:19.404686-04:00,read,key9,3.790,30,false
2026-04-03T16:44:19.402411-04:00,read,key0,6.883,22,false
2026-04-03T16:44:19.407742-04:00,read,key8,1.708,23,false
2026-04-03T16:44:19.408487-04:00,read,key0,0.987,22,false
2026-04-03T16:44:19.407874-04:00,read,key2,1.608,20,false
2026-04-03T16:44:19.403557-04:00,read,key0,5.934,22,false
2026-04-03T16:44:19.407904-04:00,read,key9,1.605,30,false
2026-04-03T16:44:19.408522-04:00,read,key9,1.000,30,false
2026-04-03T16:44:19.408302-04:00,read,key9,1.248,30,false
2026-04-03T16:44:19.405329-04:00,read,key1,4.236,27,false
2026-04-03T16:44:19.409313-04:00,read,key0,0.591,22,false
2026-04-03T16:44:19.409458-04:00,read,key2,0.791,19,true
2026-04-03T16:44:19.409491-04:00,read,key9,0.758,30,false
2026-04-03T16:44:19.409563-04:00,read,key0,0.703,22,false
2026-04-03T16:44:19.409573-04:00,read,key3,0.913,27,false
2026-04-03T16:44:19.409529-04:00,read,key1,1.038,27,false
2026-04-03T16:44:19.409482-04:00,read,key9,1.113,30,false
2026-04-03T16:44:19.409507-04:00,read,key8,1.110,23,false
2026-04-03T16:44:19.409914-04:00,read,key5,0.955,22,true
2026-04-03T16:44:19.410271-04:00,read,key7,0.843,24,false
2026-04-03T16:44:19.410605-04:00,read,key2,0.697,20,false
2026-04-03T16:44:19.410497-04:00,read,key1,0.976,27,false
2026-04-03T16:44:19.410881-04:00,read,key7,0.833,24,false
2026-04-03T16:44:19.410623-04:00,read,key4,1.092,25,false
2026-04-03T16:44:19.411487-04:00,read,key3,0.762,27,false
2026-04-03T16:44:19.409524-04:00,read,key3,2.726,27,false
2026-04-03T16:44:19.410271-04:00,read,key1,2.037,27,false
2026-04-03T16:44:19.411125-04:00,read,key0,1.358,22,false
2026-04-03T16:44:19.411754-04:00,read,key1,0.805,27,false
2026-04-03T16:44:19.412263-04:00,read,key5,0.509,22,true
2026-04-03T16:44:19.412316-04:00,read,key5,0.622,23,false
2026-04-03T16:44:19.41249-04:00,read,key1,0.659,27,false
2026-04-03T16:44:19.412266-04:00,read,key1,1.073,28,false
2026-04-03T16:44:19.41174-04:00,read,key3,1.602,27,false
2026-04-03T16:44:19.412577-04:00,read,key3,1.032,27,false
2026-04-03T16:44:19.412947-04:00,read,key8,0.676,23,false
2026-04-03T16:44:19.413159-04:00,read,key2,0.587,19,true
2026-04-03T16:44:19.413357-04:00,read,key3,0.569,27,false
2026-04-03T16:44:19.413632-04:00,read,key7,0.547,24,false
2026-04-03T16:44:19.41279-04:00,read,key9,1.416,30,false
2026-04-03T16:44:19.413618-04:00,read,key5,0.793,23,false
2026-04-03T16:44:19.413933-04:00,read,key9,0.794,30,false
2026-04-03T16:44:19.413775-04:00,read,key5,0.971,22,true
2026-04-03T16:44:19.414187-04:00,read,key9,0.598,30,false
2026-04-03T16:44:19.414419-04:00,read,key5,0.390,22,true
2026-04-03T16:44:19.414762-04:00,read,key6,0.586,25,false
2026-04-03T16:44:19.414792-04:00,read,key2,0.572,20,false
2026-04-03T16:44:19.414738-04:00,read,key7,0.758,24,false
2026-04-03T16:44:19.414841-04:00,read,key7,0.762,24,false
2026-04-03T16:44:19.414223-04:00,read,key0,1.726,23,false
2026-04-03T16:44:19.415385-04:00,read,key3,0.857,27,false
2026-04-03T16:44:19.415504-04:00,read,key6,0.908,26,false
2026-04-03T16:44:19.415611-04:00,read,key7,1.007,24,false
2026-04-03T16:44:19.416628-04:00,read,key1,0.385,28,false
2026-04-03T16:44:19.416254-04:00,read,key0,0.783,22,false
2026-04-03T16:44:19.417023-04:00,read,key2,0.373,20,false
2026-04-03T16:44:19.417047-04:00,read,key6,0.366,26,false
2026-04-03T16:44:19.41742-04:00,read,key8,0.336,23,false
2026-04-03T16:44:19.417405-04:00,read,key2,0.376,19,true
2026-04-03T16:44:19.417762-04:00,read,key4,0.302,26,false
2026-04-03T16:44:19.417786-04:00,read,key2,0.290,20,false
2026-04-03T16:44:19.418073-04:00,read,key2,0.354,20,false
2026-04-03T16:44:19.418435-04:00,read,key5,0.265,23,false
2026-04-03T16:44:19.418706-04:00,read,key5,0.300,22,true
2026-04-03T16:44:19.419012-04:00,read,key6,0.330,26,false
2026-04-03T16:44:19.419349-04:00,read,key5,0.267,22,true
2026-04-03T16:44:19.419624-04:00,read,key0,0.266,22,false
2026-04-03T16:44:19.419897-04:00,read,key2,0.334,20,false
2026-04-03T16:44:19.420237-04:00,read,key9,0.244,30,false
2026-04-03T16:44:19.420488-04:00,read,key0,0.269,22,false
2026-04-03T16:44:19.420765-04:00,read,key9,0.243,30,false
2026-04-03T16:44:19.421015-04:00,read,key8,0.292,23,false
2026-04-03T16:44:19.416426-04:00,write,key4,1225.139,26,false
2026-04-03T16:44:19.413354-04:00,write,key0,1228.329,23,false
2026-04-03T16:44:19.415963-04:00,write,key6,1225.783,25,false
2026-04-03T16:44:19.411321-04:00,write,key1,1230.433,28,false
2026-04-03T16:44:19.410318-04:00,write,key9,1231.366,31,false
2026-04-03T16:44:19.410577-04:00,write,key6,1231.139,26,false
2026-04-03T16:44:19.396379-04:00,write,key4,1245.795,26,false
2026-04-03T16:44:19.415366-04:00,write,key3,1226.886,28,false
2026-04-03T16:44:19.421316-04:00,write,key7,1221.288,25,false
2026-04-03T16:44:19.418087-04:00,write,key6,1224.818,26,false
2026-04-03T16:44:20.641765-04:00,read,key0,4.040,23,false
2026-04-03T16:44:20.641858-04:00,read,key5,3.976,23,false
2026-04-03T16:44:20.64262-04:00,read,key6,3.215,25,true
2026-04-03T16:44:20.642915-04:00,read,key1,2.987,28,false
2026-04-03T16:44:20.641767-04:00,read,key8,4.198,24,false
2026-04-03T16:44:20.641705-04:00,read,key4,4.670,26,false
2026-04-03T16:44:20.641666-04:00,read,key2,4.943,20,false
2026-04-03T16:44:20.645831-04:00,read,key5,4.371,23,false
2026-04-03T16:44:20.645893-04:00,read,key7,4.551,25,false
2026-04-03T16:44:20.645888-04:00,read,key0,4.731,23,false
2026-04-03T16:44:20.645952-04:00,read,key4,4.952,26,false
2026-04-03T16:44:20.645982-04:00,read,key1,5.423,28,false
2026-04-03T16:44:20.642299-04:00,read,key4,9.273,26,false
2026-04-03T16:44:20.642246-04:00,read,key6,9.386,25,true
2026-04-03T16:44:20.650512-04:00,read,key4,3.243,26,false
2026-04-03T16:44:20.650633-04:00,read,key3,3.258,28,false
2026-04-03T16:44:20.651586-04:00,read,key2,2.655,20,false
2026-04-03T16:44:20.646395-04:00,read,key6,8.131,26,false
2026-04-03T16:44:20.646624-04:00,read,key4,7.997,26,false
2026-04-03T16:44:20.650921-04:00,read,key2,3.751,20,false
2026-04-03T16:44:20.651452-04:00,read,key0,4.413,23,false
2026-04-03T16:44:20.650229-04:00,read,key0,5.668,23,false
2026-04-03T16:44:20.655912-04:00,read,key2,2.089,20,false
2026-04-03T16:44:20.655885-04:00,read,key5,2.192,23,false
2026-04-03T16:44:20.653782-04:00,read,key6,4.311,26,false
2026-04-03T16:44:20.654571-04:00,read,key7,3.684,25,false
2026-04-03T16:44:20.654295-04:00,read,key5,4.284,22,true
2026-04-03T16:44:20.658091-04:00,read,key8,1.883,23,false
2026-04-03T16:44:20.654665-04:00,read,key3,5.353,28,false
2026-04-03T16:44:20.654684-04:00,read,key1,5.314,28,false
2026-04-03T16:44:20.658162-04:00,read,key1,1.869,28,false
2026-04-03T16:44:20.658269-04:00,read,key6,1.767,25,true
2026-04-03T16:44:20.65802-04:00,read,key7,2.039,25,false
2026-04-03T16:44:20.659994-04:00,read,key2,0.915,20,false
2026-04-03T16:44:20.660046-04:00,read,key8,0.916,23,false
2026-04-03T16:44:20.660039-04:00,read,key2,0.919,20,false
2026-04-03T16:44:20.66003-04:00,read,key8,0.994,23,false
2026-04-03T16:44:20.660038-04:00,read,key0,1.017,23,false
2026-04-03T16:44:20.658594-04:00,read,key3,2.898,28,false
2026-04-03T16:44:20.661079-04:00,read,key1,0.569,28,false
2026-04-03T16:44:20.660925-04:00,read,key7,0.917,25,false
2026-04-03T16:44:20.660972-04:00,read,key3,0.988,28,false
2026-04-03T16:44:20.660983-04:00,read,key3,1.009,28,false
2026-04-03T16:44:20.661504-04:00,read,key4,0.686,26,false
2026-04-03T16:44:20.661038-04:00,read,key0,1.325,23,false
2026-04-03T16:44:20.661851-04:00,read,key7,0.737,25,false
2026-04-03T16:44:20.661968-04:00,read,key4,0.696,26,false
2026-04-03T16:44:20.662004-04:00,read,key2,0.677,20,false
2026-04-03T16:44:20.662372-04:00,read,key0,0.588,23,false
2026-04-03T16:44:20.662671-04:00,read,key1,0.534,28,false
2026-04-03T16:44:20.662597-04:00,read,key3,0.646,28,false
2026-04-03T16:44:20.662688-04:00,read,key0,0.858,23,false
2026-04-03T16:44:20.662979-04:00,read,key9,0.671,31,false
2026-04-03T16:44:20.663213-04:00,read,key3,0.599,29,false
2026-04-03T16:44:20.663252-04:00,read,key7,0.878,25,false
2026-04-03T16:44:20.663657-04:00,read,key9,0.576,31,false
2026-04-03T16:44:20.663818-04:00,read,key9,0.569,31,false
2026-04-03T16:44:20.664139-04:00,read,key7,0.475,25,false
2026-04-03T16:44:20.664239-04:00,read,key8,0.375,24,false
2026-04-03T16:44:20.664623-04:00,read,key9,0.374,32,false
2026-04-03T16:44:20.664395-04:00,read,key2,0.631,19,true
2026-04-03T16:44:20.664633-04:00,read,key4,0.679,26,false
2026-04-03T16:44:20.665044-04:00,read,key3,0.429,28,false
2026-04-03T16:44:20.665006-04:00,read,key1,0.518,28,false
2026-04-03T16:44:20.665532-04:00,read,key2,0.345,20,false
2026-04-03T16:44:20.665488-04:00,read,key7,0.514,25,false
2026-04-03T16:44:20.66532-04:00,read,key0,0.719,23,false
2026-04-03T16:44:20.665885-04:00,read,key3,0.476,28,false
2026-04-03T16:44:20.666009-04:00,read,key6,0.457,26,false
2026-04-03T16:44:20.666047-04:00,read,key3,0.488,28,false
2026-04-03T16:44:20.66651-04:00,read,key4,0.361,26,false
2026-04-03T16:44:20.666543-04:00,read,key9,0.337,31,false
2026-04-03T16:44:20.666368-04:00,read,key1,0.512,28,false
2026-04-03T16:44:20.66688-04:00,read,key8,0.493,24,false
2026-04-03T16:44:20.666891-04:00,read,key8,0.499,23,false
2026-04-03T16:44:20.666887-04:00,read,key6,0.529,26,false
2026-04-03T16:44:20.667422-04:00,read,key4,0.311,26,false
2026-04-03T16:44:20.667381-04:00,read,key0,0.353,23,false
2026-04-03T16:44:20.667396-04:00,read,key0,0.353,23,false
2026-04-03T16:44:20.667741-04:00,read,key8,0.380,23,false
2026-04-03T16:44:20.667739-04:00,read,key7,0.404,25,false
2026-04-03T16:44:20.667764-04:00,read,key0,0.388,23,false
2026-04-03T16:44:20.668128-04:00,read,key9,0.390,31,false
2026-04-03T16:44:20.668157-04:00,read,key7,0.363,25,false
2026-04-03T16:44:20.66815-04:00,read,key1,0.378,28,false
2026-04-03T16:44:20.668525-04:00,read,key2,0.349,19,true
2026-04-03T16:44:20.668528-04:00,read,key9,0.600,31,false
2026-04-03T16:44:20.668881-04:00,read,key3,0.548,29,false
2026-04-03T16:44:20.669437-04:00,read,key2,0.277,19,true
2026-04-03T16:44:20.669145-04:00,read,key4,0.760,26,false
2026-04-03T16:44:20.669721-04:00,read,key5,0.379,22,true
2026-04-03T16:44:20.669921-04:00,read,key0,0.489,23,false
2026-04-03T16:44:20.670106-04:00,read,key1,0.376,28,false
2026-04-03T16:44:20.670417-04:00,read,key8,0.392,24,false
2026-04-03T16:44:20.670488-04:00,read,key5,0.325,22,true
2026-04-03T16:44:20.670815-04:00,read,key3,0.384,29,false
2026-04-03T16:44:20.67082-04:00,read,key2,0.390,20,false
2026-04-03T16:44:20.671217-04:00,read,key3,0.289,29,false
2026-04-03T16:44:20.671205-04:00,read,key2,0.319,19,true
2026-04-03T16:44:20.671531-04:00,read,key8,0.270,24,false
2026-04-03T16:44:20.671807-04:00,read,key4,0.339,26,false
2026-04-03T16:44:20.662202-04:00,write,key1,1221.480,29,false
2026-04-03T16:44:20.641829-04:00,write,key8,1241.977,24,false
2026-04-03T16:44:20.653916-04:00,write,key8,1229.956,24,false
2026-04-03T16:44:20.651673-04:00,write,key5,1232.291,24,false
2026-04-03T16:44:20.660083-04:00,write,key9,1223.691,32,false
2026-04-03T16:44:20.661665-04:00,write,key3,1225.089,29,false
2026-04-03T16:44:20.663561-04:00,write,key6,1223.140,26,false
2026-04-03T16:44:21.883774-04:00,read,key0,6.331,23,false
2026-04-03T16:44:21.883988-04:00,read,key0,6.405,23,false
2026-04-03T16:44:21.886812-04:00,read,key7,3.622,25,false
2026-04-03T16:44:21.886857-04:00,read,key7,4.384,25,false
2026-04-03T16:44:21.884078-04:00,read,key3,7.201,29,false
2026-04-03T16:44:21.883945-04:00,read,key2,7.940,20,false
2026-04-03T16:44:20.672156-04:00,write,key1,1222.831,29,false
2026-04-03T16:44:20.668555-04:00,write,key3,1226.692,29,false
2026-04-03T16:44:20.671516-04:00,write,key5,1223.927,25,false
2026-04-03T16:44:21.890152-04:00,read,key2,5.357,20,false
2026-04-03T16:44:21.891901-04:00,read,key6,3.598,26,false
2026-04-03T16:44:21.891262-04:00,read,key5,4.265,25,false
2026-04-03T16:44:21.890418-04:00,read,key9,7.686,32,false
2026-04-03T16:44:21.890452-04:00,read,key0,8.307,23,false
2026-04-03T16:44:21.895574-04:00,read,key3,5.051,29,false
2026-04-03T16:44:21.895012-04:00,read,key0,5.683,23,false
2026-04-03T16:44:21.895451-04:00,read,key0,5.258,23,false
2026-04-03T16:44:21.895546-04:00,read,key3,5.312,29,false
2026-04-03T16:44:21.895281-04:00,read,key0,5.927,23,false
2026-04-03T16:44:21.891294-04:00,read,key4,9.934,26,false
2026-04-03T16:44:21.898775-04:00,read,key8,2.529,24,false
2026-04-03T16:44:21.900709-04:00,read,key9,1.149,32,false
2026-04-03T16:44:21.900649-04:00,read,key8,1.322,24,false
2026-04-03T16:44:21.895594-04:00,read,key4,6.771,26,false
2026-04-03T16:44:21.901341-04:00,read,key2,1.464,21,false
2026-04-03T16:44:21.902383-04:00,read,key0,0.722,23,false
2026-04-03T16:44:21.901873-04:00,read,key5,1.232,25,false
2026-04-03T16:44:21.90198-04:00,read,key3,1.287,29,false
2026-04-03T16:44:21.903115-04:00,read,key1,1.233,29,false
2026-04-03T16:44:21.903276-04:00,read,key6,1.072,27,false
2026-04-03T16:44:21.903116-04:00,read,key2,1.257,21,false
2026-04-03T16:44:21.90282-04:00,read,key4,1.530,26,false
2026-04-03T16:44:21.904428-04:00,read,key5,0.592,26,false
2026-04-03T16:44:21.904367-04:00,read,key1,0.657,29,false
2026-04-03T16:44:21.904375-04:00,read,key1,0.646,29,false
2026-04-03T16:44:21.904387-04:00,read,key6,0.938,27,false
2026-04-03T16:44:21.905042-04:00,read,key4,0.744,26,false
2026-04-03T16:44:21.905036-04:00,read,key3,0.857,29,false
2026-04-03T16:44:21.905343-04:00,read,key4,0.606,26,false
2026-04-03T16:44:21.905799-04:00,read,key9,0.678,32,false
2026-04-03T16:44:21.905955-04:00,read,key5,0.547,26,false
2026-04-03T16:44:21.905909-04:00,read,key3,0.847,29,false
2026-04-03T16:44:21.906511-04:00,read,key3,0.451,29,false
2026-04-03T16:44:21.906492-04:00,read,key8,0.669,24,false
2026-04-03T16:44:21.906766-04:00,read,key9,0.641,32,false
2026-04-03T16:44:21.90697-04:00,read,key5,0.578,25,false
2026-04-03T16:44:21.907173-04:00,read,key8,0.782,24,false
2026-04-03T16:44:21.907434-04:00,read,key6,0.627,26,false
2026-04-03T16:44:21.907587-04:00,read,key0,0.748,23,false
2026-04-03T16:44:21.907973-04:00,read,key8,0.612,24,false
2026-04-03T16:44:21.908596-04:00,read,key7,0.638,25,false
2026-04-03T16:44:21.909249-04:00,read,key4,0.432,26,false
2026-04-03T16:44:21.901268-04:00,write,key2,1227.536,21,false
2026-04-03T16:44:21.901252-04:00,write,key0,1227.714,24,false
2026-04-03T16:44:21.900729-04:00,write,key5,1228.324,26,false
2026-04-03T16:44:21.908349-04:00,write,key0,1220.996,25,false
2026-04-03T16:44:21.908087-04:00,write,key7,1221.290,26,false
2026-04-03T16:44:21.898141-04:00,write,key6,1231.446,27,false
2026-04-03T16:44:21.905126-04:00,write,key1,1224.607,30,false
2026-04-03T16:44:21.900872-04:00,write,key2,1229.012,20,false
2026-04-03T16:44:21.909693-04:00,write,key8,1220.263,25,false
2026-04-03T16:44:21.883905-04:00,write,key2,1246.110,21,false
2026-04-03T16:44:23.129892-04:00,read,key0,2.671,24,true
2026-04-03T16:44:23.128998-04:00,read,key3,3.543,29,false
2026-04-03T16:44:23.128884-04:00,read,key3,3.795,29,false
2026-04-03T16:44:23.130021-04:00,read,key3,2.678,29,false
2026-04-03T16:44:23.129603-04:00,read,key5,3.103,26,false
2026-04-03T16:44:23.129398-04:00,read,key9,3.365,32,false
2026-04-03T16:44:23.129747-04:00,read,key6,3.339,27,false
2026-04-03T16:44:23.12998-04:00,read,key3,3.280,29,false
2026-04-03T16:44:23.132697-04:00,read,key8,2.797,25,false
2026-04-03T16:44:23.13259-04:00,read,key9,3.015,32,false
2026-04-03T16:44:23.132717-04:00,read,key9,3.004,32,false
2026-04-03T16:44:23.132602-04:00,read,key5,3.168,26,false
2026-04-03T16:44:23.133275-04:00,read,key4,3.232,26,false
2026-04-03T16:44:23.133104-04:00,read,key5,3.366,26,false
2026-04-03T16:44:23.136523-04:00,read,key0,1.965,25,false
2026-04-03T16:44:23.135843-04:00,read,key9,2.713,32,false
2026-04-03T16:44:23.136531-04:00,read,key7,2.116,26,false
2026-04-03T16:44:23.135514-04:00,read,key9,3.134,32,false
2026-04-03T16:44:23.135621-04:00,read,key7,3.084,26,false
2026-04-03T16:44:23.135735-04:00,read,key9,3.222,32,false
2026-04-03T16:44:23.132773-04:00,read,key1,6.991,30,false
2026-04-03T16:44:23.13866-04:00,read,key6,1.370,27,false
2026-04-03T16:44:23.138661-04:00,read,key6,1.446,27,false
2026-04-03T16:44:23.138715-04:00,read,key7,1.405,26,false
2026-04-03T16:44:23.138507-04:00,read,key5,1.683,26,false
2026-04-03T16:44:23.13897-04:00,read,key4,2.798,26,false
2026-04-03T16:44:23.138572-04:00,read,key9,3.798,32,false
2026-04-03T16:44:23.140119-04:00,read,key8,2.271,25,false
2026-04-03T16:44:23.139782-04:00,read,key1,2.692,30,false
2026-04-03T16:44:23.140239-04:00,read,key3,2.341,29,false
2026-04-03T16:44:23.140043-04:00,read,key7,2.641,26,false
2026-04-03T16:44:23.141783-04:00,read,key0,2.038,26,false
2026-04-03T16:44:23.142484-04:00,read,key6,1.364,27,false
2026-04-03T16:44:23.142694-04:00,read,key0,1.158,25,false
2026-04-03T16:44:23.142593-04:00,read,key8,1.260,25,false
2026-04-03T16:44:23.142383-04:00,read,key3,1.438,29,false
2026-04-03T16:44:23.142405-04:00,read,key4,1.481,26,false
2026-04-03T16:44:23.140131-04:00,read,key8,4.058,25,false
2026-04-03T16:44:23.143864-04:00,read,key5,0.805,26,false
2026-04-03T16:44:23.143895-04:00,read,key4,0.793,26,false
2026-04-03T16:44:23.143888-04:00,read,key6,0.815,27,false
2026-04-03T16:44:23.143859-04:00,read,key6,0.934,27,false
2026-04-03T16:44:23.143838-04:00,read,key4,1.143,26,false
2026-04-03T16:44:23.1442-04:00,read,key3,0.797,29,false
2026-04-03T16:44:23.144713-04:00,read,key6,0.700,27,false
2026-04-03T16:44:23.144801-04:00,read,key1,0.630,31,false
2026-04-03T16:44:23.144989-04:00,read,key5,0.838,26,false
2026-04-03T16:44:23.144711-04:00,read,key9,1.116,32,false
2026-04-03T16:44:23.145439-04:00,read,key1,1.151,30,false
2026-04-03T16:44:23.145838-04:00,read,key9,0.770,32,false
2026-04-03T16:44:23.145013-04:00,read,key4,1.658,27,false
2026-04-03T16:44:23.146606-04:00,read,key5,0.524,26,false
2026-04-03T16:44:23.146703-04:00,read,key6,0.857,27,false
2026-04-03T16:44:23.147139-04:00,read,key2,0.457,21,false
2026-04-03T16:44:23.147607-04:00,read,key6,0.439,27,false
2026-04-03T16:44:23.147568-04:00,read,key9,0.661,32,false
2026-04-03T16:44:23.148054-04:00,read,key2,0.349,21,false
2026-04-03T16:44:23.148409-04:00,read,key5,0.347,26,false
2026-04-03T16:44:23.148763-04:00,read,key9,0.421,32,false
2026-04-03T16:44:23.149191-04:00,read,key1,0.328,31,false
2026-04-03T16:44:23.149526-04:00,read,key9,0.350,33,false
2026-04-03T16:44:23.14825-04:00,write,key2,1214.706,21,false
2026-04-03T16:44:23.132729-04:00,write,key0,1230.200,26,false
2026-04-03T16:44:23.129093-04:00,write,key9,1233.947,33,false
2026-04-03T16:44:23.145431-04:00,write,key8,1217.783,26,false
2026-04-03T16:44:23.129375-04:00,write,key1,1233.845,31,false
2026-04-03T16:44:23.144688-04:00,write,key4,1218.597,27,false
2026-04-03T16:44:23.145853-04:00,write,key3,1217.494,30,false
2026-04-03T16:44:23.143898-04:00,write,key3,1219.516,30,false
2026-04-03T16:44:23.146622-04:00,write,key3,1216.771,30,false
2026-04-03T16:44:23.149888-04:00,write,key6,1215.882,28,false
2026-04-03T16:44:24.363432-04:00,read,key2,4.126,21,false
2026-04-03T16:44:24.363008-04:00,read,key8,4.830,26,false
2026-04-03T16:44:24.363235-04:00,read,key5,4.651,26,false
2026-04-03T16:44:24.36304-04:00,read,key0,5.269,26,false
2026-04-03T16:44:24.363366-04:00,read,key9,5.691,33,false
2026-04-03T16:44:24.363296-04:00,read,key8,5.817,26,false
2026-04-03T16:44:24.363102-04:00,read,key4,6.036,27,false
2026-04-03T16:44:24.363517-04:00,read,key7,5.671,26,false
2026-04-03T16:44:24.367894-04:00,read,key6,3.122,28,false
2026-04-03T16:44:24.367624-04:00,read,key1,3.400,31,false
2026-04-03T16:44:24.363238-04:00,read,key6,7.847,28,false
2026-04-03T16:44:24.368331-04:00,read,key2,2.790,21,false
2026-04-03T16:44:24.369184-04:00,read,key0,3.476,26,false
2026-04-03T16:44:24.369204-04:00,read,key3,3.497,30,false
2026-04-03T16:44:24.369129-04:00,read,key8,3.572,26,false
2026-04-03T16:44:24.369074-04:00,read,key4,3.681,27,false
2026-04-03T16:44:24.371104-04:00,read,key9,9.194,33,false
2026-04-03T16:44:24.372716-04:00,read,key2,7.619,21,false
2026-04-03T16:44:24.371035-04:00,read,key6,9.317,28,false
2026-04-03T16:44:24.371079-04:00,read,key7,9.297,26,false
2026-04-03T16:44:24.367909-04:00,read,key3,12.498,30,false
2026-04-03T16:44:24.372717-04:00,read,key6,7.693,28,false
2026-04-03T16:44:24.37268-04:00,read,key1,7.755,31,false
2026-04-03T16:44:24.380388-04:00,read,key5,1.048,26,false
2026-04-03T16:44:24.380416-04:00,read,key4,1.050,27,false
2026-04-03T16:44:24.372776-04:00,read,key3,8.700,30,false
2026-04-03T16:44:24.371134-04:00,read,key0,10.420,26,false
2026-04-03T16:44:24.380363-04:00,read,key7,1.195,26,false
2026-04-03T16:44:24.380419-04:00,read,key0,1.183,26,false
2026-04-03T16:44:24.380319-04:00,read,key2,1.297,21,false
2026-04-03T16:44:24.380365-04:00,read,key6,1.275,28,false
2026-04-03T16:44:24.381655-04:00,read,key6,0.706,28,false
2026-04-03T16:44:24.38156-04:00,read,key0,1.022,26,false
2026-04-03T16:44:24.381625-04:00,read,key2,0.969,21,false
2026-04-03T16:44:24.380446-04:00,read,key6,2.183,28,false
2026-04-03T16:44:24.381566-04:00,read,key6,1.095,28,false
2026-04-03T16:44:24.381456-04:00,read,key0,1.356,26,false
2026-04-03T16:44:24.38257-04:00,read,key5,0.981,26,false
2026-04-03T16:44:24.382605-04:00,read,key0,1.081,26,false
2026-04-03T16:44:24.38267-04:00,read,key3,1.030,30,false
2026-04-03T16:44:24.383567-04:00,read,key0,0.539,26,false
2026-04-03T16:44:24.382833-04:00,read,key8,1.607,26,false
2026-04-03T16:44:24.383694-04:00,read,key3,1.081,30,false
2026-04-03T16:44:24.383722-04:00,read,key0,1.324,26,false
2026-04-03T16:44:24.384117-04:00,read,key5,0.945,26,false
2026-04-03T16:44:24.384451-04:00,read,key0,0.849,26,false
2026-04-03T16:44:24.384784-04:00,read,key8,0.518,26,false
2026-04-03T16:44:24.385069-04:00,read,key1,0.469,31,false
2026-04-03T16:44:24.385056-04:00,read,key8,0.494,26,false
2026-04-03T16:44:24.385309-04:00,read,key4,0.478,28,false
2026-04-03T16:44:24.385547-04:00,read,key4,0.456,28,false
2026-04-03T16:44:24.385559-04:00,read,key7,0.607,27,false
2026-04-03T16:44:24.385794-04:00,read,key2,0.609,21,false
2026-04-03T16:44:24.386011-04:00,read,key6,0.410,28,false
2026-04-03T16:44:24.386174-04:00,read,key8,0.444,26,false
2026-04-03T16:44:24.38641-04:00,read,key8,0.464,26,false
2026-04-03T16:44:24.386428-04:00,read,key3,0.478,30,false
2026-04-03T16:44:24.386625-04:00,read,key0,0.463,26,false
2026-04-03T16:44:24.386881-04:00,read,key3,0.427,30,false
2026-04-03T16:44:24.386913-04:00,read,key8,0.397,26,false
2026-04-03T16:44:24.387095-04:00,read,key0,0.472,26,false
2026-04-03T16:44:24.387315-04:00,read,key1,0.543,31,false
2026-04-03T16:44:24.387865-04:00,read,key4,0.367,28,false
2026-04-03T16:44:24.387574-04:00,read,key7,0.704,28,false
2026-04-03T16:44:24.388284-04:00,read,key0,0.362,26,false
2026-04-03T16:44:24.388239-04:00,read,key9,0.425,33,false
2026-04-03T16:44:24.388654-04:00,read,key8,0.304,26,false
2026-04-03T16:44:24.388966-04:00,read,key7,0.493,28,false
2026-04-03T16:44:24.389467-04:00,read,key7,0.277,26,false
2026-04-03T16:44:24.381613-04:00,write,key6,1218.195,29,false
2026-04-03T16:44:24.385315-04:00,write,key9,1214.676,34,false
2026-04-03T16:44:24.381502-04:00,write,key7,1218.517,27,false
2026-04-03T16:44:24.382597-04:00,write,key4,1217.481,28,false
2026-04-03T16:44:24.389754-04:00,write,key0,1210.347,27,false
2026-04-03T16:44:24.36581-04:00,write,key9,1234.367,34,false
2026-04-03T16:44:24.382639-04:00,write,key4,1217.526,28,false
2026-04-03T16:44:24.381509-04:00,write,key4,1219.375,28,false
2026-04-03T16:44:25.599884-04:00,read,key4,2.426,28,false
2026-04-03T16:44:25.600934-04:00,read,key7,1.386,28,false
2026-04-03T16:44:25.60002-04:00,read,key2,2.319,21,false
2026-04-03T16:44:25.600093-04:00,read,key8,2.265,26,false
2026-04-03T16:44:25.600211-04:00,read,key3,2.112,30,false
2026-04-03T16:44:25.600035-04:00,read,key4,2.544,28,false
2026-04-03T16:44:25.60019-04:00,read,key3,2.620,31,false
2026-04-03T16:44:25.60237-04:00,read,key9,1.734,34,false
2026-04-03T16:44:25.602326-04:00,read,key4,1.832,28,false
2026-04-03T16:44:25.602591-04:00,read,key4,1.650,28,false
2026-04-03T16:44:25.602338-04:00,read,key2,1.941,21,false
2026-04-03T16:44:25.602414-04:00,read,key3,3.316,30,false
2026-04-03T16:44:25.602352-04:00,read,key0,3.407,27,false
2026-04-03T16:44:25.60282-04:00,read,key7,3.884,28,false
2026-04-03T16:44:24.388676-04:00,write,key4,1218.044,28,false
2026-04-03T16:44:24.387323-04:00,write,key7,1219.689,28,false
2026-04-03T16:44:25.605773-04:00,read,key7,1.771,28,false
2026-04-03T16:44:25.604301-04:00,read,key7,3.331,28,false
2026-04-03T16:44:25.604193-04:00,read,key8,3.633,26,false
2026-04-03T16:44:25.604139-04:00,read,key7,3.704,28,false
2026-04-03T16:44:25.60673-04:00,read,key1,2.223,31,false
2026-04-03T16:44:25.606716-04:00,read,key5,2.458,26,false
2026-04-03T16:44:25.604269-04:00,read,key2,4.965,21,false
2026-04-03T16:44:25.607017-04:00,read,key7,2.374,28,false
2026-04-03T16:44:25.607556-04:00,read,key0,1.845,27,false
2026-04-03T16:44:25.607653-04:00,read,key1,1.773,31,false
2026-04-03T16:44:25.607837-04:00,read,key2,2.075,21,false
2026-04-03T16:44:25.605746-04:00,read,key3,5.093,30,false
2026-04-03T16:44:25.607857-04:00,read,key2,3.124,21,false
2026-04-03T16:44:25.60941-04:00,read,key9,2.652,34,false
2026-04-03T16:44:25.609264-04:00,read,key5,2.864,26,false
2026-04-03T16:44:25.609403-04:00,read,key4,2.827,28,false
2026-04-03T16:44:25.609436-04:00,read,key7,2.893,29,false
2026-04-03T16:44:25.608967-04:00,read,key6,3.387,29,false
2026-04-03T16:44:25.610995-04:00,read,key0,1.707,27,false
2026-04-03T16:44:25.610877-04:00,read,key8,1.845,26,false
2026-04-03T16:44:25.612076-04:00,read,key3,1.446,30,false
2026-04-03T16:44:25.61273-04:00,read,key1,0.884,31,false
2026-04-03T16:44:25.609942-04:00,read,key0,3.692,27,false
2026-04-03T16:44:25.612137-04:00,read,key2,1.524,21,false
2026-04-03T16:44:25.612365-04:00,read,key2,1.312,21,false
2026-04-03T16:44:25.612239-04:00,read,key3,1.578,30,false
2026-04-03T16:44:25.612713-04:00,read,key6,1.275,29,false
2026-04-03T16:44:25.612337-04:00,read,key1,1.653,31,false
2026-04-03T16:44:25.613826-04:00,read,key1,1.574,31,false
2026-04-03T16:44:25.613669-04:00,read,key9,1.747,34,false
2026-04-03T16:44:25.613996-04:00,read,key2,1.462,21,false
2026-04-03T16:44:25.613648-04:00,read,key0,1.818,27,false
2026-04-03T16:44:25.613623-04:00,read,key2,1.899,21,false
2026-04-03T16:44:25.613693-04:00,read,key6,1.835,29,false
2026-04-03T16:44:25.613535-04:00,read,key8,2.191,26,false
2026-04-03T16:44:25.615468-04:00,read,key4,1.076,28,false
2026-04-03T16:44:25.615496-04:00,read,key6,1.081,29,false
2026-04-03T16:44:25.613999-04:00,read,key1,2.632,31,false
2026-04-03T16:44:25.615414-04:00,read,key5,1.334,26,false
2026-04-03T16:44:25.615554-04:00,read,key2,1.207,21,false
2026-04-03T16:44:25.615444-04:00,read,key6,1.336,29,false
2026-04-03T16:44:25.61553-04:00,read,key7,1.753,29,false
2026-04-03T16:44:25.616556-04:00,read,key2,0.855,21,false
2026-04-03T16:44:25.616584-04:00,read,key9,0.865,34,false
2026-04-03T16:44:25.616638-04:00,read,key5,0.969,26,false
2026-04-03T16:44:25.616787-04:00,read,key5,0.979,26,false
2026-04-03T16:44:25.617295-04:00,read,key0,0.489,27,false
2026-04-03T16:44:25.615759-04:00,read,key0,2.031,27,false
2026-04-03T16:44:25.616767-04:00,read,key9,1.075,34,false
2026-04-03T16:44:25.617622-04:00,read,key9,0.743,34,false
2026-04-03T16:44:25.617792-04:00,read,key4,1.101,28,false
2026-04-03T16:44:25.617797-04:00,read,key7,1.114,28,false
2026-04-03T16:44:25.618923-04:00,read,key9,0.608,34,false
2026-04-03T16:44:25.618905-04:00,read,key6,0.622,29,false
2026-04-03T16:44:25.618385-04:00,read,key3,1.474,32,false
2026-04-03T16:44:25.619539-04:00,read,key7,0.528,28,false
2026-04-03T16:44:25.619539-04:00,read,key7,0.614,29,false
2026-04-03T16:44:25.619869-04:00,read,key0,0.439,27,false
2026-04-03T16:44:25.620159-04:00,read,key6,0.303,29,false
2026-04-03T16:44:25.620077-04:00,read,key2,0.398,21,false
2026-04-03T16:44:25.620315-04:00,read,key3,0.427,30,false
2026-04-03T16:44:25.620483-04:00,read,key9,0.287,34,false
2026-04-03T16:44:25.620469-04:00,read,key2,0.973,21,false
2026-04-03T16:44:25.620749-04:00,read,key7,0.706,29,false
2026-04-03T16:44:25.620777-04:00,read,key9,0.857,34,false
2026-04-03T16:44:25.621453-04:00,read,key5,0.358,26,false
2026-04-03T16:44:25.621463-04:00,read,key8,0.413,26,false
2026-04-03T16:44:25.62183-04:00,read,key3,0.619,30,false
2026-04-03T16:44:25.622459-04:00,read,key4,0.316,28,false
2026-04-03T16:44:25.622781-04:00,read,key8,0.336,26,false
2026-04-03T16:44:25.623126-04:00,read,key8,0.253,26,false
2026-04-03T16:44:25.623389-04:00,read,key2,0.246,21,false
2026-04-03T16:44:25.623642-04:00,read,key9,0.285,34,false
2026-04-03T16:44:25.623934-04:00,read,key7,0.299,29,false
2026-04-03T16:44:25.624239-04:00,read,key3,0.254,30,false
2026-04-03T16:44:25.624501-04:00,read,key3,0.273,30,false
2026-04-03T16:44:25.621649-04:00,write,key0,1211.667,28,false
2026-04-03T16:44:25.621884-04:00,write,key9,1211.520,35,false
2026-04-03T16:44:25.609197-04:00,write,key7,1224.288,29,false
2026-04-03T16:44:25.617483-04:00,write,key1,1216.070,32,false
2026-04-03T16:44:25.600124-04:00,write,key3,1233.853,31,false
2026-04-03T16:44:25.617777-04:00,write,key7,1216.382,29,false
2026-04-03T16:44:25.616765-04:00,write,key2,1218.691,22,false
2026-04-03T16:44:25.617437-04:00,write,key0,1218.119,28,false
2026-04-03T16:44:26.833436-04:00,read,key6,4.487,29,false
2026-04-03T16:44:26.833391-04:00,read,key2,4.625,22,false
2026-04-03T16:44:26.833521-04:00,read,key4,4.588,28,false
2026-04-03T16:44:25.624784-04:00,write,key7,1213.390,30,false
2026-04-03T16:44:26.833569-04:00,read,key5,4.826,26,false
2026-04-03T16:44:26.834054-04:00,read,key3,4.496,32,false
2026-04-03T16:44:26.835473-04:00,read,key1,3.150,32,false
2026-04-03T16:44:25.617861-04:00,write,key3,1220.797,32,false
2026-04-03T16:44:26.834213-04:00,read,key9,4.749,35,false
2026-04-03T16:44:26.838416-04:00,read,key8,3.416,26,false
2026-04-03T16:44:26.838129-04:00,read,key7,3.971,30,false
2026-04-03T16:44:26.838653-04:00,read,key7,3.535,30,false
2026-04-03T16:44:26.838686-04:00,read,key2,3.611,22,false
2026-04-03T16:44:26.838188-04:00,read,key2,4.169,22,false
2026-04-03T16:44:26.838588-04:00,read,key9,5.307,35,false
2026-04-03T16:44:26.841861-04:00,read,key0,2.715,28,false
2026-04-03T16:44:26.842118-04:00,read,key4,2.515,28,false
2026-04-03T16:44:26.842315-04:00,read,key9,3.044,35,false
2026-04-03T16:44:26.842202-04:00,read,key2,4.163,22,false
2026-04-03T16:44:26.842377-04:00,read,key4,5.141,28,false
2026-04-03T16:44:26.846388-04:00,read,key9,1.932,36,false
2026-04-03T16:44:26.847534-04:00,read,key2,1.885,22,false
2026-04-03T16:44:26.844702-04:00,read,key0,4.782,29,false
2026-04-03T16:44:26.845372-04:00,read,key7,4.177,30,false
2026-04-03T16:44:26.844592-04:00,read,key4,5.253,28,false
2026-04-03T16:44:26.843916-04:00,read,key8,6.055,26,false
2026-04-03T16:44:26.848352-04:00,read,key6,2.728,29,false
2026-04-03T16:44:26.849579-04:00,read,key0,2.375,28,false
2026-04-03T16:44:26.851092-04:00,read,key6,1.028,29,false
2026-04-03T16:44:26.849437-04:00,read,key7,2.799,30,false
2026-04-03T16:44:26.850017-04:00,read,key7,2.232,30,false
2026-04-03T16:44:26.849502-04:00,read,key7,2.998,30,false
2026-04-03T16:44:26.851965-04:00,read,key7,0.706,30,false
2026-04-03T16:44:26.852513-04:00,read,key1,0.887,32,false
2026-04-03T16:44:26.852678-04:00,read,key5,1.002,26,false
2026-04-03T16:44:26.853417-04:00,read,key4,0.490,28,false
2026-04-03T16:44:26.852247-04:00,read,key2,1.707,22,false
2026-04-03T16:44:26.852258-04:00,read,key4,1.848,28,false
2026-04-03T16:44:26.853915-04:00,read,key9,1.680,36,false
2026-04-03T16:44:26.85398-04:00,read,key9,1.633,36,false
2026-04-03T16:44:26.855624-04:00,read,key6,0.415,29,false
2026-04-03T16:44:26.855617-04:00,read,key0,0.462,28,false
2026-04-03T16:44:26.856051-04:00,read,key9,0.400,35,false
2026-04-03T16:44:26.856086-04:00,read,key9,0.370,35,false
2026-04-03T16:44:26.856464-04:00,read,key2,0.409,22,false
2026-04-03T16:44:26.856463-04:00,read,key3,0.437,32,false
2026-04-03T16:44:26.85688-04:00,read,key3,0.492,32,false
2026-04-03T16:44:26.856907-04:00,read,key4,0.482,28,false
2026-04-03T16:44:26.857396-04:00,read,key6,0.345,29,false
2026-04-03T16:44:26.85738-04:00,read,key9,0.379,35,false
2026-04-03T16:44:26.857767-04:00,read,key7,0.375,30,false
2026-04-03T16:44:26.858149-04:00,read,key5,0.320,26,false
2026-04-03T16:44:26.858477-04:00,read,key5,0.319,26,false
2026-04-03T16:44:26.858803-04:00,read,key8,0.344,26,false
2026-04-03T16:44:26.859155-04:00,read,key2,0.264,22,false
2026-04-03T16:44:26.859427-04:00,read,key4,0.283,28,false
2026-04-03T16:44:26.859718-04:00,read,key0,0.328,29,false
2026-04-03T16:44:26.860053-04:00,read,key6,0.291,29,false
2026-04-03T16:44:26.860351-04:00,read,key8,0.268,26,false
2026-04-03T16:44:26.860626-04:00,read,key9,0.265,36,false
2026-04-03T16:44:26.860897-04:00,read,key1,0.262,34,false
2026-04-03T16:44:26.861165-04:00,read,key6,0.269,29,false
2026-04-03T16:44:26.861442-04:00,read,key9,0.263,35,false
2026-04-03T16:44:26.861711-04:00,read,key4,0.242,28,false
2026-04-03T16:44:26.86196-04:00,read,key8,0.306,26,false
2026-04-03T16:44:26.862272-04:00,read,key1,0.269,32,false
2026-04-03T16:44:26.862551-04:00,read,key7,0.276,30,false
2026-04-03T16:44:26.862834-04:00,read,key2,0.311,22,false
2026-04-03T16:44:26.863152-04:00,read,key7,0.291,30,false
2026-04-03T16:44:26.863449-04:00,read,key1,0.265,34,false
2026-04-03T16:44:26.86372-04:00,read,key3,0.371,32,false
2026-04-03T16:44:26.864098-04:00,read,key6,0.262,29,false
2026-04-03T16:44:26.864366-04:00,read,key6,0.267,29,false
2026-04-03T16:44:26.864639-04:00,read,key6,0.275,29,false
2026-04-03T16:44:26.864921-04:00,read,key1,0.280,32,false
2026-04-03T16:44:26.865208-04:00,read,key6,0.247,29,false
2026-04-03T16:44:26.865463-04:00,read,key7,0.251,30,false
2026-04-03T16:44:26.86572-04:00,read,key1,0.229,32,false
2026-04-03T16:44:26.865957-04:00,read,key6,0.295,29,false
2026-04-03T16:44:26.866258-04:00,read,key4,0.261,28,false
2026-04-03T16:44:26.866526-04:00,read,key0,0.266,28,false
2026-04-03T16:44:26.866798-04:00,read,key9,0.286,35,false
2026-04-03T16:44:26.86727-04:00,read,key2,0.268,22,false
2026-04-03T16:44:26.853698-04:00,write,key1,1217.058,34,false
2026-04-03T16:44:26.84991-04:00,write,key3,1220.910,33,false
2026-04-03T16:44:26.837962-04:00,write,key1,1233.279,33,false
2026-04-03T16:44:26.852136-04:00,write,key7,1219.472,31,false
2026-04-03T16:44:26.838088-04:00,write,key9,1233.576,36,false
2026-04-03T16:44:26.85413-04:00,write,key0,1217.536,29,false
2026-04-03T16:44:26.857756-04:00,write,key8,1215.680,27,false
2026-04-03T16:44:26.835605-04:00,write,key0,1238.029,29,false
2026-04-03T16:44:26.838982-04:00,write,key5,1234.738,27,false
2026-04-03T16:44:28.071286-04:00,read,key9,4.521,36,false
2026-04-03T16:44:28.071627-04:00,read,key9,4.220,36,false
2026-04-03T16:44:28.073456-04:00,read,key4,3.206,28,false
2026-04-03T16:44:28.075867-04:00,read,key9,2.149,37,false
2026-04-03T16:44:28.075832-04:00,read,key7,2.612,31,false
2026-04-03T16:44:28.076706-04:00,read,key2,1.809,22,false
2026-04-03T16:44:28.071717-04:00,read,key4,6.811,28,false
2026-04-03T16:44:28.071678-04:00,read,key2,7.644,22,false
2026-04-03T16:44:28.078462-04:00,read,key4,2.731,28,false
2026-04-03T16:44:26.867551-04:00,write,key8,1213.793,28,false
2026-04-03T16:44:28.078549-04:00,read,key4,2.967,28,false
2026-04-03T16:44:28.078038-04:00,read,key5,3.790,27,false
2026-04-03T16:44:28.081841-04:00,read,key4,1.930,28,false
2026-04-03T16:44:28.08153-04:00,read,key8,2.260,28,false
2026-04-03T16:44:28.079352-04:00,read,key9,4.469,36,false
2026-04-03T16:44:28.078528-04:00,read,key8,5.348,28,false
2026-04-03T16:44:28.081355-04:00,read,key9,2.518,36,false
2026-04-03T16:44:28.081213-04:00,read,key1,2.694,34,false
2026-04-03T16:44:28.083929-04:00,read,key5,1.160,27,false
2026-04-03T16:44:28.083886-04:00,read,key4,1.248,28,false
2026-04-03T16:44:28.083835-04:00,read,key9,1.333,36,false
2026-04-03T16:44:28.083794-04:00,read,key3,1.453,33,false
2026-04-03T16:44:28.083803-04:00,read,key1,1.550,34,false
2026-04-03T16:44:28.083886-04:00,read,key4,1.556,28,false
2026-04-03T16:44:28.085301-04:00,read,key8,0.634,29,false
2026-04-03T16:44:28.085361-04:00,read,key8,0.593,28,false
2026-04-03T16:44:28.085177-04:00,read,key0,0.779,29,false
2026-04-03T16:44:28.085147-04:00,read,key6,1.086,29,false
2026-04-03T16:44:28.085105-04:00,read,key0,1.130,29,false
2026-04-03T16:44:28.085965-04:00,read,key6,0.528,29,false
2026-04-03T16:44:28.08595-04:00,read,key3,0.547,33,false
2026-04-03T16:44:28.086244-04:00,read,key9,0.638,36,false
2026-04-03T16:44:28.086502-04:00,read,key8,0.453,28,false
2026-04-03T16:44:28.086244-04:00,read,key4,0.715,28,false
2026-04-03T16:44:28.085962-04:00,read,key9,1.201,36,false
2026-04-03T16:44:28.087174-04:00,read,key0,0.482,29,false
2026-04-03T16:44:28.086962-04:00,read,key0,0.724,29,false
2026-04-03T16:44:28.086892-04:00,read,key2,0.780,22,false
2026-04-03T16:44:28.087667-04:00,read,key8,0.596,28,false
2026-04-03T16:44:28.087695-04:00,read,key9,0.749,36,false
2026-04-03T16:44:28.086965-04:00,read,key7,1.568,31,false
2026-04-03T16:44:28.088277-04:00,read,key4,0.579,28,false
2026-04-03T16:44:28.088555-04:00,read,key7,0.608,31,false
2026-04-03T16:44:28.088451-04:00,read,key8,0.716,28,false
2026-04-03T16:44:28.087693-04:00,read,key7,1.542,31,false
2026-04-03T16:44:28.088864-04:00,read,key9,0.552,36,false
2026-04-03T16:44:28.089174-04:00,read,key2,0.470,23,false
2026-04-03T16:44:28.089176-04:00,read,key3,0.592,33,false
2026-04-03T16:44:28.089244-04:00,read,key8,0.614,28,false
2026-04-03T16:44:28.089423-04:00,read,key4,0.437,28,false
2026-04-03T16:44:28.089652-04:00,read,key4,0.484,28,false
2026-04-03T16:44:28.089867-04:00,read,key2,0.536,22,false
2026-04-03T16:44:28.090142-04:00,read,key7,0.343,31,false
2026-04-03T16:44:28.089879-04:00,read,key2,0.633,22,false
2026-04-03T16:44:28.089775-04:00,read,key4,0.747,28,false
2026-04-03T16:44:28.090528-04:00,read,key7,0.387,31,false
2026-04-03T16:44:28.090922-04:00,read,key5,0.532,27,false
2026-04-03T16:44:28.091463-04:00,read,key6,0.391,29,false
2026-04-03T16:44:28.091861-04:00,read,key0,0.371,29,false
2026-04-03T16:44:28.092239-04:00,read,key2,0.313,22,false
2026-04-03T16:44:28.092559-04:00,read,key3,0.291,33,false
2026-04-03T16:44:28.092857-04:00,read,key5,0.351,27,false
2026-04-03T16:44:28.093215-04:00,read,key9,0.315,36,false
2026-04-03T16:44:28.093537-04:00,read,key6,1.096,29,false
2026-04-03T16:44:28.094641-04:00,read,key1,0.324,34,false
2026-04-03T16:44:28.094972-04:00,read,key5,0.329,27,false
2026-04-03T16:44:28.095308-04:00,read,key5,0.293,27,false
2026-04-03T16:44:28.095608-04:00,read,key5,0.316,27,false
2026-04-03T16:44:28.08651-04:00,write,key2,1215.932,23,false
2026-04-03T16:44:28.073676-04:00,write,key5,1228.862,28,false
2026-04-03T16:44:28.073761-04:00,write,key9,1228.794,37,false
2026-04-03T16:44:28.070919-04:00,write,key8,1231.579,29,false
2026-04-03T16:44:28.090419-04:00,write,key3,1212.167,34,false
2026-04-03T16:44:28.090522-04:00,write,key0,1211.976,30,false
2026-04-03T16:44:28.085475-04:00,write,key2,1217.089,23,false
2026-04-03T16:44:28.070885-04:00,write,key6,1231.613,30,false
2026-04-03T16:44:28.090495-04:00,write,key2,1212.458,23,false
2026-04-03T16:44:29.302652-04:00,read,key5,0.940,28,false
2026-04-03T16:44:29.302587-04:00,read,key9,1.007,37,false
2026-04-03T16:44:29.302549-04:00,read,key6,1.092,30,false
2026-04-03T16:44:28.095941-04:00,write,key8,1207.710,29,false
2026-04-03T16:44:29.302646-04:00,read,key2,1.024,23,false
2026-04-03T16:44:29.302542-04:00,read,key1,1.145,34,false
2026-04-03T16:44:29.302741-04:00,read,key3,0.956,34,false
2026-04-03T16:44:29.303605-04:00,read,key7,0.513,31,false
2026-04-03T16:44:29.303648-04:00,read,key7,0.455,32,false
2026-04-03T16:44:29.303676-04:00,read,key4,0.466,28,false
2026-04-03T16:44:29.303694-04:00,read,key8,0.452,29,false
2026-04-03T16:44:29.304157-04:00,read,key1,0.391,34,false
2026-04-03T16:44:29.304126-04:00,read,key7,0.453,31,false
2026-04-03T16:44:29.30415-04:00,read,key4,0.499,28,false
2026-04-03T16:44:29.304598-04:00,read,key6,0.432,30,false
2026-04-03T16:44:29.303605-04:00,read,key3,1.459,34,false
2026-04-03T16:44:29.304657-04:00,read,key7,0.411,31,false
2026-04-03T16:44:29.304575-04:00,read,key4,0.540,29,false
2026-04-03T16:44:29.303702-04:00,read,key0,1.755,30,false
2026-04-03T16:44:29.305071-04:00,read,key2,0.483,23,false
2026-04-03T16:44:29.305076-04:00,read,key2,0.488,23,false
2026-04-03T16:44:29.305466-04:00,read,key5,0.337,28,false
2026-04-03T16:44:29.305124-04:00,read,key7,0.677,32,false
2026-04-03T16:44:29.305561-04:00,read,key6,0.584,30,false
2026-04-03T16:44:29.305571-04:00,read,key0,0.736,30,false
2026-04-03T16:44:29.305811-04:00,read,key0,0.706,30,false
2026-04-03T16:44:29.306313-04:00,read,key8,0.283,29,false
2026-04-03T16:44:29.306154-04:00,read,key7,0.448,31,false
2026-04-03T16:44:29.305811-04:00,read,key3,0.819,34,false
2026-04-03T16:44:29.306609-04:00,read,key4,0.382,28,false
2026-04-03T16:44:29.306638-04:00,read,key7,0.357,32,false
2026-04-03T16:44:29.306603-04:00,read,key7,0.388,32,false
2026-04-03T16:44:29.306999-04:00,read,key2,0.363,23,false
2026-04-03T16:44:29.307002-04:00,read,key4,0.447,28,false
2026-04-03T16:44:29.307007-04:00,read,key6,0.468,30,false
2026-04-03T16:44:29.307368-04:00,read,key5,0.262,28,false
2026-04-03T16:44:29.307457-04:00,read,key9,0.254,37,false
2026-04-03T16:44:29.307637-04:00,read,key4,0.243,28,false
2026-04-03T16:44:29.307485-04:00,read,key4,0.445,28,false
2026-04-03T16:44:29.307718-04:00,read,key6,0.329,31,false
2026-04-03T16:44:29.307891-04:00,read,key2,0.375,23,false
2026-04-03T16:44:29.307936-04:00,read,key9,0.332,37,false
2026-04-03T16:44:29.308053-04:00,read,key3,0.379,34,false
2026-04-03T16:44:29.308275-04:00,read,key3,0.279,34,false
2026-04-03T16:44:29.308273-04:00,read,key2,0.326,23,false
2026-04-03T16:44:29.308439-04:00,read,key6,0.309,31,false
2026-04-03T16:44:29.308605-04:00,read,key0,0.257,30,false
2026-04-03T16:44:29.30856-04:00,read,key7,0.304,31,false
2026-04-03T16:44:29.308755-04:00,read,key2,0.375,24,false
2026-04-03T16:44:29.308871-04:00,read,key3,0.477,34,false
2026-04-03T16:44:29.309137-04:00,read,key3,0.263,34,false
2026-04-03T16:44:29.309356-04:00,read,key1,0.364,35,false
2026-04-03T16:44:29.309407-04:00,read,key8,0.390,29,false
2026-04-03T16:44:29.308872-04:00,read,key0,1.151,30,false
2026-04-03T16:44:29.309727-04:00,read,key0,0.347,30,false
2026-04-03T16:44:29.309804-04:00,read,key1,0.360,35,false
2026-04-03T16:44:29.31008-04:00,read,key6,0.493,30,false
2026-04-03T16:44:29.310031-04:00,read,key3,0.693,34,false
2026-04-03T16:44:29.310181-04:00,read,key9,0.548,37,false
2026-04-03T16:44:29.31058-04:00,read,key4,0.578,28,false
2026-04-03T16:44:29.310737-04:00,read,key2,0.701,23,false
2026-04-03T16:44:29.310731-04:00,read,key3,3.266,34,false
2026-04-03T16:44:29.311444-04:00,read,key9,2.903,37,false
2026-04-03T16:44:29.311165-04:00,read,key9,3.197,37,false
2026-04-03T16:44:29.314002-04:00,read,key6,0.612,30,false
2026-04-03T16:44:29.314354-04:00,read,key4,0.318,28,false
2026-04-03T16:44:29.31437-04:00,read,key5,0.427,28,false
2026-04-03T16:44:29.314621-04:00,read,key7,0.300,31,false
2026-04-03T16:44:29.314678-04:00,read,key5,0.345,28,false
2026-04-03T16:44:29.31503-04:00,read,key6,0.459,30,false
2026-04-03T16:44:29.3155-04:00,read,key3,0.260,34,false
2026-04-03T16:44:29.314938-04:00,read,key6,1.314,30,false
2026-04-03T16:44:29.31626-04:00,read,key8,0.349,29,false
2026-04-03T16:44:29.315767-04:00,read,key1,0.961,35,false
2026-04-03T16:44:29.316618-04:00,read,key4,0.242,29,false
2026-04-03T16:44:29.316866-04:00,read,key0,0.254,30,false
2026-04-03T16:44:29.316736-04:00,read,key9,0.405,37,false
2026-04-03T16:44:29.317127-04:00,read,key6,0.255,30,false
2026-04-03T16:44:29.317388-04:00,read,key7,0.262,31,false
2026-04-03T16:44:29.317657-04:00,read,key1,1.096,34,false
2026-04-03T16:44:29.302646-04:00,write,key4,1225.490,29,false
2026-04-03T16:44:29.303657-04:00,write,key6,1224.478,31,false
2026-04-03T16:44:29.302589-04:00,write,key7,1225.948,32,false
2026-04-03T16:44:29.305044-04:00,write,key7,1223.815,32,false
2026-04-03T16:44:29.30653-04:00,write,key2,1222.705,24,false
2026-04-03T16:44:29.302982-04:00,write,key5,1226.326,29,false
2026-04-03T16:44:29.304146-04:00,write,key1,1225.400,35,false
2026-04-03T16:44:29.317153-04:00,write,key2,1213.093,24,false
2026-04-03T16:44:30.528561-04:00,read,key4,3.020,29,false
2026-04-03T16:44:30.528915-04:00,read,key8,2.706,29,false
2026-04-03T16:44:30.52925-04:00,read,key4,2.457,29,false
2026-04-03T16:44:30.529592-04:00,read,key1,2.121,35,false
2026-04-03T16:44:29.31877-04:00,write,key7,1212.873,32,false
2026-04-03T16:44:30.529352-04:00,read,key3,2.393,34,false
2026-04-03T16:44:29.314811-04:00,write,key9,1216.995,38,false
2026-04-03T16:44:30.528257-04:00,read,key6,3.575,31,false
2026-04-03T16:44:30.530264-04:00,read,key5,1.571,29,false
2026-04-03T16:44:30.52824-04:00,read,key3,3.671,34,false
2026-04-03T16:44:30.531637-04:00,read,key1,1.154,35,false
2026-04-03T16:44:30.53181-04:00,read,key6,0.978,31,false
2026-04-03T16:44:30.53184-04:00,read,key6,0.967,31,false
2026-04-03T16:44:30.531753-04:00,read,key5,1.085,29,false
2026-04-03T16:44:30.531869-04:00,read,key4,1.003,29,false
2026-04-03T16:44:30.531622-04:00,read,key0,1.255,30,false
2026-04-03T16:44:30.531717-04:00,read,key8,1.169,29,false
2026-04-03T16:44:30.532884-04:00,read,key8,0.738,29,false
2026-04-03T16:44:30.532804-04:00,read,key1,0.836,35,false
2026-04-03T16:44:30.532894-04:00,read,key6,0.866,31,false
2026-04-03T16:44:30.532804-04:00,read,key5,0.999,29,false
2026-04-03T16:44:30.532845-04:00,read,key3,0.949,34,false
2026-04-03T16:44:30.532818-04:00,read,key1,1.023,35,false
2026-04-03T16:44:30.531722-04:00,read,key4,2.916,29,false
2026-04-03T16:44:30.53385-04:00,read,key1,0.830,35,false
2026-04-03T16:44:30.533818-04:00,read,key4,0.866,29,false
2026-04-03T16:44:30.532883-04:00,read,key7,1.841,32,false
2026-04-03T16:44:30.533637-04:00,read,key7,1.142,32,false
2026-04-03T16:44:30.533768-04:00,read,key7,1.071,32,false
2026-04-03T16:44:30.533668-04:00,read,key0,1.321,30,false
2026-04-03T16:44:30.534688-04:00,read,key1,0.644,35,false
2026-04-03T16:44:30.534702-04:00,read,key8,0.646,29,false
2026-04-03T16:44:30.534737-04:00,read,key7,0.904,32,false
2026-04-03T16:44:30.535342-04:00,read,key1,0.729,35,false
2026-04-03T16:44:30.534846-04:00,read,key1,1.282,35,false
2026-04-03T16:44:30.534656-04:00,read,key8,1.893,30,false
2026-04-03T16:44:30.536082-04:00,read,key7,0.504,32,false
2026-04-03T16:44:30.533813-04:00,read,key3,2.973,34,false
2026-04-03T16:44:30.536136-04:00,read,key3,0.667,34,false
2026-04-03T16:44:30.534997-04:00,read,key2,1.846,24,false
2026-04-03T16:44:30.536563-04:00,read,key3,0.693,34,false
2026-04-03T16:44:30.535367-04:00,read,key2,1.920,24,false
2026-04-03T16:44:30.536826-04:00,read,key4,0.746,29,false
2026-04-03T16:44:30.536858-04:00,read,key1,0.773,35,false
2026-04-03T16:44:30.53681-04:00,read,key0,0.825,30,false
2026-04-03T16:44:30.53565-04:00,read,key8,2.015,29,false
2026-04-03T16:44:30.53727-04:00,read,key7,0.536,32,false
2026-04-03T16:44:30.537638-04:00,read,key3,0.846,34,false
2026-04-03T16:44:30.537582-04:00,read,key8,0.926,29,false
2026-04-03T16:44:30.537657-04:00,read,key3,0.856,34,false
2026-04-03T16:44:30.537673-04:00,read,key8,0.850,29,false
2026-04-03T16:44:30.537297-04:00,read,key1,1.245,35,false
2026-04-03T16:44:30.537815-04:00,read,key4,1.110,29,false
2026-04-03T16:44:30.538512-04:00,read,key7,0.480,32,false
2026-04-03T16:44:30.538517-04:00,read,key9,0.655,38,false
2026-04-03T16:44:30.538531-04:00,read,key7,0.673,32,false
2026-04-03T16:44:30.538937-04:00,read,key7,0.526,32,false
2026-04-03T16:44:30.538998-04:00,read,key0,0.485,30,false
2026-04-03T16:44:30.53922-04:00,read,key7,0.622,32,false
2026-04-03T16:44:30.539188-04:00,read,key0,0.655,30,false
2026-04-03T16:44:30.538548-04:00,read,key3,1.511,34,false
2026-04-03T16:44:30.538529-04:00,read,key2,1.562,24,false
2026-04-03T16:44:30.539851-04:00,read,key4,0.431,29,false
2026-04-03T16:44:30.539683-04:00,read,key1,0.869,35,false
2026-04-03T16:44:30.539854-04:00,read,key0,0.779,30,false
2026-04-03T16:44:30.54007-04:00,read,key3,0.636,34,false
2026-04-03T16:44:30.540097-04:00,read,key6,0.612,31,false
2026-04-03T16:44:30.540563-04:00,read,key8,0.608,29,false
2026-04-03T16:44:30.540642-04:00,read,key8,0.541,29,false
2026-04-03T16:44:30.540723-04:00,read,key8,0.684,29,false
2026-04-03T16:44:30.541179-04:00,read,key0,0.414,30,false
2026-04-03T16:44:30.540291-04:00,read,key5,1.292,29,false
2026-04-03T16:44:30.540713-04:00,read,key3,0.907,35,false
2026-04-03T16:44:30.541208-04:00,read,key9,0.618,38,false
2026-04-03T16:44:30.541627-04:00,read,key0,0.546,30,false
2026-04-03T16:44:30.541416-04:00,read,key8,0.954,30,false
2026-04-03T16:44:30.541608-04:00,read,key3,0.775,35,false
2026-04-03T16:44:30.542184-04:00,read,key5,0.331,29,false
2026-04-03T16:44:30.542377-04:00,read,key9,0.495,38,false
2026-04-03T16:44:30.541833-04:00,read,key3,1.083,35,false
2026-04-03T16:44:30.542395-04:00,read,key6,0.558,31,false
2026-04-03T16:44:30.542882-04:00,read,key8,0.380,29,false
2026-04-03T16:44:30.542935-04:00,read,key5,0.346,29,false
2026-04-03T16:44:30.54296-04:00,read,key7,0.626,32,false
2026-04-03T16:44:30.543594-04:00,read,key3,0.361,34,false
2026-04-03T16:44:30.543272-04:00,read,key1,0.852,35,false
2026-04-03T16:44:30.543962-04:00,read,key9,0.414,38,false
2026-04-03T16:44:30.54414-04:00,read,key1,0.351,35,false
2026-04-03T16:44:30.54329-04:00,read,key5,1.225,30,false
2026-04-03T16:44:30.544383-04:00,read,key2,0.314,25,false
2026-04-03T16:44:30.544497-04:00,read,key7,0.401,32,false
2026-04-03T16:44:30.544531-04:00,read,key9,0.706,38,false
2026-04-03T16:44:30.545248-04:00,read,key6,0.215,32,false
2026-04-03T16:44:30.544906-04:00,read,key5,0.579,29,false
2026-04-03T16:44:30.544704-04:00,read,key7,0.786,32,false
2026-04-03T16:44:30.545491-04:00,read,key5,0.349,29,false
2026-04-03T16:44:30.545506-04:00,read,key3,0.349,34,false
2026-04-03T16:44:30.545471-04:00,read,key6,0.396,31,false
2026-04-03T16:44:30.545848-04:00,read,key0,0.333,30,false
2026-04-03T16:44:30.545861-04:00,read,key5,0.325,29,false
2026-04-03T16:44:30.546187-04:00,read,key8,0.231,30,false
2026-04-03T16:44:30.545873-04:00,read,key1,0.554,35,false
2026-04-03T16:44:30.546434-04:00,read,key7,0.265,32,false
2026-04-03T16:44:30.546193-04:00,read,key9,0.563,38,false
2026-04-03T16:44:30.546426-04:00,read,key7,0.331,32,false
2026-04-03T16:44:30.546705-04:00,read,key3,0.352,34,false
2026-04-03T16:44:30.546772-04:00,read,key5,0.298,29,false
2026-04-03T16:44:30.546762-04:00,read,key3,0.393,34,false
2026-04-03T16:44:30.547162-04:00,read,key0,0.293,30,false
2026-04-03T16:44:30.547077-04:00,read,key8,0.390,30,false
2026-04-03T16:44:30.54748-04:00,read,key9,0.251,38,false
2026-04-03T16:44:30.547461-04:00,read,key4,0.294,29,false
2026-04-03T16:44:30.547738-04:00,read,key6,0.317,32,false
2026-04-03T16:44:30.547764-04:00,read,key1,0.295,35,false
2026-04-03T16:44:30.548065-04:00,read,key2,0.308,25,false
2026-04-03T16:44:30.548061-04:00,read,key6,0.316,31,false
2026-04-03T16:44:30.54838-04:00,read,key8,0.258,30,false
2026-04-03T16:44:30.548383-04:00,read,key6,0.266,32,false
2026-04-03T16:44:30.548646-04:00,read,key6,0.239,31,false
2026-04-03T16:44:30.548657-04:00,read,key2,0.251,24,false
2026-04-03T16:44:30.548891-04:00,read,key8,0.248,29,false
2026-04-03T16:44:30.548914-04:00,read,key1,0.259,35,false
2026-04-03T16:44:30.549145-04:00,read,key6,0.223,32,false
2026-04-03T16:44:30.54918-04:00,read,key2,0.361,25,false
2026-04-03T16:44:30.549375-04:00,read,key9,0.249,38,false
2026-04-03T16:44:30.54963-04:00,read,key1,0.256,35,false
2026-04-03T16:44:30.549893-04:00,read,key0,0.265,30,false
2026-04-03T16:44:30.550165-04:00,read,key7,0.241,32,false
2026-04-03T16:44:30.550414-04:00,read,key0,0.244,30,false
2026-04-03T16:44:30.550665-04:00,read,key5,0.232,29,false
2026-04-03T16:44:30.550903-04:00,read,key6,0.247,32,false
2026-04-03T16:44:30.551157-04:00,read,key1,0.223,35,false
2026-04-03T16:44:30.551386-04:00,read,key3,0.215,34,false
2026-04-03T16:44:30.551608-04:00,read,key5,0.259,30,false
2026-04-03T16:44:30.551882-04:00,read,key5,0.282,29,false
2026-04-03T16:44:30.552171-04:00,read,key7,0.203,32,false
2026-04-03T16:44:30.55238-04:00,read,key0,0.205,30,false
2026-04-03T16:44:30.552591-04:00,read,key9,0.233,38,false
2026-04-03T16:44:30.534821-04:00,write,key3,1222.068,35,false
2026-04-03T16:44:30.541608-04:00,write,key2,1215.280,25,false
2026-04-03T16:44:30.539477-04:00,write,key2,1217.539,25,false
2026-04-03T16:44:30.536615-04:00,write,key6,1220.255,32,false
2026-04-03T16:44:30.531768-04:00,write,key8,1225.029,30,false
2026-04-03T16:44:30.542529-04:00,write,key5,1214.900,30,false
2026-04-03T16:44:30.531928-04:00,write,key2,1225.538,25,false
2026-04-03T16:44:31.757172-04:00,read,key1,2.631,35,false
2026-04-03T16:44:31.75698-04:00,read,key4,2.870,30,false
2026-04-03T16:44:31.757015-04:00,read,key8,2.904,30,false
2026-04-03T16:44:31.75704-04:00,read,key0,3.093,30,false
2026-04-03T16:44:31.757477-04:00,read,key7,2.690,32,false
2026-04-03T16:44:31.757445-04:00,read,key7,3.265,32,false
2026-04-03T16:44:31.760727-04:00,read,key7,2.338,32,false
2026-04-03T16:44:31.760181-04:00,read,key7,2.915,32,false
2026-04-03T16:44:31.760152-04:00,read,key4,2.934,30,false
2026-04-03T16:44:31.759939-04:00,read,key6,3.191,32,false
2026-04-03T16:44:31.759838-04:00,read,key5,3.227,30,false
2026-04-03T16:44:31.75987-04:00,read,key9,3.328,39,false
2026-04-03T16:44:30.549551-04:00,write,key4,1217.355,30,false
2026-04-03T16:44:31.763147-04:00,read,key6,3.839,32,false
2026-04-03T16:44:30.54707-04:00,write,key6,1219.895,32,false
2026-04-03T16:44:31.763134-04:00,read,key0,4.207,30,false
2026-04-03T16:44:31.763113-04:00,read,key3,4.524,35,false
2026-04-03T16:44:30.552834-04:00,write,key9,1216.137,39,false
2026-04-03T16:44:31.76321-04:00,read,key5,5.798,30,false
2026-04-03T16:44:31.767026-04:00,read,key8,3.763,30,false
2026-04-03T16:44:31.766973-04:00,read,key9,3.869,39,false
2026-04-03T16:44:31.763205-04:00,read,key7,7.677,32,false
2026-04-03T16:44:31.763087-04:00,read,key5,7.818,30,false
2026-04-03T16:44:31.767007-04:00,read,key5,3.908,30,false
2026-04-03T16:44:31.768984-04:00,read,key4,2.510,30,false
2026-04-03T16:44:31.769022-04:00,read,key0,2.473,30,false
2026-04-03T16:44:31.7709-04:00,read,key6,1.077,32,false
2026-04-03T16:44:31.767401-04:00,read,key5,4.939,30,false
2026-04-03T16:44:31.77081-04:00,read,key2,1.570,25,false
2026-04-03T16:44:31.770917-04:00,read,key7,1.478,32,false
2026-04-03T16:44:31.770856-04:00,read,key9,1.587,39,false
2026-04-03T16:44:31.770925-04:00,read,key2,1.523,25,false
2026-04-03T16:44:31.771993-04:00,read,key2,1.268,25,false
2026-04-03T16:44:31.771519-04:00,read,key6,1.820,32,false
2026-04-03T16:44:31.77245-04:00,read,key4,0.934,30,false
2026-04-03T16:44:31.772369-04:00,read,key3,1.032,35,false
2026-04-03T16:44:31.772405-04:00,read,key8,0.964,31,false
2026-04-03T16:44:31.772457-04:00,read,key0,1.348,30,false
2026-04-03T16:44:31.773429-04:00,read,key8,0.838,30,false
2026-04-03T16:44:31.77335-04:00,read,key5,0.918,30,false
2026-04-03T16:44:31.771507-04:00,read,key8,2.831,30,false
2026-04-03T16:44:31.773276-04:00,read,key4,1.267,30,false
2026-04-03T16:44:31.774337-04:00,read,key9,0.893,39,false
2026-04-03T16:44:31.774346-04:00,read,key5,0.900,30,false
2026-04-03T16:44:31.774298-04:00,read,key3,1.124,35,false
2026-04-03T16:44:31.774563-04:00,read,key2,0.865,25,false
2026-04-03T16:44:31.773815-04:00,read,key7,1.944,32,false
2026-04-03T16:44:31.775788-04:00,read,key6,0.443,32,false
2026-04-03T16:44:31.773408-04:00,read,key1,2.853,35,false
2026-04-03T16:44:31.77543-04:00,read,key3,0.882,35,false
2026-04-03T16:44:31.775246-04:00,read,key2,1.156,25,false
2026-04-03T16:44:31.775437-04:00,read,key6,1.124,32,false
2026-04-03T16:44:31.775256-04:00,read,key7,1.344,32,false
2026-04-03T16:44:31.776319-04:00,read,key0,0.924,30,false
2026-04-03T16:44:31.776242-04:00,read,key9,1.042,39,false
2026-04-03T16:44:31.776569-04:00,read,key7,0.789,32,false
2026-04-03T16:44:31.776272-04:00,read,key0,1.289,30,false
2026-04-03T16:44:31.776426-04:00,read,key3,1.369,35,false
2026-04-03T16:44:31.777365-04:00,read,key1,0.852,36,false
2026-04-03T16:44:31.777294-04:00,read,key8,1.005,30,false
2026-04-03T16:44:31.777258-04:00,read,key8,1.069,31,false
2026-04-03T16:44:31.777588-04:00,read,key4,0.884,30,false
2026-04-03T16:44:31.778307-04:00,read,key1,0.450,35,false
2026-04-03T16:44:31.777803-04:00,read,key2,0.959,25,false
2026-04-03T16:44:31.778231-04:00,read,key3,0.574,35,false
2026-04-03T16:44:31.778334-04:00,read,key9,0.575,39,false
2026-04-03T16:44:31.778814-04:00,read,key0,0.569,30,false
2026-04-03T16:44:31.778786-04:00,read,key7,0.612,32,false
2026-04-03T16:44:31.778778-04:00,read,key9,0.733,39,false
2026-04-03T16:44:31.778479-04:00,read,key4,1.092,30,false
2026-04-03T16:44:31.778934-04:00,read,key8,0.700,30,false
2026-04-03T16:44:31.779392-04:00,read,key8,0.622,30,false
2026-04-03T16:44:31.779517-04:00,read,key8,0.527,30,false
2026-04-03T16:44:31.779588-04:00,read,key8,0.474,30,false
2026-04-03T16:44:31.779406-04:00,read,key9,0.662,39,false
2026-04-03T16:44:31.780051-04:00,read,key0,0.364,30,false
2026-04-03T16:44:31.780025-04:00,read,key8,0.440,30,false
2026-04-03T16:44:31.77964-04:00,read,key4,0.833,30,false
2026-04-03T16:44:31.780069-04:00,read,key8,0.589,31,false
2026-04-03T16:44:31.780075-04:00,read,key1,0.596,35,false
2026-04-03T16:44:31.780472-04:00,read,key7,0.407,32,false
2026-04-03T16:44:31.780423-04:00,read,key3,0.471,35,false
2026-04-03T16:44:31.78048-04:00,read,key7,0.961,32,false
2026-04-03T16:44:31.780679-04:00,read,key0,0.800,30,false
2026-04-03T16:44:31.780888-04:00,read,key1,0.795,36,false
2026-04-03T16:44:31.780666-04:00,read,key2,1.035,25,false
2026-04-03T16:44:31.780902-04:00,read,key4,0.843,30,false
2026-04-03T16:44:31.781472-04:00,read,key5,0.479,30,false
2026-04-03T16:44:31.781487-04:00,read,key7,0.486,32,false
2026-04-03T16:44:31.781725-04:00,read,key8,0.487,30,false
2026-04-03T16:44:31.781754-04:00,read,key7,0.516,32,false
2026-04-03T16:44:31.781693-04:00,read,key2,0.580,25,false
2026-04-03T16:44:31.78196-04:00,read,key5,0.658,30,false
2026-04-03T16:44:31.782277-04:00,read,key6,0.578,33,false
2026-04-03T16:44:31.782628-04:00,read,key7,0.528,32,false
2026-04-03T16:44:31.78228-04:00,read,key7,1.090,32,false
2026-04-03T16:44:31.782864-04:00,read,key8,0.604,30,false
2026-04-03T16:44:31.783165-04:00,read,key4,0.368,30,false
2026-04-03T16:44:31.783475-04:00,read,key4,0.329,32,false
2026-04-03T16:44:31.783541-04:00,read,key4,0.469,30,false
2026-04-03T16:44:31.783813-04:00,read,key4,0.480,30,false
2026-04-03T16:44:31.784017-04:00,read,key6,0.282,32,false
2026-04-03T16:44:31.784301-04:00,read,key1,0.263,36,false
2026-04-03T16:44:31.784306-04:00,read,key1,0.270,35,false
2026-04-03T16:44:31.784582-04:00,read,key7,0.288,32,false
2026-04-03T16:44:31.784572-04:00,read,key3,0.314,35,false
2026-04-03T16:44:31.784878-04:00,read,key2,0.382,25,false
2026-04-03T16:44:31.784893-04:00,read,key6,0.468,32,false
2026-04-03T16:44:31.785267-04:00,read,key8,0.259,31,false
2026-04-03T16:44:31.785532-04:00,read,key5,0.285,30,false
2026-04-03T16:44:31.785823-04:00,read,key4,0.333,30,false
2026-04-03T16:44:31.772403-04:00,write,key4,1219.047,31,false
2026-04-03T16:44:31.773403-04:00,write,key2,1219.227,26,false
2026-04-03T16:44:31.757136-04:00,write,key8,1235.935,31,false
2026-04-03T16:44:31.78199-04:00,write,key4,1211.166,32,false
2026-04-03T16:44:31.776616-04:00,write,key6,1216.916,33,false
2026-04-03T16:44:32.993088-04:00,read,key5,1.410,30,false
2026-04-03T16:44:32.992668-04:00,read,key6,2.728,33,false
2026-04-03T16:44:31.782227-04:00,write,key6,1213.179,33,false
2026-04-03T16:44:31.767752-04:00,write,key1,1227.722,36,false
2026-04-03T16:44:32.994153-04:00,read,key6,1.443,33,false
2026-04-03T16:44:31.785371-04:00,write,key0,1210.317,31,false
2026-04-03T16:44:32.991562-04:00,read,key9,5.177,40,false
2026-04-03T16:44:32.995484-04:00,read,key7,1.598,32,false
2026-04-03T16:44:32.995386-04:00,read,key0,1.791,31,false
2026-04-03T16:44:32.995413-04:00,read,key6,10.858,33,false
2026-04-03T16:44:32.99719-04:00,read,key9,9.082,40,false
2026-04-03T16:44:32.997102-04:00,read,key6,9.210,33,false
2026-04-03T16:44:31.783392-04:00,write,key9,1223.115,40,false
2026-04-03T16:44:31.786166-04:00,write,key9,1220.402,40,false
2026-04-03T16:44:32.997068-04:00,read,key5,9.432,30,false
2026-04-03T16:44:33.006295-04:00,read,key2,0.958,26,false
2026-04-03T16:44:33.006329-04:00,read,key5,1.094,30,false
2026-04-03T16:44:33.006512-04:00,read,key4,0.971,32,false
2026-04-03T16:44:33.006599-04:00,read,key7,0.902,32,false
2026-04-03T16:44:33.007509-04:00,read,key1,0.919,36,false
2026-04-03T16:44:33.007267-04:00,read,key1,1.181,36,false
2026-04-03T16:44:33.007494-04:00,read,key5,1.067,30,false
2026-04-03T16:44:33.006592-04:00,read,key1,1.968,36,false
2026-04-03T16:44:33.008458-04:00,read,key9,0.430,40,false
2026-04-03T16:44:33.007433-04:00,read,key8,1.485,31,false
2026-04-03T16:44:33.008581-04:00,read,key8,0.866,31,false
2026-04-03T16:44:33.008447-04:00,read,key2,0.998,26,false
2026-04-03T16:44:33.00894-04:00,read,key3,0.813,36,false
2026-04-03T16:44:33.008898-04:00,read,key1,1.190,36,false
2026-04-03T16:44:33.00859-04:00,read,key2,1.505,26,false
2026-04-03T16:44:33.010111-04:00,read,key7,0.587,32,false
2026-04-03T16:44:33.009763-04:00,read,key4,1.002,32,false
2026-04-03T16:44:33.010735-04:00,read,key8,0.652,31,false
2026-04-03T16:44:33.010779-04:00,read,key9,0.616,40,false
2026-04-03T16:44:33.010178-04:00,read,key0,1.421,32,false
2026-04-03T16:44:33.0114-04:00,read,key4,0.368,32,false
2026-04-03T16:44:33.011404-04:00,read,key8,0.393,31,false
2026-04-03T16:44:33.011615-04:00,read,key0,0.307,31,false
2026-04-03T16:44:33.011777-04:00,read,key7,0.567,32,false
2026-04-03T16:44:33.011818-04:00,read,key9,0.553,40,false
2026-04-03T16:44:33.011928-04:00,read,key5,0.451,30,false
2026-04-03T16:44:33.012353-04:00,read,key1,0.380,36,false
2026-04-03T16:44:33.012379-04:00,read,key3,0.404,35,false
2026-04-03T16:44:33.012392-04:00,read,key4,0.402,32,false
2026-04-03T16:44:33.012741-04:00,read,key0,0.513,32,false
2026-04-03T16:44:33.012789-04:00,read,key2,0.494,26,false
2026-04-03T16:44:33.012801-04:00,read,key2,0.545,27,false
2026-04-03T16:44:33.013351-04:00,read,key7,0.391,32,false
2026-04-03T16:44:33.013748-04:00,read,key1,0.903,37,false
2026-04-03T16:44:33.014658-04:00,read,key9,0.412,40,false
2026-04-03T16:44:33.015077-04:00,read,key8,0.319,32,false
2026-04-03T16:44:33.015404-04:00,read,key7,0.304,32,false
2026-04-03T16:44:33.015715-04:00,read,key7,0.357,32,false
2026-04-03T16:44:33.016078-04:00,read,key0,0.321,31,false
2026-04-03T16:44:33.016405-04:00,read,key1,0.272,36,false
2026-04-03T16:44:33.016684-04:00,read,key3,0.271,35,false
2026-04-03T16:44:33.017034-04:00,read,key3,0.277,35,false
2026-04-03T16:44:33.017317-04:00,read,key2,0.285,26,false
2026-04-03T16:44:32.993177-04:00,write,key3,1231.388,36,false
2026-04-03T16:44:32.995614-04:00,write,key3,1229.040,36,false
2026-04-03T16:44:33.006371-04:00,write,key0,1218.300,32,false
2026-04-03T16:44:33.009469-04:00,write,key6,1215.305,34,false
2026-04-03T16:44:33.013268-04:00,write,key8,1211.570,32,false
2026-04-03T16:44:32.995698-04:00,write,key5,1229.093,31,false
2026-04-03T16:44:33.00947-04:00,write,key2,1215.761,27,false
2026-04-03T16:44:32.995425-04:00,write,key1,1229.751,37,false
2026-04-03T16:44:33.013295-04:00,write,key7,1214.261,33,false
2026-04-03T16:44:33.017617-04:00,write,key9,1209.984,41,false
2026-04-03T16:44:34.22486-04:00,read,key7,4.800,33,false
2026-04-03T16:44:34.224642-04:00,read,key6,5.080,34,false
2026-04-03T16:44:34.225247-04:00,read,key4,4.514,32,false
2026-04-03T16:44:34.22473-04:00,read,key8,5.138,32,false
2026-04-03T16:44:34.224817-04:00,read,key7,5.516,33,false
2026-04-03T16:44:34.224729-04:00,read,key5,5.644,31,false
2026-04-03T16:44:34.227586-04:00,read,key9,3.891,41,false
2026-04-03T16:44:34.22762-04:00,read,key8,4.807,32,false
2026-04-03T16:44:34.230352-04:00,read,key7,3.415,33,false
2026-04-03T16:44:34.229684-04:00,read,key9,4.132,41,false
2026-04-03T16:44:34.224911-04:00,read,key3,8.965,36,false
2026-04-03T16:44:34.231492-04:00,read,key8,2.558,32,false
2026-04-03T16:44:34.22974-04:00,read,key4,4.303,32,false
2026-04-03T16:44:34.22988-04:00,read,key4,4.410,32,false
2026-04-03T16:44:34.234061-04:00,read,key4,2.205,32,false
2026-04-03T16:44:34.233833-04:00,read,key4,2.451,32,false
2026-04-03T16:44:34.233796-04:00,read,key7,2.514,33,false
2026-04-03T16:44:34.233894-04:00,read,key3,2.454,36,false
2026-04-03T16:44:34.234063-04:00,read,key0,2.625,32,false
2026-04-03T16:44:34.232446-04:00,read,key3,4.217,36,false
2026-04-03T16:44:34.234362-04:00,read,key9,2.643,41,false
2026-04-03T16:44:34.236303-04:00,read,key5,2.537,31,false
2026-04-03T16:44:34.236712-04:00,read,key1,2.205,37,false
2026-04-03T16:44:34.236703-04:00,read,key3,2.246,36,false
2026-04-03T16:44:34.23638-04:00,read,key8,2.765,32,false
2026-04-03T16:44:34.236326-04:00,read,key3,2.994,36,false
2026-04-03T16:44:34.236287-04:00,read,key0,3.193,32,false
2026-04-03T16:44:34.238967-04:00,read,key2,2.474,27,false
2026-04-03T16:44:34.239368-04:00,read,key8,2.146,32,false
2026-04-03T16:44:34.238932-04:00,read,key5,2.584,31,false
2026-04-03T16:44:34.239158-04:00,read,key2,2.366,27,false
2026-04-03T16:44:34.238864-04:00,read,key3,2.727,36,false
2026-04-03T16:44:34.241525-04:00,read,key2,2.226,27,false
2026-04-03T16:44:34.237019-04:00,read,key2,6.770,27,false
2026-04-03T16:44:34.239492-04:00,read,key9,4.444,41,false
2026-04-03T16:44:34.241528-04:00,read,key1,2.463,37,false
2026-04-03T16:44:34.241458-04:00,read,key3,2.534,36,false
2026-04-03T16:44:34.24377-04:00,read,key9,1.141,41,false
2026-04-03T16:44:34.244005-04:00,read,key4,0.923,32,false
2026-04-03T16:44:34.243956-04:00,read,key7,1.461,33,false
2026-04-03T16:44:34.241605-04:00,read,key3,3.861,36,false
2026-04-03T16:44:34.243851-04:00,read,key2,1.618,27,false
2026-04-03T16:44:34.244928-04:00,read,key7,0.861,33,false
2026-04-03T16:44:34.245477-04:00,read,key9,0.800,41,false
2026-04-03T16:44:34.245478-04:00,read,key7,0.820,33,false
2026-04-03T16:44:34.244001-04:00,read,key9,2.297,41,false
2026-04-03T16:44:34.245801-04:00,read,key4,0.822,32,false
2026-04-03T16:44:34.244937-04:00,read,key0,1.791,32,false
2026-04-03T16:44:34.246319-04:00,read,key1,0.532,37,false
2026-04-03T16:44:34.246293-04:00,read,key0,0.801,32,false
2026-04-03T16:44:34.246306-04:00,read,key2,0.789,27,false
2026-04-03T16:44:34.246633-04:00,read,key4,0.855,32,false
2026-04-03T16:44:34.246737-04:00,read,key6,0.749,34,false
2026-04-03T16:44:34.246873-04:00,read,key5,0.730,31,false
2026-04-03T16:44:34.247105-04:00,read,key7,0.837,33,false
2026-04-03T16:44:34.247496-04:00,read,key2,0.651,27,false
2026-04-03T16:44:34.248155-04:00,read,key7,0.435,33,false
2026-04-03T16:44:34.247954-04:00,read,key9,0.637,42,false
2026-04-03T16:44:34.247116-04:00,read,key0,1.617,32,false
2026-04-03T16:44:34.247496-04:00,read,key0,1.372,32,false
2026-04-03T16:44:34.247618-04:00,read,key8,1.280,32,false
2026-04-03T16:44:34.248601-04:00,read,key4,0.632,32,false
2026-04-03T16:44:34.248601-04:00,read,key1,0.702,37,false
2026-04-03T16:44:34.248912-04:00,read,key3,0.804,36,false
2026-04-03T16:44:34.248901-04:00,read,key8,0.888,32,false
2026-04-03T16:44:34.249242-04:00,read,key8,0.595,32,false
2026-04-03T16:44:34.249725-04:00,read,key3,0.433,36,false
2026-04-03T16:44:34.249797-04:00,read,key6,0.600,34,false
2026-04-03T16:44:34.249847-04:00,read,key9,0.609,41,false
2026-04-03T16:44:34.250408-04:00,read,key6,0.429,34,false
2026-04-03T16:44:34.249311-04:00,read,key9,1.541,42,false
2026-04-03T16:44:34.250167-04:00,read,key9,0.747,41,false
2026-04-03T16:44:34.250463-04:00,read,key0,0.494,32,false
2026-04-03T16:44:34.250921-04:00,read,key8,0.515,32,false
2026-04-03T16:44:34.250965-04:00,read,key7,0.485,33,false
2026-04-03T16:44:34.250865-04:00,read,key2,0.598,27,false
2026-04-03T16:44:34.250844-04:00,read,key5,0.634,31,false
2026-04-03T16:44:34.251458-04:00,read,key1,0.314,37,false
2026-04-03T16:44:34.251471-04:00,read,key4,0.329,32,false
2026-04-03T16:44:34.251444-04:00,read,key0,0.363,32,false
2026-04-03T16:44:34.251814-04:00,read,key5,0.445,32,false
2026-04-03T16:44:34.251491-04:00,read,key5,0.943,31,false
2026-04-03T16:44:34.251781-04:00,read,key6,0.659,34,false
2026-04-03T16:44:34.252441-04:00,read,key9,0.342,43,false
2026-04-03T16:44:34.251808-04:00,read,key6,0.996,34,false
2026-04-03T16:44:34.252457-04:00,read,key5,0.542,31,false
2026-04-03T16:44:34.252791-04:00,read,key0,0.439,32,false
2026-04-03T16:44:34.252811-04:00,read,key2,0.559,27,false
2026-04-03T16:44:34.253017-04:00,read,key9,0.355,41,false
2026-04-03T16:44:34.253239-04:00,read,key3,0.376,36,false
2026-04-03T16:44:34.25338-04:00,read,key8,0.388,32,false
2026-04-03T16:44:34.253621-04:00,read,key5,0.274,31,false
2026-04-03T16:44:34.252267-04:00,read,key0,1.959,32,false
2026-04-03T16:44:34.253779-04:00,read,key1,0.447,37,false
2026-04-03T16:44:34.253903-04:00,read,key8,0.506,32,false
2026-04-03T16:44:34.254236-04:00,read,key8,0.395,32,false
2026-04-03T16:44:34.253377-04:00,read,key1,1.259,37,false
2026-04-03T16:44:34.254235-04:00,read,key2,0.478,27,false
2026-04-03T16:44:34.254417-04:00,read,key5,0.407,31,false
2026-04-03T16:44:34.254642-04:00,read,key7,0.362,33,false
2026-04-03T16:44:34.254639-04:00,read,key4,0.474,32,false
2026-04-03T16:44:34.25472-04:00,read,key0,0.619,32,false
2026-04-03T16:44:34.25483-04:00,read,key7,0.512,33,false
2026-04-03T16:44:34.255119-04:00,read,key9,0.382,43,false
2026-04-03T16:44:34.255011-04:00,read,key9,0.579,41,false
2026-04-03T16:44:34.255347-04:00,read,key8,0.279,32,false
2026-04-03T16:44:34.255511-04:00,read,key9,0.504,41,false
2026-04-03T16:44:34.255349-04:00,read,key1,0.682,37,false
2026-04-03T16:44:34.256024-04:00,read,key6,0.306,34,false
2026-04-03T16:44:34.256038-04:00,read,key6,0.353,34,false
2026-04-03T16:44:34.25634-04:00,read,key8,0.261,32,false
2026-04-03T16:44:34.256397-04:00,read,key2,0.262,27,false
2026-04-03T16:44:34.256609-04:00,read,key0,0.250,32,false
2026-04-03T16:44:34.256666-04:00,read,key6,0.241,34,false
2026-04-03T16:44:34.256865-04:00,read,key7,0.357,33,false
2026-04-03T16:44:34.256914-04:00,read,key9,0.350,41,false
2026-04-03T16:44:34.257271-04:00,read,key1,0.280,37,false
2026-04-03T16:44:34.257229-04:00,read,key6,0.429,34,false
2026-04-03T16:44:34.257557-04:00,read,key9,0.278,41,false
2026-04-03T16:44:34.257664-04:00,read,key7,0.341,33,false
2026-04-03T16:44:34.257842-04:00,read,key7,0.490,33,false
2026-04-03T16:44:34.258014-04:00,read,key7,0.666,33,false
2026-04-03T16:44:34.258339-04:00,read,key5,0.389,31,false
2026-04-03T16:44:34.258694-04:00,read,key9,0.331,41,false
2026-04-03T16:44:34.258734-04:00,read,key6,0.401,35,false
2026-04-03T16:44:34.259046-04:00,read,key2,0.345,27,false
2026-04-03T16:44:34.259142-04:00,read,key8,0.283,32,false
2026-04-03T16:44:34.259434-04:00,read,key5,0.209,31,false
2026-04-03T16:44:34.259398-04:00,read,key0,0.258,32,false
2026-04-03T16:44:34.25965-04:00,read,key4,0.245,32,false
2026-04-03T16:44:34.259662-04:00,read,key5,0.244,31,false
2026-04-03T16:44:34.259926-04:00,read,key7,0.258,33,false
2026-04-03T16:44:34.259903-04:00,read,key4,0.311,32,false
2026-04-03T16:44:34.260193-04:00,read,key6,0.339,34,false
2026-04-03T16:44:34.260538-04:00,read,key2,0.255,27,false
2026-04-03T16:44:34.229789-04:00,write,key4,1222.440,33,false
2026-04-03T16:44:34.230398-04:00,write,key9,1221.892,42,false
2026-04-03T16:44:34.225288-04:00,write,key6,1227.002,35,false
2026-04-03T16:44:35.452388-04:00,read,key5,2.128,32,false
2026-04-03T16:44:35.452445-04:00,read,key6,2.201,35,false
2026-04-03T16:44:35.452301-04:00,read,key4,2.356,33,false
2026-04-03T16:44:35.454721-04:00,read,key1,1.583,37,false
2026-04-03T16:44:35.454564-04:00,read,key0,1.818,32,false
2026-04-03T16:44:35.454677-04:00,read,key4,1.773,33,false
2026-04-03T16:44:35.456407-04:00,read,key3,1.182,37,false
2026-04-03T16:44:35.456472-04:00,read,key7,1.161,33,false
2026-04-03T16:44:35.456335-04:00,read,key8,1.330,33,false
2026-04-03T16:44:35.45761-04:00,read,key0,1.050,32,false
2026-04-03T16:44:35.457646-04:00,read,key4,1.436,33,false
2026-04-03T16:44:35.457686-04:00,read,key2,1.547,27,false
2026-04-03T16:44:35.459248-04:00,read,key0,1.140,32,false
2026-04-03T16:44:35.458679-04:00,read,key0,1.767,32,false
2026-04-03T16:44:35.460462-04:00,read,key6,0.934,35,false
2026-04-03T16:44:35.460406-04:00,read,key7,0.988,33,false
2026-04-03T16:44:35.46141-04:00,read,key0,1.150,32,false
2026-04-03T16:44:34.245442-04:00,write,key9,1217.379,42,false
2026-04-03T16:44:35.46258-04:00,read,key0,1.001,32,false
2026-04-03T16:44:35.46283-04:00,read,key5,1.240,32,false
2026-04-03T16:44:34.248769-04:00,write,key5,1215.941,32,false
2026-04-03T16:44:35.463596-04:00,read,key9,1.145,42,false
2026-04-03T16:44:34.24159-04:00,write,key9,1224.498,43,false
2026-04-03T16:44:35.464089-04:00,read,key7,2.230,33,false
2026-04-03T16:44:34.255637-04:00,write,key3,1211.381,37,false
2026-04-03T16:44:35.464722-04:00,read,key1,2.345,37,false
2026-04-03T16:44:35.4661-04:00,read,key5,1.464,32,false
2026-04-03T16:44:35.467031-04:00,read,key7,2.323,33,false
2026-04-03T16:44:34.260802-04:00,write,key8,1208.607,33,false
2026-04-03T16:44:35.466336-04:00,read,key9,3.364,42,true
2026-04-03T16:44:35.464777-04:00,read,key3,5.578,37,false
2026-04-03T16:44:35.469371-04:00,read,key8,2.542,33,false
2026-04-03T16:44:35.469714-04:00,read,key0,2.236,32,false
2026-04-03T16:44:34.260224-04:00,write,key8,1211.755,33,false
2026-04-03T16:44:34.255602-04:00,write,key4,1216.352,33,false
2026-04-03T16:44:35.46761-04:00,read,key7,4.865,33,false
2026-04-03T16:44:35.471943-04:00,read,key9,0.947,42,true
2026-04-03T16:44:35.471983-04:00,read,key0,0.926,32,false
2026-04-03T16:44:35.471962-04:00,read,key6,0.959,35,false
2026-04-03T16:44:35.472491-04:00,read,key2,0.449,27,false
2026-04-03T16:44:35.470402-04:00,read,key7,2.916,33,false
2026-04-03T16:44:35.471999-04:00,read,key7,1.657,33,false
2026-04-03T16:44:35.47293-04:00,read,key2,0.761,27,false
2026-04-03T16:44:35.472918-04:00,read,key9,1.258,42,true
2026-04-03T16:44:35.472953-04:00,read,key2,1.453,27,false
2026-04-03T16:44:35.47367-04:00,read,key0,0.739,32,false
2026-04-03T16:44:35.473329-04:00,read,key5,1.192,32,false
2026-04-03T16:44:35.473703-04:00,read,key3,0.822,37,false
2026-04-03T16:44:35.474207-04:00,read,key0,0.752,32,false
2026-04-03T16:44:35.474428-04:00,read,key9,0.564,42,true
2026-04-03T16:44:35.47453-04:00,read,key8,0.841,33,false
2026-04-03T16:44:35.474532-04:00,read,key5,0.845,32,false
2026-04-03T16:44:35.474981-04:00,read,key3,0.661,38,false
2026-04-03T16:44:35.474416-04:00,read,key2,1.244,27,false
2026-04-03T16:44:35.475-04:00,read,key5,0.719,32,false
2026-04-03T16:44:35.475382-04:00,read,key4,0.557,33,false
2026-04-03T16:44:35.47565-04:00,read,key6,0.570,35,false
2026-04-03T16:44:35.475671-04:00,read,key1,0.601,37,false
2026-04-03T16:44:35.476244-04:00,read,key9,0.498,43,false
2026-04-03T16:44:35.475946-04:00,read,key7,0.812,33,false
2026-04-03T16:44:35.476279-04:00,read,key3,0.990,38,false
2026-04-03T16:44:35.476771-04:00,read,key5,0.543,32,false
2026-04-03T16:44:35.477279-04:00,read,key9,0.489,42,true
2026-04-03T16:44:35.477321-04:00,read,key0,0.493,32,false
2026-04-03T16:44:35.477822-04:00,read,key4,0.463,33,false
2026-04-03T16:44:35.477777-04:00,read,key5,0.705,35,false
2026-04-03T16:44:35.478491-04:00,read,key3,0.729,37,false
2026-04-03T16:44:35.479231-04:00,read,key9,0.308,42,true
2026-04-03T16:44:35.479546-04:00,read,key1,0.273,37,false
2026-04-03T16:44:35.479827-04:00,read,key3,0.370,37,false
2026-04-03T16:44:35.480203-04:00,read,key4,0.276,33,false
2026-04-03T16:44:35.480487-04:00,read,key0,0.289,32,false
2026-04-03T16:44:35.480783-04:00,read,key1,0.334,37,false
2026-04-03T16:44:35.481123-04:00,read,key1,0.263,37,false
2026-04-03T16:44:35.481405-04:00,read,key4,0.230,33,false
2026-04-03T16:44:35.481642-04:00,read,key9,0.275,44,false
2026-04-03T16:44:35.461418-04:00,write,key2,1237.313,28,false
2026-04-03T16:44:35.475729-04:00,write,key8,1223.482,34,false
2026-04-03T16:44:35.469478-04:00,write,key5,1229.716,34,false
2026-04-03T16:44:35.475395-04:00,write,key5,1224.037,33,false
2026-04-03T16:44:35.476759-04:00,write,key5,1222.630,35,false
2026-04-03T16:44:35.481934-04:00,write,key2,1217.600,29,false
2026-04-03T16:44:35.472914-04:00,write,key9,1226.637,43,false
2026-04-03T16:44:35.459116-04:00,write,key5,1240.469,33,false
2026-04-03T16:44:35.478298-04:00,write,key9,1221.363,44,false
2026-04-03T16:44:35.467113-04:00,write,key3,1232.576,38,false
2026-04-03T16:44:36.698806-04:00,read,key4,4.341,33,false
2026-04-03T16:44:36.699702-04:00,read,key0,3.529,32,false
2026-04-03T16:44:36.699451-04:00,read,key6,3.791,35,false
2026-04-03T16:44:36.699273-04:00,read,key3,3.944,38,false
2026-04-03T16:44:36.699491-04:00,read,key5,3.847,34,true
2026-04-03T16:44:36.699272-04:00,read,key8,4.580,34,false
2026-04-03T16:44:36.699635-04:00,read,key7,4.288,33,false
2026-04-03T16:44:36.703955-04:00,read,key3,3.139,38,false
2026-04-03T16:44:36.703187-04:00,read,key3,3.900,38,false
2026-04-03T16:44:36.703263-04:00,read,key2,3.941,29,false
2026-04-03T16:44:36.707114-04:00,read,key2,2.648,29,false
2026-04-03T16:44:36.707113-04:00,read,key2,2.711,29,false
2026-04-03T16:44:36.703927-04:00,read,key0,5.898,32,false
2026-04-03T16:44:36.703689-04:00,read,key3,6.262,38,false
2026-04-03T16:44:36.709965-04:00,read,key4,3.568,33,false
2026-04-03T16:44:36.707225-04:00,read,key3,6.308,38,false
2026-04-03T16:44:36.709788-04:00,read,key0,3.771,32,false
2026-04-03T16:44:36.709842-04:00,read,key7,3.709,33,false
2026-04-03T16:44:36.713596-04:00,read,key6,0.493,35,false
2026-04-03T16:44:36.713563-04:00,read,key9,0.754,44,false
2026-04-03T16:44:36.713573-04:00,read,key7,0.803,33,false
2026-04-03T16:44:36.713554-04:00,read,key3,0.822,38,false
2026-04-03T16:44:36.714387-04:00,read,key7,0.515,33,false
2026-04-03T16:44:36.714382-04:00,read,key7,0.520,33,false
2026-04-03T16:44:36.714325-04:00,read,key1,0.639,38,false
2026-04-03T16:44:36.714102-04:00,read,key7,0.859,33,false
2026-04-03T16:44:36.71498-04:00,read,key0,0.739,32,false
2026-04-03T16:44:36.714914-04:00,read,key1,0.823,38,false
2026-04-03T16:44:36.714917-04:00,read,key2,0.830,29,false
2026-04-03T16:44:36.71497-04:00,read,key0,0.849,32,false
2026-04-03T16:44:36.715746-04:00,read,key3,0.503,38,false
2026-04-03T16:44:36.715768-04:00,read,key9,0.531,44,false
2026-04-03T16:44:36.715734-04:00,read,key5,0.565,34,true
2026-04-03T16:44:36.71631-04:00,read,key1,0.457,38,false
2026-04-03T16:44:36.715826-04:00,read,key6,0.965,35,false
2026-04-03T16:44:36.716307-04:00,read,key2,0.496,29,false
2026-04-03T16:44:36.716259-04:00,read,key8,0.550,34,false
2026-04-03T16:44:36.716776-04:00,read,key0,0.644,32,false
2026-04-03T16:44:36.716809-04:00,read,key8,0.606,34,false
2026-04-03T16:44:36.716801-04:00,read,key8,0.616,34,false
2026-04-03T16:44:36.716817-04:00,read,key2,0.690,29,false
2026-04-03T16:44:36.717513-04:00,read,key1,0.319,37,false
2026-04-03T16:44:36.71743-04:00,read,key5,0.423,35,false
2026-04-03T16:44:36.717436-04:00,read,key1,0.436,38,false
2026-04-03T16:44:36.717429-04:00,read,key7,0.496,33,false
2026-04-03T16:44:36.717841-04:00,read,key2,0.562,29,false
2026-04-03T16:44:36.717878-04:00,read,key3,0.529,38,false
2026-04-03T16:44:36.717933-04:00,read,key1,0.556,37,false
2026-04-03T16:44:36.71786-04:00,read,key3,0.664,38,false
2026-04-03T16:44:36.718496-04:00,read,key6,0.422,35,false
2026-04-03T16:44:36.718411-04:00,read,key3,0.527,38,false
2026-04-03T16:44:36.718415-04:00,read,key2,0.755,29,false
2026-04-03T16:44:36.71853-04:00,read,key9,0.860,44,false
2026-04-03T16:44:36.718946-04:00,read,key2,0.505,29,false
2026-04-03T16:44:36.718928-04:00,read,key8,0.693,34,false
2026-04-03T16:44:36.719399-04:00,read,key4,0.395,33,false
2026-04-03T16:44:36.719193-04:00,read,key6,0.686,35,false
2026-04-03T16:44:36.719458-04:00,read,key1,0.702,37,false
2026-04-03T16:44:36.71963-04:00,read,key7,0.529,33,false
2026-04-03T16:44:36.719801-04:00,read,key7,0.520,33,false
2026-04-03T16:44:36.719888-04:00,read,key2,0.568,30,false
2026-04-03T16:44:36.720172-04:00,read,key0,0.557,32,false
2026-04-03T16:44:36.72033-04:00,read,key5,0.411,34,true
2026-04-03T16:44:36.720178-04:00,read,key5,0.580,34,true
2026-04-03T16:44:36.720463-04:00,read,key1,0.810,37,false
2026-04-03T16:44:36.720767-04:00,read,key2,0.541,30,false
2026-04-03T16:44:36.72074-04:00,read,key6,0.577,35,false
2026-04-03T16:44:36.720748-04:00,read,key2,0.623,30,false
2026-04-03T16:44:36.721296-04:00,read,key3,0.531,38,false
2026-04-03T16:44:36.721377-04:00,read,key6,0.622,35,false
2026-04-03T16:44:36.721315-04:00,read,key3,0.758,38,false
2026-04-03T16:44:36.721837-04:00,read,key8,0.594,34,false
2026-04-03T16:44:36.722008-04:00,read,key6,0.427,35,false
2026-04-03T16:44:36.72208-04:00,read,key2,0.438,29,false
2026-04-03T16:44:36.722441-04:00,read,key2,0.335,29,false
2026-04-03T16:44:36.722529-04:00,read,key3,0.349,38,false
2026-04-03T16:44:36.722785-04:00,read,key4,0.548,33,false
2026-04-03T16:44:36.722443-04:00,read,key0,0.890,32,false
2026-04-03T16:44:36.722885-04:00,read,key3,0.461,38,false
2026-04-03T16:44:36.703264-04:00,write,key2,1223.886,30,false
2026-04-03T16:44:36.699577-04:00,write,key5,1227.648,34,false
2026-04-03T16:44:36.699679-04:00,write,key1,1227.541,38,false
2026-04-03T16:44:36.699567-04:00,write,key1,1229.497,38,false
2026-04-03T16:44:36.703285-04:00,write,key1,1225.688,38,false
2026-04-03T16:44:36.709899-04:00,write,key5,1219.145,36,false
2026-04-03T16:44:36.72335-04:00,write,key5,1213.813,35,false
2026-04-03T16:44:36.721335-04:00,write,key7,1216.538,34,false
2026-04-03T16:44:36.723357-04:00,write,key1,1214.578,39,false
2026-04-03T16:44:36.72335-04:00,write,key4,1216.310,34,false
