timestamp,type,key,latency_ms,version,stale
2026-04-03T16:33:06.63292-04:00,read,key0,6.938,15,false
2026-04-03T16:33:06.633833-04:00,read,key1,6.085,26,false
2026-04-03T16:33:06.633317-04:00,read,key6,6.646,24,false
2026-04-03T16:33:06.63379-04:00,read,key1,6.179,26,false
2026-04-03T16:33:06.632987-04:00,read,key7,7.205,27,false
2026-04-03T16:33:06.632924-04:00,read,key5,8.459,23,false
2026-04-03T16:33:06.633763-04:00,read,key6,7.651,24,false
2026-04-03T16:33:06.633764-04:00,read,key4,7.742,26,false
2026-04-03T16:33:06.633725-04:00,read,key2,7.812,38,false
2026-04-03T16:33:06.639978-04:00,read,key4,1.606,26,false
2026-04-03T16:33:06.641393-04:00,read,key5,1.452,23,false
2026-04-03T16:33:06.639889-04:00,read,key2,2.992,38,false
2026-04-03T16:33:06.641419-04:00,read,key0,1.515,15,false
2026-04-03T16:33:06.641511-04:00,read,key8,1.493,11,false
2026-04-03T16:33:06.640205-04:00,read,key5,2.805,23,false
2026-04-03T16:33:06.641542-04:00,read,key0,1.491,15,false
2026-04-03T16:33:06.642888-04:00,read,key6,1.426,24,false
2026-04-03T16:33:06.643014-04:00,read,key1,1.326,26,false
2026-04-03T16:33:06.641589-04:00,read,key4,2.745,26,false
2026-04-03T16:33:06.643018-04:00,read,key5,1.405,23,false
2026-04-03T16:33:06.643036-04:00,read,key3,1.444,26,false
2026-04-03T16:33:06.642861-04:00,read,key3,1.630,26,false
2026-04-03T16:33:06.644351-04:00,read,key5,1.383,23,false
2026-04-03T16:33:06.644497-04:00,read,key4,1.260,26,false
2026-04-03T16:33:06.644337-04:00,read,key1,1.507,26,false
2026-04-03T16:33:06.644358-04:00,read,key4,1.585,26,false
2026-04-03T16:33:06.644486-04:00,read,key9,1.507,24,false
2026-04-03T16:33:06.645747-04:00,read,key0,1.608,15,false
2026-04-03T16:33:06.645949-04:00,read,key7,1.415,27,false
2026-04-03T16:33:06.645763-04:00,read,key9,1.603,24,false
2026-04-03T16:33:06.645861-04:00,read,key8,1.510,11,false
2026-04-03T16:33:06.646-04:00,read,key2,1.390,38,false
2026-04-03T16:33:06.647377-04:00,read,key9,1.071,23,false
2026-04-03T16:33:06.647365-04:00,read,key0,1.089,15,false
2026-04-03T16:33:06.647371-04:00,read,key5,1.124,23,false
2026-04-03T16:33:06.648455-04:00,read,key4,0.720,26,false
2026-04-03T16:33:06.648461-04:00,read,key3,0.728,26,false
2026-04-03T16:33:06.647397-04:00,read,key6,1.794,24,false
2026-04-03T16:33:06.649201-04:00,read,key2,0.755,38,false
2026-04-03T16:33:06.649203-04:00,read,key7,0.990,27,false
2026-04-03T16:33:06.648501-04:00,read,key4,1.764,26,false
2026-04-03T16:33:06.649182-04:00,read,key7,1.117,27,false
2026-04-03T16:33:06.64997-04:00,read,key0,0.575,15,false
2026-04-03T16:33:06.6502-04:00,read,key9,0.621,24,false
2026-04-03T16:33:06.650305-04:00,read,key5,0.533,23,false
2026-04-03T16:33:06.650271-04:00,read,key3,0.573,26,false
2026-04-03T16:33:06.650551-04:00,read,key8,0.507,11,false
2026-04-03T16:33:06.65085-04:00,read,key0,0.474,15,false
2026-04-03T16:33:06.650845-04:00,read,key5,0.486,23,false
2026-04-03T16:33:06.650827-04:00,read,key9,0.508,23,false
2026-04-03T16:33:06.651063-04:00,read,key1,0.613,26,false
2026-04-03T16:33:06.651331-04:00,read,key4,0.722,26,false
2026-04-03T16:33:06.651348-04:00,read,key7,0.718,27,false
2026-04-03T16:33:06.652073-04:00,read,key5,0.507,23,false
2026-04-03T16:33:06.652059-04:00,read,key7,0.538,27,false
2026-04-03T16:33:06.651682-04:00,read,key9,1.319,24,false
2026-04-03T16:33:06.653014-04:00,read,key3,0.629,26,false
2026-04-03T16:33:06.653655-04:00,read,key5,0.414,23,false
2026-04-03T16:33:06.654074-04:00,read,key3,0.552,26,false
2026-04-03T16:33:06.65463-04:00,read,key3,0.236,26,false
2026-04-03T16:33:06.65487-04:00,read,key1,0.174,26,false
2026-04-03T16:33:06.633567-04:00,write,key5,1230.024,24,false
2026-04-03T16:33:06.639989-04:00,write,key6,1223.601,25,false
2026-04-03T16:33:06.642942-04:00,write,key7,1220.649,28,false
2026-04-03T16:33:06.639941-04:00,write,key1,1223.649,27,false
2026-04-03T16:33:07.863715-04:00,read,key0,2.489,16,false
2026-04-03T16:33:07.86371-04:00,read,key8,2.527,11,false
2026-04-03T16:33:07.863766-04:00,read,key8,2.472,11,false
2026-04-03T16:33:07.866255-04:00,read,key1,1.417,27,false
2026-04-03T16:33:07.866273-04:00,read,key6,1.455,27,false
2026-04-03T16:33:07.866238-04:00,read,key5,1.578,24,false
2026-04-03T16:33:06.655049-04:00,write,key6,1213.364,27,false
2026-04-03T16:33:06.644431-04:00,write,key6,1224.326,26,false
2026-04-03T16:33:06.647379-04:00,write,key7,1221.435,29,false
2026-04-03T16:33:06.652608-04:00,write,key4,1216.234,27,false
2026-04-03T16:33:06.652595-04:00,write,key7,1216.257,30,false
2026-04-03T16:33:06.651339-04:00,write,key0,1217.737,16,false
2026-04-03T16:33:07.867837-04:00,read,key5,2.251,24,false
2026-04-03T16:33:07.86377-04:00,read,key8,6.552,11,false
2026-04-03T16:33:07.8677-04:00,read,key8,3.832,11,false
2026-04-03T16:33:07.867764-04:00,read,key4,4.807,27,false
2026-04-03T16:33:07.868786-04:00,read,key1,16.178,27,false
2026-04-03T16:33:07.872587-04:00,read,key1,12.418,27,false
2026-04-03T16:33:07.868474-04:00,read,key4,16.593,27,false
2026-04-03T16:33:07.869113-04:00,read,key3,16.214,26,false
2026-04-03T16:33:07.870108-04:00,read,key7,16.869,30,false
2026-04-03T16:33:07.885025-04:00,read,key2,1.984,38,false
2026-04-03T16:33:07.868878-04:00,read,key0,18.138,16,false
2026-04-03T16:33:07.885026-04:00,read,key4,2.059,27,false
2026-04-03T16:33:07.86887-04:00,read,key6,18.214,27,false
2026-04-03T16:33:07.885341-04:00,read,key0,1.751,16,false
2026-04-03T16:33:07.871575-04:00,read,key2,15.566,38,false
2026-04-03T16:33:07.870362-04:00,read,key8,16.778,11,false
2026-04-03T16:33:07.88513-04:00,read,key6,2.011,27,false
2026-04-03T16:33:07.887102-04:00,read,key3,0.493,26,false
2026-04-03T16:33:07.887025-04:00,read,key9,0.812,24,false
2026-04-03T16:33:07.887025-04:00,read,key0,0.836,16,false
2026-04-03T16:33:07.887037-04:00,read,key7,0.838,30,false
2026-04-03T16:33:07.887102-04:00,read,key1,1.072,27,false
2026-04-03T16:33:07.887149-04:00,read,key4,1.037,27,false
2026-04-03T16:33:07.887889-04:00,read,key6,0.717,27,false
2026-04-03T16:33:07.887149-04:00,read,key6,1.580,27,false
2026-04-03T16:33:07.888192-04:00,read,key3,1.157,26,false
2026-04-03T16:33:07.888739-04:00,read,key2,0.648,38,false
2026-04-03T16:33:07.888196-04:00,read,key4,1.208,27,false
2026-04-03T16:33:07.888615-04:00,read,key8,0.933,11,false
2026-04-03T16:33:07.889365-04:00,read,key9,0.514,24,false
2026-04-03T16:33:07.887153-04:00,read,key2,2.743,38,false
2026-04-03T16:33:07.887845-04:00,read,key5,2.099,24,false
2026-04-03T16:33:07.887879-04:00,read,key0,2.079,16,false
2026-04-03T16:33:07.889559-04:00,read,key9,0.433,24,false
2026-04-03T16:33:07.887091-04:00,read,key4,2.905,27,false
2026-04-03T16:33:07.889396-04:00,read,key6,0.836,27,false
2026-04-03T16:33:07.887615-04:00,read,key5,2.632,24,false
2026-04-03T16:33:07.889413-04:00,read,key2,0.834,38,false
2026-04-03T16:33:07.889998-04:00,read,key0,0.613,16,false
2026-04-03T16:33:07.889952-04:00,read,key1,0.973,27,false
2026-04-03T16:33:07.88989-04:00,read,key7,1.033,30,false
2026-04-03T16:33:07.889964-04:00,read,key6,1.009,27,false
2026-04-03T16:33:07.890255-04:00,read,key0,0.728,16,false
2026-04-03T16:33:07.890003-04:00,read,key8,1.000,11,false
2026-04-03T16:33:07.889917-04:00,read,key8,1.052,11,false
2026-04-03T16:33:07.890938-04:00,read,key6,0.610,27,false
2026-04-03T16:33:07.890267-04:00,read,key1,1.317,27,false
2026-04-03T16:33:07.890992-04:00,read,key3,0.596,26,false
2026-04-03T16:33:07.890629-04:00,read,key0,0.966,16,false
2026-04-03T16:33:07.891019-04:00,read,key7,0.603,30,false
2026-04-03T16:33:07.89098-04:00,read,key4,0.847,27,false
2026-04-03T16:33:07.891598-04:00,read,key0,0.619,16,false
2026-04-03T16:33:07.891607-04:00,read,key3,0.608,26,false
2026-04-03T16:33:07.891592-04:00,read,key6,0.674,27,false
2026-04-03T16:33:07.891628-04:00,read,key3,0.650,26,false
2026-04-03T16:33:07.890239-04:00,read,key6,2.048,27,false
2026-04-03T16:33:07.891569-04:00,read,key9,0.731,23,false
2026-04-03T16:33:07.892273-04:00,read,key9,0.542,23,false
2026-04-03T16:33:07.892262-04:00,read,key7,0.595,30,false
2026-04-03T16:33:07.892228-04:00,read,key9,0.633,24,false
2026-04-03T16:33:07.89101-04:00,read,key4,1.919,27,false
2026-04-03T16:33:07.892293-04:00,read,key3,0.640,26,false
2026-04-03T16:33:07.892286-04:00,read,key9,0.675,24,false
2026-04-03T16:33:07.891836-04:00,read,key3,1.138,26,false
2026-04-03T16:33:07.892868-04:00,read,key7,0.570,30,false
2026-04-03T16:33:07.892981-04:00,read,key9,0.512,23,false
2026-04-03T16:33:07.892967-04:00,read,key8,0.528,11,false
2026-04-03T16:33:07.892864-04:00,read,key1,0.667,27,false
2026-04-03T16:33:07.892826-04:00,read,key2,0.708,38,false
2026-04-03T16:33:07.89295-04:00,read,key1,0.594,27,false
2026-04-03T16:33:07.892937-04:00,read,key5,0.636,24,false
2026-04-03T16:33:07.892308-04:00,read,key4,1.477,27,false
2026-04-03T16:33:07.893503-04:00,read,key9,0.466,24,false
2026-04-03T16:33:07.8935-04:00,read,key3,0.593,26,false
2026-04-03T16:33:07.893566-04:00,read,key6,1.126,27,false
2026-04-03T16:33:07.893456-04:00,read,key4,1.440,27,false
2026-04-03T16:33:07.89358-04:00,read,key6,1.349,27,false
2026-04-03T16:33:07.893542-04:00,read,key7,1.596,30,false
2026-04-03T16:33:07.893796-04:00,read,key2,1.386,38,false
2026-04-03T16:33:07.893975-04:00,read,key0,1.247,16,false
2026-04-03T16:33:07.894712-04:00,read,key6,0.580,27,false
2026-04-03T16:33:07.894943-04:00,read,key2,0.576,38,false
2026-04-03T16:33:07.894904-04:00,read,key3,0.657,26,false
2026-04-03T16:33:07.895199-04:00,read,key7,0.421,30,false
2026-04-03T16:33:07.895147-04:00,read,key0,0.554,16,false
2026-04-03T16:33:07.895306-04:00,read,key8,0.540,11,false
2026-04-03T16:33:07.895228-04:00,read,key3,0.969,26,false
2026-04-03T16:33:07.895707-04:00,read,key6,0.615,27,false
2026-04-03T16:33:07.895883-04:00,read,key3,0.658,26,false
2026-04-03T16:33:07.895528-04:00,read,key7,1.033,30,false
2026-04-03T16:33:07.896207-04:00,read,key5,0.732,24,false
2026-04-03T16:33:07.896344-04:00,read,key3,0.740,26,false
2026-04-03T16:33:07.89659-04:00,read,key2,0.504,38,false
2026-04-03T16:33:07.897101-04:00,read,key8,0.384,11,false
2026-04-03T16:33:07.896949-04:00,read,key5,0.535,24,false
2026-04-03T16:33:07.897093-04:00,read,key8,0.585,11,false
2026-04-03T16:33:07.896558-04:00,read,key3,1.193,26,false
2026-04-03T16:33:07.897494-04:00,read,key2,0.316,38,false
2026-04-03T16:33:07.897493-04:00,read,key3,0.347,26,false
2026-04-03T16:33:07.897685-04:00,read,key4,0.304,27,false
2026-04-03T16:33:07.897816-04:00,read,key0,0.283,16,false
2026-04-03T16:33:07.897761-04:00,read,key2,0.357,38,false
2026-04-03T16:33:07.897996-04:00,read,key2,0.356,38,false
2026-04-03T16:33:07.89813-04:00,read,key3,0.449,26,false
2026-04-03T16:33:07.898123-04:00,read,key4,0.463,27,false
2026-04-03T16:33:07.898359-04:00,read,key8,0.529,11,false
2026-04-03T16:33:07.898586-04:00,read,key2,0.387,38,false
2026-04-03T16:33:07.898593-04:00,read,key7,0.481,30,false
2026-04-03T16:33:07.89898-04:00,read,key3,0.419,26,false
2026-04-03T16:33:07.899081-04:00,read,key6,0.436,27,false
2026-04-03T16:33:07.899408-04:00,read,key3,0.263,26,false
2026-04-03T16:33:07.899686-04:00,read,key1,0.295,27,false
2026-04-03T16:33:07.89999-04:00,read,key5,0.390,24,false
2026-04-03T16:33:07.900389-04:00,read,key4,0.295,27,false
2026-04-03T16:33:07.900692-04:00,read,key1,0.226,27,false
2026-04-03T16:33:07.900925-04:00,read,key6,0.237,27,false
2026-04-03T16:33:07.90117-04:00,read,key6,0.306,27,false
2026-04-03T16:33:07.901484-04:00,read,key3,0.240,26,false
2026-04-03T16:33:07.901731-04:00,read,key0,0.258,16,false
2026-04-03T16:33:07.901997-04:00,read,key9,0.241,24,false
2026-04-03T16:33:07.902247-04:00,read,key4,0.250,27,false
2026-04-03T16:33:07.902504-04:00,read,key7,0.227,30,false
2026-04-03T16:33:07.902738-04:00,read,key6,0.230,27,false
2026-04-03T16:33:07.902976-04:00,read,key1,0.492,27,false
2026-04-03T16:33:07.903478-04:00,read,key3,0.258,26,false
2026-04-03T16:33:07.903745-04:00,read,key5,0.225,24,false
2026-04-03T16:33:07.903978-04:00,read,key1,0.266,27,false
2026-04-03T16:33:07.904256-04:00,read,key8,0.268,11,false
2026-04-03T16:33:07.904533-04:00,read,key8,0.241,11,false
2026-04-03T16:33:07.904785-04:00,read,key0,0.246,16,false
2026-04-03T16:33:07.90504-04:00,read,key4,0.286,27,false
2026-04-03T16:33:07.905334-04:00,read,key7,0.238,30,false
2026-04-03T16:33:07.905581-04:00,read,key0,0.242,16,false
2026-04-03T16:33:07.905832-04:00,read,key4,0.225,27,false
2026-04-03T16:33:07.906065-04:00,read,key9,0.271,24,false
2026-04-03T16:33:07.906346-04:00,read,key8,0.264,11,false
2026-04-03T16:33:07.906619-04:00,read,key7,0.238,30,false
2026-04-03T16:33:07.906865-04:00,read,key5,0.229,24,false
2026-04-03T16:33:07.893547-04:00,write,key9,1236.889,25,false
2026-04-03T16:33:09.130533-04:00,read,key4,1.805,29,false
2026-04-03T16:33:09.13238-04:00,read,key2,1.580,39,false
2026-04-03T16:33:09.133998-04:00,read,key6,1.536,27,false
2026-04-03T16:33:07.894117-04:00,write,key5,1255.241,25,false
2026-04-03T16:33:07.89563-04:00,write,key7,1253.740,32,false
2026-04-03T16:33:07.90711-04:00,write,key1,1242.463,28,false
2026-04-03T16:33:07.895574-04:00,write,key2,1253.965,39,false
2026-04-03T16:33:07.890961-04:00,write,key7,1258.792,31,false
2026-04-03T16:33:07.899528-04:00,write,key9,1250.300,26,false
2026-04-03T16:33:07.868867-04:00,write,key4,1281.091,28,false
2026-04-03T16:33:07.897855-04:00,write,key4,1252.153,29,false
2026-04-03T16:33:07.898903-04:00,write,key7,1251.165,33,false
2026-04-03T16:33:09.149643-04:00,read,key6,3.750,27,false
2026-04-03T16:33:09.14998-04:00,read,key4,3.523,29,false
2026-04-03T16:33:09.149721-04:00,read,key1,3.845,28,false
2026-04-03T16:33:09.149413-04:00,read,key4,4.316,29,false
2026-04-03T16:33:09.149396-04:00,read,key3,4.660,26,false
2026-04-03T16:33:09.153658-04:00,read,key5,2.398,25,false
2026-04-03T16:33:09.153744-04:00,read,key2,2.396,39,false
2026-04-03T16:33:09.153417-04:00,read,key6,3.072,27,false
2026-04-03T16:33:09.150114-04:00,read,key9,7.473,26,false
2026-04-03T16:33:09.153516-04:00,read,key8,4.111,11,false
2026-04-03T16:33:09.154072-04:00,read,key3,3.611,26,false
2026-04-03T16:33:09.149802-04:00,read,key3,7.929,26,false
2026-04-03T16:33:09.150059-04:00,read,key5,7.703,25,false
2026-04-03T16:33:09.156506-04:00,read,key6,2.621,27,false
2026-04-03T16:33:09.157696-04:00,read,key9,2.195,26,false
2026-04-03T16:33:09.156085-04:00,read,key1,3.941,28,false
2026-04-03T16:33:09.156163-04:00,read,key8,8.410,11,false
2026-04-03T16:33:09.159148-04:00,read,key3,5.512,26,false
2026-04-03T16:33:09.157605-04:00,read,key6,7.102,27,false
2026-04-03T16:33:09.157807-04:00,read,key3,6.918,26,false
2026-04-03T16:33:09.157641-04:00,read,key4,7.192,29,false
2026-04-03T16:33:09.159908-04:00,read,key4,6.016,29,false
2026-04-03T16:33:09.160047-04:00,read,key4,7.495,29,false
2026-04-03T16:33:09.164877-04:00,read,key9,2.792,26,false
2026-04-03T16:33:09.16477-04:00,read,key7,3.131,33,false
2026-04-03T16:33:09.164721-04:00,read,key7,3.117,33,false
2026-04-03T16:33:09.16465-04:00,read,key3,3.320,26,false
2026-04-03T16:33:09.167558-04:00,read,key5,2.078,25,false
2026-04-03T16:33:09.167682-04:00,read,key5,2.291,25,false
2026-04-03T16:33:09.165943-04:00,read,key9,4.619,26,false
2026-04-03T16:33:09.164677-04:00,read,key1,5.885,28,false
2026-04-03T16:33:09.169652-04:00,read,key1,0.977,28,false
2026-04-03T16:33:09.167938-04:00,read,key9,2.802,26,false
2026-04-03T16:33:09.167983-04:00,read,key0,2.880,16,false
2026-04-03T16:33:09.169983-04:00,read,key4,0.923,29,false
2026-04-03T16:33:09.167916-04:00,read,key7,2.990,33,false
2026-04-03T16:33:09.17076-04:00,read,key9,0.840,26,false
2026-04-03T16:33:09.17092-04:00,read,key6,0.698,27,false
2026-04-03T16:33:09.170608-04:00,read,key4,1.045,29,false
2026-04-03T16:33:09.170872-04:00,read,key2,0.809,39,false
2026-04-03T16:33:09.170595-04:00,read,key7,1.098,33,false
2026-04-03T16:33:09.170639-04:00,read,key0,1.056,16,false
2026-04-03T16:33:09.170925-04:00,read,key2,0.978,39,false
2026-04-03T16:33:09.1717-04:00,read,key3,0.699,26,false
2026-04-03T16:33:09.171639-04:00,read,key7,0.760,33,false
2026-04-03T16:33:09.171702-04:00,read,key8,0.698,11,false
2026-04-03T16:33:09.17169-04:00,read,key7,0.767,33,false
2026-04-03T16:33:09.171662-04:00,read,key1,0.806,28,false
2026-04-03T16:33:09.172474-04:00,read,key2,0.716,39,false
2026-04-03T16:33:09.172428-04:00,read,key3,0.762,26,false
2026-04-03T16:33:09.172416-04:00,read,key5,0.779,25,false
2026-04-03T16:33:09.172425-04:00,read,key9,1.155,26,false
2026-04-03T16:33:09.171913-04:00,read,key4,1.654,29,false
2026-04-03T16:33:09.172475-04:00,read,key5,1.097,25,false
2026-04-03T16:33:09.173206-04:00,read,key0,0.667,16,false
2026-04-03T16:33:09.173206-04:00,read,key3,0.862,26,false
2026-04-03T16:33:09.173588-04:00,read,key3,0.598,26,false
2026-04-03T16:33:09.173206-04:00,read,key6,1.227,27,false
2026-04-03T16:33:09.173604-04:00,read,key8,1.206,11,false
2026-04-03T16:33:09.174077-04:00,read,key0,0.802,16,false
2026-04-03T16:33:09.173881-04:00,read,key7,1.022,33,false
2026-04-03T16:33:09.174194-04:00,read,key9,0.698,26,false
2026-04-03T16:33:09.173588-04:00,read,key8,1.358,11,false
2026-04-03T16:33:09.174458-04:00,read,key7,0.745,33,false
2026-04-03T16:33:09.174952-04:00,read,key9,0.624,26,false
2026-04-03T16:33:09.174911-04:00,read,key7,0.666,32,true
2026-04-03T16:33:09.174836-04:00,read,key2,0.748,39,false
2026-04-03T16:33:09.174888-04:00,read,key1,0.723,28,false
2026-04-03T16:33:09.174917-04:00,read,key6,0.817,27,false
2026-04-03T16:33:09.175751-04:00,read,key4,0.502,29,false
2026-04-03T16:33:09.175586-04:00,read,key5,0.697,25,false
2026-04-03T16:33:09.175598-04:00,read,key3,0.870,26,false
2026-04-03T16:33:09.175212-04:00,read,key8,1.318,11,false
2026-04-03T16:33:09.176268-04:00,read,key6,0.549,27,false
2026-04-03T16:33:09.176292-04:00,read,key1,0.617,28,false
2026-04-03T16:33:09.176475-04:00,read,key4,0.649,29,false
2026-04-03T16:33:09.176553-04:00,read,key6,0.571,27,false
2026-04-03T16:33:09.177133-04:00,read,key9,0.574,26,false
2026-04-03T16:33:09.177141-04:00,read,key4,0.584,29,false
2026-04-03T16:33:09.176925-04:00,read,key4,0.799,29,false
2026-04-03T16:33:09.177733-04:00,read,key7,0.283,32,true
2026-04-03T16:33:09.177765-04:00,read,key1,0.407,28,false
2026-04-03T16:33:09.17772-04:00,read,key7,0.455,33,false
2026-04-03T16:33:09.178179-04:00,read,key1,0.471,28,false
2026-04-03T16:33:09.178022-04:00,read,key3,0.841,26,false
2026-04-03T16:33:09.17866-04:00,read,key6,0.283,27,false
2026-04-03T16:33:09.17895-04:00,read,key2,0.446,39,false
2026-04-03T16:33:09.17888-04:00,read,key6,0.564,27,false
2026-04-03T16:33:09.179451-04:00,read,key7,0.260,32,true
2026-04-03T16:33:09.179717-04:00,read,key0,0.288,16,false
2026-04-03T16:33:09.180012-04:00,read,key6,0.311,27,false
2026-04-03T16:33:09.180331-04:00,read,key5,0.256,25,false
2026-04-03T16:33:09.149901-04:00,write,key6,1227.559,28,false
2026-04-03T16:33:09.135592-04:00,write,key2,1241.867,40,false
2026-04-03T16:33:10.377623-04:00,read,key6,1.963,28,false
2026-04-03T16:33:10.377541-04:00,read,key8,2.093,13,false
2026-04-03T16:33:10.379658-04:00,read,key8,1.550,12,false
2026-04-03T16:33:10.37963-04:00,read,key1,2.316,28,false
2026-04-03T16:33:09.157756-04:00,write,key9,1224.226,27,false
2026-04-03T16:33:10.381242-04:00,read,key3,2.262,27,false
2026-04-03T16:33:10.382072-04:00,read,key3,1.978,28,false
2026-04-03T16:33:10.383524-04:00,read,key5,1.724,25,false
2026-04-03T16:33:10.38407-04:00,read,key9,1.220,28,false
2026-04-03T16:33:10.385267-04:00,read,key4,1.259,29,false
2026-04-03T16:33:10.386545-04:00,read,key6,0.885,28,false
2026-04-03T16:33:09.175591-04:00,write,key7,1225.115,35,false
2026-04-03T16:33:09.175625-04:00,write,key8,1225.096,12,false
2026-04-03T16:33:09.179409-04:00,write,key3,1221.355,27,false
2026-04-03T16:33:09.180596-04:00,write,key3,1220.233,28,false
2026-04-03T16:33:09.171637-04:00,write,key7,1229.274,34,false
2026-04-03T16:33:09.178187-04:00,write,key9,1222.719,28,false
2026-04-03T16:33:09.17683-04:00,write,key8,1223.947,13,false
2026-04-03T16:33:10.400739-04:00,read,key8,2.984,12,true
2026-04-03T16:33:10.40087-04:00,read,key2,3.124,40,false
2026-04-03T16:33:10.400955-04:00,read,key6,3.104,28,false
2026-04-03T16:33:10.400738-04:00,read,key1,3.328,28,false
2026-04-03T16:33:10.40095-04:00,read,key0,3.499,16,false
2026-04-03T16:33:10.404463-04:00,read,key6,1.446,28,false
2026-04-03T16:33:10.400922-04:00,read,key6,5.222,28,false
2026-04-03T16:33:10.403749-04:00,read,key9,2.675,28,false
2026-04-03T16:33:10.404078-04:00,read,key2,2.437,40,false
2026-04-03T16:33:10.404013-04:00,read,key4,2.555,29,false
2026-04-03T16:33:10.404082-04:00,read,key3,2.812,28,false
2026-04-03T16:33:10.406439-04:00,read,key8,1.850,12,true
2026-04-03T16:33:10.406533-04:00,read,key9,1.994,28,false
2026-04-03T16:33:10.405927-04:00,read,key3,2.609,28,false
2026-04-03T16:33:10.406582-04:00,read,key4,2.169,29,false
2026-04-03T16:33:10.406161-04:00,read,key3,2.755,27,true
2026-04-03T16:33:10.408765-04:00,read,key6,2.275,28,false
2026-04-03T16:33:10.408307-04:00,read,key9,3.231,28,false
2026-04-03T16:33:10.408552-04:00,read,key3,3.858,28,false
2026-04-03T16:33:10.408987-04:00,read,key3,3.465,28,false
2026-04-03T16:33:10.408548-04:00,read,key9,4.411,28,false
2026-04-03T16:33:10.411071-04:00,read,key1,2.232,28,false
2026-04-03T16:33:10.412468-04:00,read,key3,0.938,28,false
2026-04-03T16:33:10.411578-04:00,read,key3,1.932,28,false
2026-04-03T16:33:10.412423-04:00,read,key0,1.089,16,false
2026-04-03T16:33:10.412969-04:00,read,key9,0.621,28,false
2026-04-03T16:33:10.413522-04:00,read,key0,0.659,16,false
2026-04-03T16:33:10.413602-04:00,read,key5,0.580,25,false
2026-04-03T16:33:10.413519-04:00,read,key7,0.673,34,true
2026-04-03T16:33:10.414198-04:00,read,key1,0.562,28,false
2026-04-03T16:33:10.414193-04:00,read,key6,0.570,28,false
2026-04-03T16:33:10.414196-04:00,read,key0,0.767,16,false
2026-04-03T16:33:10.414971-04:00,read,key2,0.490,40,false
2026-04-03T16:33:10.414772-04:00,read,key1,0.691,28,false
2026-04-03T16:33:10.414771-04:00,read,key0,0.742,16,false
2026-04-03T16:33:10.415471-04:00,read,key8,0.459,13,false
2026-04-03T16:33:10.41552-04:00,read,key3,0.455,28,false
2026-04-03T16:33:10.41547-04:00,read,key7,0.554,35,false
2026-04-03T16:33:10.415936-04:00,read,key1,0.410,28,false
2026-04-03T16:33:10.415985-04:00,read,key2,0.532,40,false
2026-04-03T16:33:10.41603-04:00,read,key4,0.751,29,false
2026-04-03T16:33:10.416355-04:00,read,key0,0.495,16,false
2026-04-03T16:33:10.416526-04:00,read,key2,0.461,40,false
2026-04-03T16:33:10.416801-04:00,read,key2,0.448,40,false
2026-04-03T16:33:10.416858-04:00,read,key5,0.461,25,false
2026-04-03T16:33:10.416999-04:00,read,key9,0.721,28,false
2026-04-03T16:33:10.417325-04:00,read,key9,0.396,28,false
2026-04-03T16:33:10.417272-04:00,read,key8,0.452,13,false
2026-04-03T16:33:10.41773-04:00,read,key6,0.436,28,false
2026-04-03T16:33:10.417732-04:00,read,key6,0.436,28,false
2026-04-03T16:33:10.417729-04:00,read,key8,0.442,13,false
2026-04-03T16:33:10.418178-04:00,read,key9,0.454,28,false
2026-04-03T16:33:10.418173-04:00,read,key3,0.462,28,false
2026-04-03T16:33:10.418174-04:00,read,key9,0.464,28,false
2026-04-03T16:33:10.418643-04:00,read,key7,0.309,35,false
2026-04-03T16:33:10.418639-04:00,read,key6,0.354,28,false
2026-04-03T16:33:10.418959-04:00,read,key1,0.362,28,false
2026-04-03T16:33:10.419-04:00,read,key5,0.580,25,false
2026-04-03T16:33:10.419329-04:00,read,key6,0.419,28,false
2026-04-03T16:33:10.419587-04:00,read,key3,0.450,28,false
2026-04-03T16:33:10.419756-04:00,read,key2,0.542,40,false
2026-04-03T16:33:10.420043-04:00,read,key4,0.453,29,false
2026-04-03T16:33:10.42051-04:00,read,key0,0.342,16,false
2026-04-03T16:33:10.420306-04:00,read,key7,0.546,35,false
2026-04-03T16:33:10.420861-04:00,read,key3,0.460,28,false
2026-04-03T16:33:10.420887-04:00,read,key4,0.458,29,false
2026-04-03T16:33:10.421331-04:00,read,key9,0.410,28,false
2026-04-03T16:33:10.421357-04:00,read,key6,0.397,28,false
2026-04-03T16:33:10.421762-04:00,read,key8,0.318,12,true
2026-04-03T16:33:10.422088-04:00,read,key9,0.293,28,false
2026-04-03T16:33:10.422399-04:00,read,key5,0.314,25,false
2026-04-03T16:33:10.42272-04:00,read,key0,0.327,16,false
2026-04-03T16:33:10.423053-04:00,read,key9,0.382,28,false
2026-04-03T16:33:10.423443-04:00,read,key4,0.275,29,false
2026-04-03T16:33:10.423725-04:00,read,key4,0.278,29,false
2026-04-03T16:33:10.424011-04:00,read,key6,0.347,28,false
2026-04-03T16:33:10.424374-04:00,read,key9,0.287,28,false
2026-04-03T16:33:10.42467-04:00,read,key3,0.268,27,true
2026-04-03T16:33:10.424945-04:00,read,key0,0.275,16,false
2026-04-03T16:33:10.425227-04:00,read,key3,0.327,28,false
2026-04-03T16:33:10.381989-04:00,write,key3,1233.571,29,false
2026-04-03T16:33:10.385313-04:00,write,key7,1230.338,36,false
2026-04-03T16:33:10.387454-04:00,write,key0,1228.204,17,false
2026-04-03T16:33:11.615723-04:00,read,key0,1.800,18,false
2026-04-03T16:33:11.61569-04:00,read,key6,1.889,28,false
2026-04-03T16:33:11.615658-04:00,read,key9,1.943,29,false
2026-04-03T16:33:11.617599-04:00,read,key2,1.329,40,false
2026-04-03T16:33:11.617621-04:00,read,key4,1.350,29,false
2026-04-03T16:33:11.617566-04:00,read,key9,1.405,29,false
2026-04-03T16:33:11.618991-04:00,read,key1,1.019,30,false
2026-04-03T16:33:11.618992-04:00,read,key2,1.099,40,false
2026-04-03T16:33:11.618956-04:00,read,key7,1.198,37,false
2026-04-03T16:33:10.400834-04:00,write,key9,1220.248,29,false
2026-04-03T16:33:11.620033-04:00,read,key3,2.095,30,false
2026-04-03T16:33:11.620111-04:00,read,key8,2.037,12,true
2026-04-03T16:33:11.620171-04:00,read,key9,2.207,29,false
2026-04-03T16:33:11.621124-04:00,read,key5,2.422,26,false
2026-04-03T16:33:11.622167-04:00,read,key4,2.094,29,false
2026-04-03T16:33:11.62215-04:00,read,key7,2.152,37,false
2026-04-03T16:33:11.622428-04:00,read,key1,2.479,30,false
2026-04-03T16:33:11.623568-04:00,read,key8,1.526,13,false
2026-04-03T16:33:11.624316-04:00,read,key9,1.325,29,false
2026-04-03T16:33:11.624278-04:00,read,key0,1.399,18,false
2026-04-03T16:33:11.625107-04:00,read,key8,1.542,13,false
2026-04-03T16:33:11.625657-04:00,read,key8,1.031,13,false
2026-04-03T16:33:11.624923-04:00,read,key5,1.765,26,false
2026-04-03T16:33:11.625688-04:00,read,key1,1.049,30,false
2026-04-03T16:33:11.6267-04:00,read,key1,1.159,30,false
2026-04-03T16:33:11.626665-04:00,read,key8,1.250,13,false
2026-04-03T16:33:11.626701-04:00,read,key1,1.257,30,false
2026-04-03T16:33:10.406962-04:00,write,key7,1221.766,37,false
2026-04-03T16:33:11.627929-04:00,read,key5,1.426,26,false
2026-04-03T16:33:11.627877-04:00,read,key9,1.483,29,false
2026-04-03T16:33:10.413323-04:00,write,key1,1216.034,29,false
2026-04-03T16:33:11.627971-04:00,read,key7,1.475,37,false
2026-04-03T16:33:10.413417-04:00,write,key5,1216.074,26,false
2026-04-03T16:33:11.628743-04:00,read,key3,1.622,30,false
2026-04-03T16:33:11.629418-04:00,read,key5,1.635,26,false
2026-04-03T16:33:11.629372-04:00,read,key4,1.986,29,false
2026-04-03T16:33:11.629456-04:00,read,key8,1.934,12,true
2026-04-03T16:33:11.629373-04:00,read,key2,2.746,40,false
2026-04-03T16:33:11.629501-04:00,read,key5,2.649,26,false
2026-04-03T16:33:11.631069-04:00,read,key6,1.452,28,false
2026-04-03T16:33:11.631371-04:00,read,key7,1.195,37,false
2026-04-03T16:33:11.630381-04:00,read,key6,2.195,28,false
2026-04-03T16:33:11.632582-04:00,read,key5,0.708,26,false
2026-04-03T16:33:11.632585-04:00,read,key2,0.745,40,false
2026-04-03T16:33:10.418652-04:00,write,key1,1214.672,30,false
2026-04-03T16:33:10.421754-04:00,write,key3,1211.548,30,false
2026-04-03T16:33:11.632133-04:00,read,key0,1.236,18,false
2026-04-03T16:33:11.633376-04:00,read,key6,0.668,28,false
2026-04-03T16:33:11.633348-04:00,read,key4,0.712,29,false
2026-04-03T16:33:11.631404-04:00,read,key7,2.685,37,false
2026-04-03T16:33:11.63337-04:00,read,key1,0.776,30,false
2026-04-03T16:33:11.633318-04:00,read,key1,0.951,30,false
2026-04-03T16:33:11.633338-04:00,read,key7,0.971,37,false
2026-04-03T16:33:11.632532-04:00,read,key8,1.803,12,true
2026-04-03T16:33:11.634069-04:00,read,key0,0.637,18,false
2026-04-03T16:33:11.634294-04:00,read,key2,0.647,40,false
2026-04-03T16:33:11.634153-04:00,read,key4,0.794,29,false
2026-04-03T16:33:11.63435-04:00,read,key3,1.041,30,false
2026-04-03T16:33:11.634719-04:00,read,key6,0.900,28,false
2026-04-03T16:33:11.634949-04:00,read,key5,0.673,26,false
2026-04-03T16:33:11.635405-04:00,read,key1,0.506,30,false
2026-04-03T16:33:11.635631-04:00,read,key2,0.523,40,false
2026-04-03T16:33:11.634954-04:00,read,key4,1.208,29,false
2026-04-03T16:33:11.635629-04:00,read,key2,0.556,40,false
2026-04-03T16:33:11.63592-04:00,read,key1,0.759,30,false
2026-04-03T16:33:11.6362-04:00,read,key2,0.618,40,false
2026-04-03T16:33:10.425563-04:00,write,key0,1211.410,18,false
2026-04-03T16:33:11.636171-04:00,read,key1,0.876,30,false
2026-04-03T16:33:11.636163-04:00,read,key1,1.023,30,false
2026-04-03T16:33:11.637063-04:00,read,key9,0.627,29,false
2026-04-03T16:33:11.636708-04:00,read,key4,1.021,29,false
2026-04-03T16:33:11.636826-04:00,read,key1,0.923,30,false
2026-04-03T16:33:11.636989-04:00,read,key8,0.781,12,true
2026-04-03T16:33:11.637766-04:00,read,key8,0.526,12,true
2026-04-03T16:33:11.637737-04:00,read,key5,0.588,26,false
2026-04-03T16:33:11.637701-04:00,read,key2,0.666,40,false
2026-04-03T16:33:11.637777-04:00,read,key8,0.598,12,true
2026-04-03T16:33:11.637201-04:00,read,key2,1.291,40,false
2026-04-03T16:33:11.638306-04:00,read,key1,0.938,30,false
2026-04-03T16:33:11.638525-04:00,read,key8,0.737,13,false
2026-04-03T16:33:11.638343-04:00,read,key4,0.921,29,false
2026-04-03T16:33:11.638381-04:00,read,key1,1.263,30,false
2026-04-03T16:33:11.63926-04:00,read,key1,0.445,30,false
2026-04-03T16:33:11.639271-04:00,read,key5,0.559,26,false
2026-04-03T16:33:11.639273-04:00,read,key6,0.629,28,false
2026-04-03T16:33:11.639653-04:00,read,key0,0.473,18,false
2026-04-03T16:33:11.639847-04:00,read,key0,0.637,18,false
2026-04-03T16:33:11.639712-04:00,read,key0,0.768,18,false
2026-04-03T16:33:11.639908-04:00,read,key9,0.746,29,false
2026-04-03T16:33:11.640137-04:00,read,key2,0.529,40,false
2026-04-03T16:33:11.640492-04:00,read,key4,0.455,29,false
2026-04-03T16:33:11.640673-04:00,read,key7,0.366,37,false
2026-04-03T16:33:11.6405-04:00,read,key8,0.591,12,true
2026-04-03T16:33:11.640663-04:00,read,key2,0.431,40,false
2026-04-03T16:33:11.641045-04:00,read,key0,0.442,18,false
2026-04-03T16:33:11.640954-04:00,read,key4,0.546,29,false
2026-04-03T16:33:11.641101-04:00,read,key5,0.507,26,false
2026-04-03T16:33:11.641098-04:00,read,key6,0.534,28,false
2026-04-03T16:33:11.641494-04:00,read,key7,0.330,37,false
2026-04-03T16:33:11.641507-04:00,read,key2,0.322,40,false
2026-04-03T16:33:11.64183-04:00,read,key7,0.391,37,false
2026-04-03T16:33:11.641834-04:00,read,key8,0.388,13,false
2026-04-03T16:33:11.641614-04:00,read,key2,0.615,40,false
2026-04-03T16:33:11.641639-04:00,read,key0,0.583,18,false
2026-04-03T16:33:11.642229-04:00,read,key9,0.399,29,false
2026-04-03T16:33:11.642228-04:00,read,key4,0.429,29,false
2026-04-03T16:33:11.642636-04:00,read,key4,0.308,29,false
2026-04-03T16:33:11.642667-04:00,read,key7,0.403,37,false
2026-04-03T16:33:11.643076-04:00,read,key3,0.418,30,false
2026-04-03T16:33:11.642952-04:00,read,key8,0.623,12,true
2026-04-03T16:33:11.643581-04:00,read,key4,0.268,29,false
2026-04-03T16:33:11.643856-04:00,read,key7,0.244,37,false
2026-04-03T16:33:11.644106-04:00,read,key7,0.376,37,false
2026-04-03T16:33:11.644488-04:00,read,key4,0.242,29,false
2026-04-03T16:33:11.626779-04:00,write,key2,1237.709,41,false
2026-04-03T16:33:11.634119-04:00,write,key6,1230.329,29,false
2026-04-03T16:33:11.64474-04:00,write,key1,1219.835,31,false
2026-04-03T16:33:11.643505-04:00,write,key8,1220.931,17,false
2026-04-03T16:33:11.632179-04:00,write,key8,1232.513,14,false
2026-04-03T16:33:11.634068-04:00,write,key3,1230.639,31,false
2026-04-03T16:33:11.638389-04:00,write,key7,1226.369,38,false
2026-04-03T16:33:11.642245-04:00,write,key8,1222.271,16,false
2026-04-03T16:33:11.64225-04:00,write,key4,1222.590,30,false
2026-04-03T16:33:11.634321-04:00,write,key8,1230.617,15,false
2026-04-03T16:33:12.864643-04:00,read,key6,3.968,29,false
2026-04-03T16:33:12.864529-04:00,read,key1,4.271,31,false
2026-04-03T16:33:12.864604-04:00,read,key6,4.205,29,false
2026-04-03T16:33:12.864732-04:00,read,key9,4.325,29,false
2026-04-03T16:33:12.864636-04:00,read,key3,5.494,31,false
2026-04-03T16:33:12.864743-04:00,read,key2,6.085,41,false
2026-04-03T16:33:12.868649-04:00,read,key3,3.249,31,false
2026-04-03T16:33:12.864994-04:00,read,key0,7.344,18,false
2026-04-03T16:33:12.868825-04:00,read,key1,3.554,31,false
2026-04-03T16:33:12.864805-04:00,read,key3,9.439,31,false
2026-04-03T16:33:12.870849-04:00,read,key2,3.455,41,false
2026-04-03T16:33:12.864802-04:00,read,key0,9.623,18,false
2026-04-03T16:33:12.871919-04:00,read,key3,2.532,31,false
2026-04-03T16:33:12.872357-04:00,read,key6,2.893,29,false
2026-04-03T16:33:12.874345-04:00,read,key7,2.581,38,false
2026-04-03T16:33:12.874309-04:00,read,key2,3.549,41,false
2026-04-03T16:33:12.872394-04:00,read,key5,5.810,26,false
2026-04-03T16:33:12.875296-04:00,read,key1,2.909,31,false
2026-04-03T16:33:12.874476-04:00,read,key3,3.729,31,false
2026-04-03T16:33:12.876948-04:00,read,key3,2.081,31,false
2026-04-03T16:33:12.874448-04:00,read,key3,5.920,31,false
2026-04-03T16:33:12.878225-04:00,read,key7,2.140,38,false
2026-04-03T16:33:12.878221-04:00,read,key0,2.172,18,false
2026-04-03T16:33:12.877882-04:00,read,key7,2.490,38,false
2026-04-03T16:33:12.879048-04:00,read,key9,2.182,29,false
2026-04-03T16:33:12.880381-04:00,read,key4,1.933,30,false
2026-04-03T16:33:12.880407-04:00,read,key0,1.935,18,false
2026-04-03T16:33:12.880438-04:00,read,key3,1.908,31,false
2026-04-03T16:33:12.881244-04:00,read,key6,1.229,29,false
2026-04-03T16:33:12.88233-04:00,read,key7,0.772,38,false
2026-04-03T16:33:12.882356-04:00,read,key5,0.763,26,false
2026-04-03T16:33:12.882354-04:00,read,key6,1.099,29,false
2026-04-03T16:33:12.882481-04:00,read,key2,1.025,41,false
2026-04-03T16:33:12.883118-04:00,read,key0,0.672,18,false
2026-04-03T16:33:12.883129-04:00,read,key2,0.745,41,false
2026-04-03T16:33:12.883514-04:00,read,key4,0.654,30,false
2026-04-03T16:33:12.883464-04:00,read,key4,0.747,30,false
2026-04-03T16:33:12.883882-04:00,read,key2,0.624,41,false
2026-04-03T16:33:12.884218-04:00,read,key4,0.568,30,false
2026-04-03T16:33:12.884177-04:00,read,key3,0.641,31,false
2026-04-03T16:33:12.884516-04:00,read,key3,0.523,31,false
2026-04-03T16:33:12.884794-04:00,read,key2,0.458,41,false
2026-04-03T16:33:12.8838-04:00,read,key9,1.546,29,false
2026-04-03T16:33:12.884826-04:00,read,key9,0.523,29,false
2026-04-03T16:33:12.885046-04:00,read,key6,0.526,29,false
2026-04-03T16:33:12.88526-04:00,read,key9,0.424,29,false
2026-04-03T16:33:12.885373-04:00,read,key8,0.585,16,true
2026-04-03T16:33:12.885356-04:00,read,key0,0.712,18,false
2026-04-03T16:33:12.885581-04:00,read,key3,0.650,31,false
2026-04-03T16:33:12.885692-04:00,read,key4,0.639,30,false
2026-04-03T16:33:12.885967-04:00,read,key1,0.740,31,false
2026-04-03T16:33:12.88625-04:00,read,key7,0.492,38,false
2026-04-03T16:33:12.886076-04:00,read,key6,0.779,29,false
2026-04-03T16:33:12.886339-04:00,read,key5,0.546,26,false
2026-04-03T16:33:12.886717-04:00,read,key5,0.370,26,false
2026-04-03T16:33:12.886749-04:00,read,key5,0.663,26,false
2026-04-03T16:33:12.886894-04:00,read,key3,0.553,31,false
2026-04-03T16:33:12.887436-04:00,read,key4,0.352,30,false
2026-04-03T16:33:12.887096-04:00,read,key5,0.704,26,false
2026-04-03T16:33:12.887797-04:00,read,key5,0.488,26,false
2026-04-03T16:33:12.887808-04:00,read,key9,0.495,29,false
2026-04-03T16:33:12.888324-04:00,read,key1,0.401,31,false
2026-04-03T16:33:12.888297-04:00,read,key3,0.522,31,false
2026-04-03T16:33:12.888828-04:00,read,key0,0.321,18,false
2026-04-03T16:33:12.889159-04:00,read,key7,0.418,38,false
2026-04-03T16:33:12.889585-04:00,read,key5,0.407,26,false
2026-04-03T16:33:12.89-04:00,read,key3,0.298,31,false
2026-04-03T16:33:12.890304-04:00,read,key9,0.361,29,false
2026-04-03T16:33:12.890683-04:00,read,key9,0.259,29,false
2026-04-03T16:33:12.868829-04:00,write,key2,1236.943,42,false
2026-04-03T16:33:12.87823-04:00,write,key0,1227.762,20,false
2026-04-03T16:33:12.887462-04:00,write,key0,1218.310,21,false
2026-04-03T16:33:12.880386-04:00,write,key2,1225.693,43,false
2026-04-03T16:33:12.870153-04:00,write,key4,1236.379,31,false
2026-04-03T16:33:12.886882-04:00,write,key3,1219.726,32,false
2026-04-03T16:33:12.890954-04:00,write,key8,1217.984,19,false
2026-04-03T16:33:14.106597-04:00,read,key8,2.517,19,false
2026-04-03T16:33:14.106643-04:00,read,key8,2.551,19,false
2026-04-03T16:33:14.106288-04:00,read,key6,4.306,30,false
2026-04-03T16:33:14.105991-04:00,read,key4,4.726,31,false
2026-04-03T16:33:14.106201-04:00,read,key6,4.636,30,false
2026-04-03T16:33:12.865071-04:00,write,key0,1243.867,19,false
2026-04-03T16:33:14.110613-04:00,read,key3,1.133,32,false
2026-04-03T16:33:14.109207-04:00,read,key8,3.947,19,false
2026-04-03T16:33:12.869081-04:00,write,key8,1242.656,18,false
2026-04-03T16:33:12.888739-04:00,write,key6,1223.115,30,false
2026-04-03T16:33:14.109138-04:00,read,key7,5.282,38,false
2026-04-03T16:33:14.110743-04:00,read,key4,3.681,31,false
2026-04-03T16:33:14.110996-04:00,read,key5,3.506,26,false
2026-04-03T16:33:14.106045-04:00,read,key0,8.455,21,false
2026-04-03T16:33:14.112183-04:00,read,key6,2.325,30,false
2026-04-03T16:33:14.109016-04:00,read,key8,5.545,19,false
2026-04-03T16:33:14.11168-04:00,read,key6,4.598,30,false
2026-04-03T16:33:14.1144-04:00,read,key6,1.891,30,false
2026-04-03T16:33:14.11444-04:00,read,key5,1.852,26,false
2026-04-03T16:33:14.114435-04:00,read,key2,1.844,43,false
2026-04-03T16:33:14.114515-04:00,read,key3,1.763,32,false
2026-04-03T16:33:14.11447-04:00,read,key8,1.809,19,false
2026-04-03T16:33:14.116347-04:00,read,key3,1.156,32,false
2026-04-03T16:33:14.1163-04:00,read,key2,1.212,43,false
2026-04-03T16:33:14.116348-04:00,read,key7,1.159,38,false
2026-04-03T16:33:14.116305-04:00,read,key0,1.199,21,false
2026-04-03T16:33:14.114518-04:00,read,key7,3.063,38,false
2026-04-03T16:33:14.114514-04:00,read,key8,3.212,19,false
2026-04-03T16:33:14.116311-04:00,read,key5,1.728,26,false
2026-04-03T16:33:14.117741-04:00,read,key2,2.067,43,false
2026-04-03T16:33:14.117511-04:00,read,key6,2.497,30,false
2026-04-03T16:33:14.118044-04:00,read,key8,2.116,19,false
2026-04-03T16:33:14.117589-04:00,read,key5,2.685,26,false
2026-04-03T16:33:14.116309-04:00,read,key1,4.276,31,false
2026-04-03T16:33:14.120285-04:00,read,key5,1.942,26,false
2026-04-03T16:33:14.117526-04:00,read,key5,4.747,26,false
2026-04-03T16:33:14.117519-04:00,read,key6,4.736,30,false
2026-04-03T16:33:14.120165-04:00,read,key0,2.143,21,false
2026-04-03T16:33:14.120596-04:00,read,key8,1.733,19,false
2026-04-03T16:33:14.119825-04:00,read,key5,2.526,26,false
2026-04-03T16:33:14.120013-04:00,read,key9,2.439,29,false
2026-04-03T16:33:14.122321-04:00,read,key9,0.449,29,false
2026-04-03T16:33:14.122355-04:00,read,key7,0.508,38,false
2026-04-03T16:33:14.122299-04:00,read,key3,0.443,32,false
2026-04-03T16:33:14.1223-04:00,read,key1,0.701,31,false
2026-04-03T16:33:14.122479-04:00,read,key5,0.545,26,false
2026-04-03T16:33:14.122785-04:00,read,key1,0.451,31,false
2026-04-03T16:33:14.122232-04:00,read,key1,1.002,31,false
2026-04-03T16:33:14.122378-04:00,read,key3,1.202,32,false
2026-04-03T16:33:14.123011-04:00,read,key0,0.606,21,false
2026-04-03T16:33:14.122888-04:00,read,key4,0.720,31,false
2026-04-03T16:33:14.122873-04:00,read,key6,0.955,30,false
2026-04-03T16:33:14.123035-04:00,read,key5,0.574,26,false
2026-04-03T16:33:14.123242-04:00,read,key2,0.734,43,false
2026-04-03T16:33:14.123715-04:00,read,key3,0.328,32,false
2026-04-03T16:33:14.123839-04:00,read,key6,0.806,30,false
2026-04-03T16:33:14.123594-04:00,read,key6,0.462,30,false
2026-04-03T16:33:14.124049-04:00,read,key7,0.722,38,false
2026-04-03T16:33:14.123985-04:00,read,key1,0.785,31,false
2026-04-03T16:33:14.123824-04:00,read,key2,1.412,43,false
2026-04-03T16:33:14.123244-04:00,read,key5,1.536,26,false
2026-04-03T16:33:14.124745-04:00,read,key6,0.508,30,false
2026-04-03T16:33:14.124663-04:00,read,key5,0.596,26,false
2026-04-03T16:33:14.123899-04:00,read,key2,1.429,43,false
2026-04-03T16:33:14.125242-04:00,read,key9,0.521,29,false
2026-04-03T16:33:14.124851-04:00,read,key5,0.924,26,false
2026-04-03T16:33:14.125263-04:00,read,key5,0.527,26,false
2026-04-03T16:33:14.124782-04:00,read,key9,1.016,29,false
2026-04-03T16:33:14.125264-04:00,read,key3,0.535,32,false
2026-04-03T16:33:14.125773-04:00,read,key4,0.469,31,false
2026-04-03T16:33:14.125354-04:00,read,key0,1.043,21,false
2026-04-03T16:33:14.125829-04:00,read,key9,0.595,29,false
2026-04-03T16:33:14.125788-04:00,read,key4,0.619,31,false
2026-04-03T16:33:14.126481-04:00,read,key2,0.779,43,false
2026-04-03T16:33:14.126439-04:00,read,key4,0.826,31,false
2026-04-03T16:33:14.125816-04:00,read,key4,1.447,31,false
2026-04-03T16:33:14.126405-04:00,read,key9,0.877,29,false
2026-04-03T16:33:14.125796-04:00,read,key6,1.521,30,false
2026-04-03T16:33:14.127287-04:00,read,key9,0.663,29,false
2026-04-03T16:33:14.127265-04:00,read,key3,0.704,32,false
2026-04-03T16:33:14.127275-04:00,read,key4,0.690,31,false
2026-04-03T16:33:14.127272-04:00,read,key8,0.709,19,false
2026-04-03T16:33:14.12733-04:00,read,key8,0.635,19,false
2026-04-03T16:33:14.127991-04:00,read,key8,0.425,19,false
2026-04-03T16:33:14.127975-04:00,read,key8,0.438,19,false
2026-04-03T16:33:14.127987-04:00,read,key9,0.515,29,false
2026-04-03T16:33:14.128012-04:00,read,key8,0.513,19,false
2026-04-03T16:33:14.128421-04:00,read,key0,0.413,21,false
2026-04-03T16:33:14.128506-04:00,read,key4,0.373,31,false
2026-04-03T16:33:14.128421-04:00,read,key3,0.480,32,false
2026-04-03T16:33:14.128909-04:00,read,key2,0.521,43,false
2026-04-03T16:33:14.128541-04:00,read,key0,0.899,21,false
2026-04-03T16:33:14.128888-04:00,read,key1,0.542,31,false
2026-04-03T16:33:14.128843-04:00,read,key1,0.735,31,false
2026-04-03T16:33:14.129468-04:00,read,key6,0.473,30,false
2026-04-03T16:33:14.129458-04:00,read,key4,0.499,31,false
2026-04-03T16:33:14.129458-04:00,read,key8,0.517,19,false
2026-04-03T16:33:14.129584-04:00,read,key0,0.391,21,false
2026-04-03T16:33:14.129963-04:00,read,key4,0.399,31,false
2026-04-03T16:33:14.129954-04:00,read,key5,0.447,26,false
2026-04-03T16:33:14.129986-04:00,read,key5,0.407,26,false
2026-04-03T16:33:14.129993-04:00,read,key2,0.737,43,false
2026-04-03T16:33:14.130407-04:00,read,key6,0.389,30,false
2026-04-03T16:33:14.130371-04:00,read,key8,0.568,19,false
2026-04-03T16:33:14.130408-04:00,read,key3,0.851,32,false
2026-04-03T16:33:14.130769-04:00,read,key5,0.493,26,false
2026-04-03T16:33:14.130806-04:00,read,key9,0.480,29,false
2026-04-03T16:33:14.130945-04:00,read,key6,0.351,30,false
2026-04-03T16:33:14.131267-04:00,read,key1,0.315,31,false
2026-04-03T16:33:14.131265-04:00,read,key2,0.458,43,false
2026-04-03T16:33:14.131308-04:00,read,key3,0.422,32,false
2026-04-03T16:33:14.131292-04:00,read,key9,0.465,29,false
2026-04-03T16:33:14.131595-04:00,read,key7,0.274,38,false
2026-04-03T16:33:14.131762-04:00,read,key6,0.281,30,false
2026-04-03T16:33:14.131729-04:00,read,key7,0.341,38,false
2026-04-03T16:33:14.131736-04:00,read,key6,0.576,30,false
2026-04-03T16:33:14.131874-04:00,read,key5,0.438,26,false
2026-04-03T16:33:14.132076-04:00,read,key7,0.559,38,false
2026-04-03T16:33:14.132052-04:00,read,key7,0.654,38,false
2026-04-03T16:33:14.132326-04:00,read,key9,0.473,29,false
2026-04-03T16:33:14.132325-04:00,read,key0,0.567,21,false
2026-04-03T16:33:14.132807-04:00,read,key8,0.343,19,false
2026-04-03T16:33:14.13264-04:00,read,key9,0.513,29,false
2026-04-03T16:33:14.132761-04:00,read,key6,0.418,30,false
2026-04-03T16:33:14.132897-04:00,read,key3,0.587,32,false
2026-04-03T16:33:14.133227-04:00,read,key4,0.350,31,false
2026-04-03T16:33:14.133155-04:00,read,key2,0.499,43,false
2026-04-03T16:33:14.133599-04:00,read,key8,0.311,19,false
2026-04-03T16:33:14.133512-04:00,read,key2,0.400,43,false
2026-04-03T16:33:14.133942-04:00,read,key8,0.578,19,false
2026-04-03T16:33:14.133937-04:00,read,key0,0.603,21,false
2026-04-03T16:33:14.134556-04:00,read,key8,0.337,19,false
2026-04-03T16:33:14.134551-04:00,read,key5,0.370,26,false
2026-04-03T16:33:14.134932-04:00,read,key2,0.271,43,false
2026-04-03T16:33:14.134898-04:00,read,key9,0.317,29,false
2026-04-03T16:33:14.135208-04:00,read,key8,0.270,19,false
2026-04-03T16:33:14.135484-04:00,read,key3,0.291,32,false
2026-04-03T16:33:14.135784-04:00,read,key9,0.291,29,false
2026-04-03T16:33:14.136093-04:00,read,key5,0.323,26,false
2026-04-03T16:33:14.136422-04:00,read,key5,0.250,26,false
2026-04-03T16:33:14.136678-04:00,read,key7,0.227,38,false
2026-04-03T16:33:14.13691-04:00,read,key2,0.194,43,false
2026-04-03T16:33:14.13711-04:00,read,key4,0.309,31,false
2026-04-03T16:33:14.137424-04:00,read,key8,0.237,19,false
2026-04-03T16:33:14.127961-04:00,write,key6,1222.443,31,false
2026-04-03T16:33:14.114391-04:00,write,key0,1236.050,22,false
2026-04-03T16:33:14.133162-04:00,write,key6,1217.285,32,false
2026-04-03T16:33:14.125254-04:00,write,key2,1225.186,44,false
2026-04-03T16:33:14.114583-04:00,write,key3,1236.034,33,false
2026-04-03T16:33:14.133662-04:00,write,key5,1216.969,27,false
2026-04-03T16:33:14.126262-04:00,write,key2,1224.137,45,false
2026-04-03T16:33:14.117527-04:00,write,key7,1232.872,39,false
2026-04-03T16:33:15.350477-04:00,read,key1,3.648,32,false
2026-04-03T16:33:14.135231-04:00,write,key1,1218.910,32,false
2026-04-03T16:33:14.137669-04:00,write,key6,1216.540,33,false
2026-04-03T16:33:15.350709-04:00,read,key1,3.417,32,false
2026-04-03T16:33:15.350642-04:00,read,key6,3.783,33,false
2026-04-03T16:33:15.350532-04:00,read,key2,3.918,45,false
2026-04-03T16:33:15.350749-04:00,read,key1,3.724,32,false
2026-04-03T16:33:15.350476-04:00,read,key9,4.185,29,false
2026-04-03T16:33:15.350673-04:00,read,key8,4.007,19,false
2026-04-03T16:33:15.354441-04:00,read,key4,3.221,31,false
2026-04-03T16:33:15.354679-04:00,read,key5,3.076,27,false
2026-04-03T16:33:15.354243-04:00,read,key2,3.527,45,false
2026-04-03T16:33:15.354464-04:00,read,key0,3.378,22,false
2026-04-03T16:33:15.354168-04:00,read,key6,3.855,33,false
2026-04-03T16:33:15.354172-04:00,read,key3,3.935,33,false
2026-04-03T16:33:15.357809-04:00,read,key2,2.390,44,true
2026-04-03T16:33:15.358123-04:00,read,key9,2.087,29,false
2026-04-03T16:33:15.35787-04:00,read,key6,2.341,33,false
2026-04-03T16:33:15.35804-04:00,read,key9,2.214,29,false
2026-04-03T16:33:15.357688-04:00,read,key6,2.838,33,false
2026-04-03T16:33:15.357772-04:00,read,key3,2.826,33,false
2026-04-03T16:33:15.354699-04:00,read,key5,7.224,27,false
2026-04-03T16:33:15.354294-04:00,read,key9,7.642,29,false
2026-04-03T16:33:15.360222-04:00,read,key5,3.862,27,false
2026-04-03T16:33:15.360611-04:00,read,key4,3.413,31,false
2026-04-03T16:33:15.360275-04:00,read,key7,4.361,39,false
2026-04-03T16:33:15.360228-04:00,read,key8,4.426,19,false
2026-04-03T16:33:15.361953-04:00,read,key6,3.340,33,false
2026-04-03T16:33:15.364651-04:00,read,key8,3.134,19,false
2026-04-03T16:33:15.364669-04:00,read,key4,3.136,31,false
2026-04-03T16:33:15.364138-04:00,read,key2,3.957,45,false
2026-04-03T16:33:15.3642-04:00,read,key1,3.986,32,false
2026-04-03T16:33:15.367817-04:00,read,key8,1.157,19,false
2026-04-03T16:33:15.367827-04:00,read,key9,1.184,29,false
2026-04-03T16:33:15.368133-04:00,read,key2,0.894,44,true
2026-04-03T16:33:15.365309-04:00,read,key6,3.985,33,false
2026-04-03T16:33:15.369023-04:00,read,key1,0.473,32,false
2026-04-03T16:33:15.368992-04:00,read,key8,0.754,19,false
2026-04-03T16:33:15.369038-04:00,read,key8,0.711,19,false
2026-04-03T16:33:15.369305-04:00,read,key0,0.496,22,false
2026-04-03T16:33:15.369505-04:00,read,key7,0.547,39,false
2026-04-03T16:33:15.369808-04:00,read,key2,0.619,45,false
2026-04-03T16:33:15.368198-04:00,read,key9,2.275,29,false
2026-04-03T16:33:15.36977-04:00,read,key0,0.730,22,false
2026-04-03T16:33:15.369785-04:00,read,key5,0.724,27,false
2026-04-03T16:33:15.370483-04:00,read,key7,0.382,39,false
2026-04-03T16:33:15.370437-04:00,read,key4,0.429,31,false
2026-04-03T16:33:15.370507-04:00,read,key5,0.616,27,false
2026-04-03T16:33:15.370516-04:00,read,key8,0.863,19,false
2026-04-03T16:33:15.370893-04:00,read,key8,0.748,19,false
2026-04-03T16:33:15.370875-04:00,read,key5,0.864,27,false
2026-04-03T16:33:15.371651-04:00,read,key9,0.538,29,false
2026-04-03T16:33:15.371392-04:00,read,key3,0.816,33,false
2026-04-03T16:33:15.372199-04:00,read,key3,0.420,33,false
2026-04-03T16:33:15.371747-04:00,read,key7,0.887,39,false
2026-04-03T16:33:15.372216-04:00,read,key8,0.664,19,false
2026-04-03T16:33:15.372628-04:00,read,key0,0.444,22,false
2026-04-03T16:33:15.372889-04:00,read,key4,0.502,31,false
2026-04-03T16:33:15.3734-04:00,read,key6,0.648,33,false
2026-04-03T16:33:15.374055-04:00,read,key1,0.365,32,false
2026-04-03T16:33:15.374429-04:00,read,key0,0.326,22,false
2026-04-03T16:33:15.374762-04:00,read,key2,0.290,44,true
2026-04-03T16:33:15.37506-04:00,read,key5,0.322,27,false
2026-04-03T16:33:15.354519-04:00,write,key0,1232.628,23,false
2026-04-03T16:33:15.360546-04:00,write,key7,1226.676,40,false
2026-04-03T16:33:15.371137-04:00,write,key8,1216.133,21,false
2026-04-03T16:33:15.361967-04:00,write,key7,1225.255,41,false
2026-04-03T16:33:15.35055-04:00,write,key6,1237.102,34,false
2026-04-03T16:33:15.370072-04:00,write,key0,1217.949,24,false
2026-04-03T16:33:15.372649-04:00,write,key0,1215.423,25,false
2026-04-03T16:33:15.373082-04:00,write,key0,1215.055,26,false
2026-04-03T16:33:15.360335-04:00,write,key8,1227.820,20,false
2026-04-03T16:33:15.375391-04:00,write,key3,1214.218,34,false
2026-04-03T16:33:16.587713-04:00,read,key6,4.234,34,false
2026-04-03T16:33:16.58807-04:00,read,key1,3.921,32,false
2026-04-03T16:33:16.587262-04:00,read,key6,4.992,34,false
2026-04-03T16:33:16.587228-04:00,read,key3,5.876,34,false
2026-04-03T16:33:16.587426-04:00,read,key6,5.717,34,false
2026-04-03T16:33:16.588164-04:00,read,key5,5.539,27,false
2026-04-03T16:33:16.587636-04:00,read,key4,6.110,31,false
2026-04-03T16:33:16.593759-04:00,read,key2,1.672,44,true
2026-04-03T16:33:16.59198-04:00,read,key6,3.814,34,false
2026-04-03T16:33:16.593719-04:00,read,key6,2.443,34,false
2026-04-03T16:33:16.59312-04:00,read,key0,3.083,26,false
2026-04-03T16:33:16.588104-04:00,read,key8,8.796,21,false
2026-04-03T16:33:16.596218-04:00,read,key9,2.009,29,false
2026-04-03T16:33:16.595845-04:00,read,key9,2.448,29,false
2026-04-03T16:33:16.592359-04:00,read,key5,5.962,27,false
2026-04-03T16:33:16.595454-04:00,read,key7,2.890,40,true
2026-04-03T16:33:16.589626-04:00,read,key9,8.748,29,false
2026-04-03T16:33:16.596178-04:00,read,key4,2.383,31,false
2026-04-03T16:33:16.596922-04:00,read,key3,2.098,34,false
2026-04-03T16:33:16.598248-04:00,read,key2,1.679,45,false
2026-04-03T16:33:16.598359-04:00,read,key3,1.639,34,false
2026-04-03T16:33:16.598308-04:00,read,key9,1.784,29,false
2026-04-03T16:33:16.598575-04:00,read,key3,1.557,34,false
2026-04-03T16:33:16.598384-04:00,read,key3,1.799,34,false
2026-04-03T16:33:16.598333-04:00,read,key7,2.156,41,false
2026-04-03T16:33:16.599034-04:00,read,key5,2.448,27,false
2026-04-03T16:33:16.600502-04:00,read,key0,1.350,25,true
2026-04-03T16:33:16.600148-04:00,read,key2,1.704,45,false
2026-04-03T16:33:16.600196-04:00,read,key5,1.701,27,false
2026-04-03T16:33:16.599942-04:00,read,key8,1.985,21,false
2026-04-03T16:33:16.600011-04:00,read,key2,1.922,45,false
2026-04-03T16:33:16.600103-04:00,read,key8,1.825,21,false
2026-04-03T16:33:16.601495-04:00,read,key4,0.864,31,false
2026-04-03T16:33:16.601956-04:00,read,key1,0.720,32,false
2026-04-03T16:33:16.601967-04:00,read,key7,0.747,40,true
2026-04-03T16:33:16.601935-04:00,read,key9,0.876,29,false
2026-04-03T16:33:16.601907-04:00,read,key6,0.917,34,false
2026-04-03T16:33:16.602719-04:00,read,key8,0.731,21,false
2026-04-03T16:33:16.60282-04:00,read,key5,0.629,27,false
2026-04-03T16:33:16.602727-04:00,read,key2,0.734,45,false
2026-04-03T16:33:16.602832-04:00,read,key3,0.617,34,false
2026-04-03T16:33:16.603466-04:00,read,key6,0.681,34,false
2026-04-03T16:33:16.603463-04:00,read,key9,0.722,29,false
2026-04-03T16:33:16.60347-04:00,read,key0,0.714,26,false
2026-04-03T16:33:16.603471-04:00,read,key4,0.720,31,false
2026-04-03T16:33:16.604196-04:00,read,key2,0.685,45,false
2026-04-03T16:33:16.604164-04:00,read,key4,0.721,31,false
2026-04-03T16:33:16.604193-04:00,read,key9,0.759,29,false
2026-04-03T16:33:16.6042-04:00,read,key0,0.795,25,true
2026-04-03T16:33:16.604895-04:00,read,key4,0.432,31,false
2026-04-03T16:33:16.604895-04:00,read,key8,0.440,21,false
2026-04-03T16:33:16.605003-04:00,read,key9,0.433,29,false
2026-04-03T16:33:16.605343-04:00,read,key7,0.419,40,true
2026-04-03T16:33:16.605443-04:00,read,key1,0.434,32,false
2026-04-03T16:33:16.605338-04:00,read,key1,0.616,32,false
2026-04-03T16:33:16.605886-04:00,read,key3,0.489,34,false
2026-04-03T16:33:16.606387-04:00,read,key8,0.610,21,false
2026-04-03T16:33:16.607007-04:00,read,key4,0.433,31,false
2026-04-03T16:33:16.607474-04:00,read,key0,0.423,24,true
2026-04-03T16:33:16.607909-04:00,read,key5,0.457,27,false
2026-04-03T16:33:16.60838-04:00,read,key7,0.343,41,false
2026-04-03T16:33:16.601874-04:00,write,key2,1228.071,46,false
2026-04-03T16:33:16.588197-04:00,write,key4,1241.874,32,false
2026-04-03T16:33:16.605775-04:00,write,key8,1224.177,23,false
2026-04-03T16:33:16.605968-04:00,write,key3,1224.090,36,false
2026-04-03T16:33:16.593166-04:00,write,key4,1237.080,33,false
2026-04-03T16:33:16.602374-04:00,write,key8,1227.955,22,false
2026-04-03T16:33:16.60497-04:00,write,key1,1225.134,33,false
2026-04-03T16:33:16.601874-04:00,write,key5,1228.717,28,false
2026-04-03T16:33:16.608738-04:00,write,key1,1221.926,34,false
2026-04-03T16:33:16.592022-04:00,write,key3,1238.866,35,false
2026-04-03T16:33:17.830715-04:00,read,key5,3.910,28,false
2026-04-03T16:33:17.830358-04:00,read,key7,4.396,40,true
2026-04-03T16:33:17.83014-04:00,read,key5,4.721,28,false
2026-04-03T16:33:17.830037-04:00,read,key3,5.053,36,false
2026-04-03T16:33:17.830304-04:00,read,key5,4.842,28,false
2026-04-03T16:33:17.830368-04:00,read,key9,5.209,29,false
2026-04-03T16:33:17.830211-04:00,read,key3,5.390,36,false
2026-04-03T16:33:17.834876-04:00,read,key2,3.242,46,false
2026-04-03T16:33:17.83017-04:00,read,key7,7.960,40,true
2026-04-03T16:33:17.830945-04:00,read,key1,7.238,34,false
2026-04-03T16:33:17.834664-04:00,read,key7,3.466,40,true
2026-04-03T16:33:17.830726-04:00,read,key6,7.489,34,false
2026-04-03T16:33:17.834773-04:00,read,key7,3.726,40,true
2026-04-03T16:33:17.83516-04:00,read,key7,3.361,40,true
2026-04-03T16:33:17.835106-04:00,read,key7,3.389,40,true
2026-04-03T16:33:17.835613-04:00,read,key0,2.928,25,true
2026-04-03T16:33:17.838535-04:00,read,key4,9.745,33,false
2026-04-03T16:33:17.835592-04:00,read,key7,12.742,40,true
2026-04-03T16:33:17.838514-04:00,read,key4,9.839,33,false
2026-04-03T16:33:17.838254-04:00,read,key5,10.111,28,false
2026-04-03T16:33:17.838552-04:00,read,key0,9.835,24,true
2026-04-03T16:33:17.838153-04:00,read,key5,10.245,28,false
2026-04-03T16:33:17.838201-04:00,read,key6,10.218,34,false
2026-04-03T16:33:17.838267-04:00,read,key2,10.184,46,false
2026-04-03T16:33:17.848345-04:00,read,key0,0.744,24,true
2026-04-03T16:33:17.848373-04:00,read,key2,0.773,46,false
2026-04-03T16:33:17.848443-04:00,read,key5,0.706,28,false
2026-04-03T16:33:17.848395-04:00,read,key7,0.761,40,true
2026-04-03T16:33:17.84846-04:00,read,key4,0.705,33,false
2026-04-03T16:33:17.848303-04:00,read,key1,0.906,34,false
2026-04-03T16:33:17.849105-04:00,read,key0,0.565,25,true
2026-04-03T16:33:17.849157-04:00,read,key7,0.968,40,true
2026-04-03T16:33:17.849179-04:00,read,key7,0.964,41,false
2026-04-03T16:33:17.849216-04:00,read,key4,0.948,33,false
2026-04-03T16:33:17.849155-04:00,read,key6,1.109,34,false
2026-04-03T16:33:17.850138-04:00,read,key3,0.567,36,false
2026-04-03T16:33:17.849181-04:00,read,key7,1.852,40,true
2026-04-03T16:33:17.849679-04:00,read,key6,1.382,34,false
2026-04-03T16:33:17.850288-04:00,read,key7,0.847,40,true
2026-04-03T16:33:17.850717-04:00,read,key7,0.753,40,true
2026-04-03T16:33:17.851071-04:00,read,key4,0.677,32,true
2026-04-03T16:33:17.851158-04:00,read,key5,0.636,28,false
2026-04-03T16:33:17.851046-04:00,read,key1,0.772,34,false
2026-04-03T16:33:17.851478-04:00,read,key7,0.390,40,true
2026-04-03T16:33:17.851801-04:00,read,key2,0.475,46,false
2026-04-03T16:33:17.851825-04:00,read,key7,0.465,40,true
2026-04-03T16:33:17.851877-04:00,read,key5,0.434,28,false
2026-04-03T16:33:17.85176-04:00,read,key6,0.552,34,false
2026-04-03T16:33:17.852301-04:00,read,key2,0.361,46,false
2026-04-03T16:33:17.852285-04:00,read,key0,0.397,24,true
2026-04-03T16:33:17.852317-04:00,read,key0,0.536,26,false
2026-04-03T16:33:17.85232-04:00,read,key8,0.572,22,true
2026-04-03T16:33:17.852676-04:00,read,key5,0.352,28,false
2026-04-03T16:33:17.85269-04:00,read,key3,0.655,36,false
2026-04-03T16:33:17.852863-04:00,read,key0,0.500,25,true
2026-04-03T16:33:17.8529-04:00,read,key4,0.472,32,true
2026-04-03T16:33:17.853034-04:00,read,key2,0.408,46,false
2026-04-03T16:33:17.85337-04:00,read,key0,0.430,24,true
2026-04-03T16:33:17.853357-04:00,read,key8,0.455,23,false
2026-04-03T16:33:17.85345-04:00,read,key3,0.385,36,false
2026-04-03T16:33:17.85338-04:00,read,key4,0.455,33,false
2026-04-03T16:33:17.853809-04:00,read,key2,0.347,46,false
2026-04-03T16:33:17.853852-04:00,read,key0,0.326,24,true
2026-04-03T16:33:17.853845-04:00,read,key9,0.410,29,false
2026-04-03T16:33:17.853819-04:00,read,key5,0.460,28,false
2026-04-03T16:33:17.854185-04:00,read,key8,0.400,23,false
2026-04-03T16:33:17.854263-04:00,read,key4,0.346,33,false
2026-04-03T16:33:17.854285-04:00,read,key5,0.332,28,false
2026-04-03T16:33:17.854593-04:00,read,key7,0.245,40,true
2026-04-03T16:33:17.854617-04:00,read,key0,0.395,24,true
2026-04-03T16:33:17.854624-04:00,read,key2,0.415,46,false
2026-04-03T16:33:17.854846-04:00,read,key5,0.340,28,false
2026-04-03T16:33:17.855045-04:00,read,key7,0.445,41,false
2026-04-03T16:33:17.855193-04:00,read,key4,0.515,33,false
2026-04-03T16:33:17.855499-04:00,read,key5,0.451,28,false
2026-04-03T16:33:17.855715-04:00,read,key6,0.387,34,false
2026-04-03T16:33:17.855958-04:00,read,key0,0.461,25,true
2026-04-03T16:33:17.856427-04:00,read,key7,0.389,41,false
2026-04-03T16:33:17.856825-04:00,read,key9,0.359,29,false
2026-04-03T16:33:17.85719-04:00,read,key9,0.337,29,false
2026-04-03T16:33:17.857534-04:00,read,key5,0.262,28,false
2026-04-03T16:33:17.856118-04:00,write,key5,1217.117,30,false
2026-04-03T16:33:17.850177-04:00,write,key2,1223.076,49,false
2026-04-03T16:33:17.848411-04:00,write,key5,1224.905,29,false
2026-04-03T16:33:17.855022-04:00,write,key3,1218.385,37,false
2026-04-03T16:33:17.850159-04:00,write,key6,1223.103,35,false
2026-04-03T16:33:17.838166-04:00,write,key0,1235.085,27,false
2026-04-03T16:33:17.838563-04:00,write,key2,1234.847,47,false
2026-04-03T16:33:17.854178-04:00,write,key4,1219.388,34,false
2026-04-03T16:33:17.848374-04:00,write,key2,1225.575,48,false
2026-04-03T16:33:17.857806-04:00,write,key6,1217.278,36,false
2026-04-03T16:33:19.073428-04:00,read,key4,4.976,34,false
2026-04-03T16:33:19.073965-04:00,read,key5,4.452,29,true
2026-04-03T16:33:19.073584-04:00,read,key8,4.834,23,false
2026-04-03T16:33:19.073465-04:00,read,key7,5.013,41,false
2026-04-03T16:33:19.073317-04:00,read,key6,5.505,36,false
2026-04-03T16:33:19.075105-04:00,read,key2,3.942,49,false
2026-04-03T16:33:19.078432-04:00,read,key7,3.227,40,true
2026-04-03T16:33:19.078836-04:00,read,key0,3.068,27,false
2026-04-03T16:33:19.078494-04:00,read,key2,3.738,48,true
2026-04-03T16:33:19.078435-04:00,read,key2,4.717,48,true
2026-04-03T16:33:19.079068-04:00,read,key6,6.166,36,false
2026-04-03T16:33:19.081684-04:00,read,key5,3.613,29,true
2026-04-03T16:33:19.082046-04:00,read,key9,3.231,29,false
2026-04-03T16:33:19.082252-04:00,read,key0,3.070,27,false
2026-04-03T16:33:19.085315-04:00,read,key7,1.860,40,true
2026-04-03T16:33:19.085332-04:00,read,key9,1.852,29,false
2026-04-03T16:33:19.085253-04:00,read,key1,2.789,34,false
2026-04-03T16:33:19.08317-04:00,read,key6,4.914,36,false
2026-04-03T16:33:19.087343-04:00,read,key1,0.811,34,false
2026-04-03T16:33:19.087313-04:00,read,key7,0.883,40,true
2026-04-03T16:33:19.088246-04:00,read,key2,0.490,48,true
2026-04-03T16:33:19.088059-04:00,read,key8,0.672,23,false
2026-04-03T16:33:19.088121-04:00,read,key8,0.634,22,true
2026-04-03T16:33:19.088746-04:00,read,key3,0.675,37,false
2026-04-03T16:33:19.088762-04:00,read,key5,0.666,30,false
2026-04-03T16:33:19.088746-04:00,read,key3,0.906,37,false
2026-04-03T16:33:19.089442-04:00,read,key3,0.508,37,false
2026-04-03T16:33:19.089429-04:00,read,key7,0.615,40,true
2026-04-03T16:33:19.089661-04:00,read,key2,0.386,49,false
2026-04-03T16:33:19.089958-04:00,read,key7,0.376,40,true
2026-04-03T16:33:19.090055-04:00,read,key0,0.542,27,false
2026-04-03T16:33:19.090052-04:00,read,key3,0.573,37,false
2026-04-03T16:33:19.090345-04:00,read,key0,0.807,27,false
2026-04-03T16:33:19.090606-04:00,read,key3,0.727,37,false
2026-04-03T16:33:19.090632-04:00,read,key3,0.790,37,false
2026-04-03T16:33:19.091167-04:00,read,key5,0.483,30,false
2026-04-03T16:33:19.091342-04:00,read,key2,0.576,49,false
2026-04-03T16:33:19.09143-04:00,read,key4,0.498,34,false
2026-04-03T16:33:19.091928-04:00,read,key6,0.677,36,false
2026-04-03T16:33:19.091939-04:00,read,key3,0.671,37,false
2026-04-03T16:33:19.091658-04:00,read,key4,1.023,34,false
2026-04-03T16:33:19.092619-04:00,read,key3,0.391,37,false
2026-04-03T16:33:19.092619-04:00,read,key8,0.392,22,true
2026-04-03T16:33:19.092696-04:00,read,key0,0.349,27,false
2026-04-03T16:33:19.093018-04:00,read,key5,0.360,30,false
2026-04-03T16:33:19.093055-04:00,read,key9,0.416,29,false
2026-04-03T16:33:19.093478-04:00,read,key7,0.287,41,false
2026-04-03T16:33:19.093773-04:00,read,key4,0.410,34,false
2026-04-03T16:33:19.094192-04:00,read,key5,0.417,29,true
2026-04-03T16:33:19.094619-04:00,read,key1,0.406,34,false
2026-04-03T16:33:19.095033-04:00,read,key5,0.387,30,false
2026-04-03T16:33:19.095427-04:00,read,key3,0.293,37,false
2026-04-03T16:33:19.095727-04:00,read,key2,0.375,49,false
2026-04-03T16:33:19.09612-04:00,read,key0,0.383,27,false
2026-04-03T16:33:19.093028-04:00,write,key3,1213.871,40,false
2026-04-03T16:33:19.078447-04:00,write,key0,1228.462,30,false
2026-04-03T16:33:19.073542-04:00,write,key9,1233.383,30,false
2026-04-03T16:33:19.07365-04:00,write,key4,1233.142,35,false
2026-04-03T16:33:19.073482-04:00,write,key0,1233.608,28,false
2026-04-03T16:33:19.085385-04:00,write,key3,1221.748,38,false
2026-04-03T16:33:19.073587-04:00,write,key0,1233.882,29,false
2026-04-03T16:33:19.088174-04:00,write,key5,1219.294,31,false
2026-04-03T16:33:19.096514-04:00,write,key0,1210.958,31,false
2026-04-03T16:33:19.093392-04:00,write,key3,1214.428,39,false
2026-04-03T16:33:20.306946-04:00,read,key5,3.808,31,false
2026-04-03T16:33:20.307041-04:00,read,key5,4.053,31,false
2026-04-03T16:33:20.306989-04:00,read,key7,5.399,40,true
2026-04-03T16:33:20.30749-04:00,read,key6,4.916,36,false
2026-04-03T16:33:20.307535-04:00,read,key0,4.897,31,false
2026-04-03T16:33:20.307878-04:00,read,key4,4.624,35,false
2026-04-03T16:33:20.307111-04:00,read,key4,6.182,35,false
2026-04-03T16:33:20.31331-04:00,read,key6,1.697,36,false
2026-04-03T16:33:20.312427-04:00,read,key1,2.587,34,false
2026-04-03T16:33:20.31245-04:00,read,key7,2.630,41,false
2026-04-03T16:33:20.312407-04:00,read,key9,2.850,30,false
2026-04-03T16:33:20.307549-04:00,read,key3,7.772,39,true
2026-04-03T16:33:20.312515-04:00,read,key0,4.810,31,false
2026-04-03T16:33:20.315096-04:00,read,key8,2.224,23,false
2026-04-03T16:33:20.310785-04:00,read,key2,6.582,49,false
2026-04-03T16:33:20.311112-04:00,read,key3,6.253,40,false
2026-04-03T16:33:20.315029-04:00,read,key5,3.652,31,false
2026-04-03T16:33:20.31503-04:00,read,key1,3.710,34,false
2026-04-03T16:33:20.315272-04:00,read,key2,3.468,48,true
2026-04-03T16:33:20.317383-04:00,read,key1,3.697,34,false
2026-04-03T16:33:20.31742-04:00,read,key9,3.858,30,false
2026-04-03T16:33:20.318696-04:00,read,key8,4.150,23,false
2026-04-03T16:33:20.315338-04:00,read,key9,7.548,30,false
2026-04-03T16:33:20.317513-04:00,read,key8,5.515,23,false
2026-04-03T16:33:20.317383-04:00,read,key2,5.683,48,true
2026-04-03T16:33:20.322863-04:00,read,key9,1.961,30,false
2026-04-03T16:33:20.318755-04:00,read,key2,6.142,47,true
2026-04-03T16:33:20.323123-04:00,read,key0,1.820,31,false
2026-04-03T16:33:20.323041-04:00,read,key3,1.964,39,true
2026-04-03T16:33:20.322932-04:00,read,key4,2.074,35,false
2026-04-03T16:33:20.321343-04:00,read,key0,4.310,31,false
2026-04-03T16:33:20.321155-04:00,read,key6,4.523,36,false
2026-04-03T16:33:20.32496-04:00,read,key3,1.187,40,false
2026-04-03T16:33:20.324924-04:00,read,key2,1.286,49,false
2026-04-03T16:33:20.325018-04:00,read,key7,1.225,40,true
2026-04-03T16:33:20.326252-04:00,read,key1,0.592,34,false
2026-04-03T16:33:20.325686-04:00,read,key2,1.962,49,false
2026-04-03T16:33:20.326159-04:00,read,key5,1.713,31,false
2026-04-03T16:33:20.326856-04:00,read,key4,1.015,35,false
2026-04-03T16:33:20.327672-04:00,read,key3,0.585,39,true
2026-04-03T16:33:20.327882-04:00,read,key7,0.625,40,true
2026-04-03T16:33:20.327884-04:00,read,key3,0.656,39,true
2026-04-03T16:33:20.328266-04:00,read,key7,0.496,40,true
2026-04-03T16:33:20.328519-04:00,read,key8,0.332,23,false
2026-04-03T16:33:20.328858-04:00,read,key0,0.378,31,false
2026-04-03T16:33:20.328787-04:00,read,key2,0.496,48,true
2026-04-03T16:33:20.329291-04:00,read,key0,0.399,31,false
2026-04-03T16:33:20.329246-04:00,read,key1,0.443,34,false
2026-04-03T16:33:20.329697-04:00,read,key7,0.380,40,true
2026-04-03T16:33:20.330086-04:00,read,key7,0.374,40,true
2026-04-03T16:33:20.330468-04:00,read,key8,0.327,23,false
2026-04-03T16:33:20.330802-04:00,read,key7,0.355,40,true
2026-04-03T16:33:20.331164-04:00,read,key0,0.306,31,false
2026-04-03T16:33:20.331477-04:00,read,key3,0.283,40,false
2026-04-03T16:33:20.331766-04:00,read,key5,0.298,31,false
2026-04-03T16:33:20.332072-04:00,read,key6,0.281,36,false
2026-04-03T16:33:20.332359-04:00,read,key1,0.255,34,false
2026-04-03T16:33:20.332623-04:00,read,key3,0.285,40,false
2026-04-03T16:33:20.332925-04:00,read,key1,0.375,34,false
2026-04-03T16:33:20.333308-04:00,read,key8,0.288,22,true
2026-04-03T16:33:20.333602-04:00,read,key1,0.250,34,false
2026-04-03T16:33:20.333859-04:00,read,key9,0.278,30,false
2026-04-03T16:33:20.334145-04:00,read,key3,0.281,39,true
2026-04-03T16:33:20.334432-04:00,read,key2,0.278,48,true
2026-04-03T16:33:20.334717-04:00,read,key1,0.266,34,false
2026-04-03T16:33:20.334989-04:00,read,key5,0.308,31,false
2026-04-03T16:33:20.335303-04:00,read,key9,0.283,30,false
2026-04-03T16:33:20.335596-04:00,read,key9,0.263,30,false
2026-04-03T16:33:20.329703-04:00,write,key6,1217.507,37,false
2026-04-03T16:33:20.307007-04:00,write,key7,1240.268,42,false
2026-04-03T16:33:20.30717-04:00,write,key1,1242.128,35,false
2026-04-03T16:33:21.547345-04:00,read,key6,2.046,37,false
2026-04-03T16:33:20.326221-04:00,write,key0,1223.222,33,false
2026-04-03T16:33:21.547308-04:00,read,key6,2.285,37,false
2026-04-03T16:33:20.328556-04:00,write,key1,1220.966,36,false
2026-04-03T16:33:20.325701-04:00,write,key9,1224.149,32,false
2026-04-03T16:33:20.318787-04:00,write,key4,1231.117,36,false
2026-04-03T16:33:20.325019-04:00,write,key0,1224.902,32,false
2026-04-03T16:33:20.324858-04:00,write,key9,1225.110,31,false
2026-04-03T16:33:21.549946-04:00,read,key2,3.148,49,false
2026-04-03T16:33:21.549425-04:00,read,key4,3.686,36,false
2026-04-03T16:33:21.54952-04:00,read,key3,3.842,39,true
2026-04-03T16:33:21.549646-04:00,read,key5,3.913,32,false
2026-04-03T16:33:21.549567-04:00,read,key8,5.035,23,false
2026-04-03T16:33:21.549611-04:00,read,key5,5.011,32,false
2026-04-03T16:33:21.55313-04:00,read,key9,2.806,31,true
2026-04-03T16:33:21.554636-04:00,read,key6,2.285,37,false
2026-04-03T16:33:21.554617-04:00,read,key2,2.471,49,false
2026-04-03T16:33:21.553385-04:00,read,key8,3.823,22,true
2026-04-03T16:33:21.549958-04:00,read,key2,7.255,49,false
2026-04-03T16:33:21.549895-04:00,read,key4,7.696,36,false
2026-04-03T16:33:21.550002-04:00,read,key2,8.125,47,true
2026-04-03T16:33:20.335869-04:00,write,key5,1224.606,32,false
2026-04-03T16:33:21.557105-04:00,read,key0,3.444,33,false
2026-04-03T16:33:21.556941-04:00,read,key7,3.612,42,false
2026-04-03T16:33:21.555957-04:00,read,key5,4.583,32,false
2026-04-03T16:33:21.553575-04:00,read,key1,7.338,36,false
2026-04-03T16:33:21.557266-04:00,read,key1,3.664,36,false
2026-04-03T16:33:21.558585-04:00,read,key8,3.620,23,false
2026-04-03T16:33:21.560497-04:00,read,key4,2.144,36,false
2026-04-03T16:33:21.56093-04:00,read,key2,1.827,47,true
2026-04-03T16:33:21.560587-04:00,read,key8,2.193,23,false
2026-04-03T16:33:21.560948-04:00,read,key7,1.863,42,false
2026-04-03T16:33:21.560569-04:00,read,key6,2.302,37,false
2026-04-03T16:33:21.562226-04:00,read,key7,0.981,42,false
2026-04-03T16:33:21.557608-04:00,read,key2,5.653,49,false
2026-04-03T16:33:21.562652-04:00,read,key1,0.627,36,false
2026-04-03T16:33:21.557266-04:00,read,key6,6.276,37,false
2026-04-03T16:33:21.562792-04:00,read,key2,0.994,47,true
2026-04-03T16:33:21.560594-04:00,read,key6,3.629,37,false
2026-04-03T16:33:21.563272-04:00,read,key4,0.994,36,false
2026-04-03T16:33:21.562771-04:00,read,key8,1.480,23,false
2026-04-03T16:33:21.563217-04:00,read,key1,1.050,36,false
2026-04-03T16:33:21.56288-04:00,read,key0,1.455,32,true
2026-04-03T16:33:21.564274-04:00,read,key3,0.567,39,true
2026-04-03T16:33:21.5638-04:00,read,key0,1.212,32,true
2026-04-03T16:33:21.564237-04:00,read,key8,1.038,22,true
2026-04-03T16:33:21.564274-04:00,read,key0,1.055,33,false
2026-04-03T16:33:21.564285-04:00,read,key9,1.247,31,true
2026-04-03T16:33:21.565287-04:00,read,key7,0.685,42,false
2026-04-03T16:33:21.565042-04:00,read,key3,0.947,39,true
2026-04-03T16:33:21.565541-04:00,read,key7,0.465,42,false
2026-04-03T16:33:21.565338-04:00,read,key4,0.754,36,false
2026-04-03T16:33:21.564343-04:00,read,key1,2.135,36,false
2026-04-03T16:33:21.564853-04:00,read,key7,1.731,42,false
2026-04-03T16:33:21.565985-04:00,read,key6,0.925,37,false
2026-04-03T16:33:21.5661-04:00,read,key4,0.825,36,false
2026-04-03T16:33:21.566597-04:00,read,key5,0.693,32,false
2026-04-03T16:33:21.566014-04:00,read,key5,1.303,32,false
2026-04-03T16:33:21.566495-04:00,read,key1,0.999,36,false
2026-04-03T16:33:21.566933-04:00,read,key2,1.149,48,true
2026-04-03T16:33:21.567329-04:00,read,key7,0.786,42,false
2026-04-03T16:33:21.566921-04:00,read,key7,1.412,42,false
2026-04-03T16:33:21.568358-04:00,read,key0,0.723,33,false
2026-04-03T16:33:21.568124-04:00,read,key0,0.957,33,false
2026-04-03T16:33:21.568098-04:00,read,key9,1.018,31,true
2026-04-03T16:33:21.567501-04:00,read,key0,2.153,33,false
2026-04-03T16:33:21.567329-04:00,read,key3,2.346,39,true
2026-04-03T16:33:21.569125-04:00,read,key3,0.642,39,true
2026-04-03T16:33:21.569107-04:00,read,key3,0.700,39,true
2026-04-03T16:33:21.569099-04:00,read,key0,0.943,33,false
2026-04-03T16:33:21.569774-04:00,read,key0,0.627,33,false
2026-04-03T16:33:21.569692-04:00,read,key9,0.768,31,true
2026-04-03T16:33:21.569819-04:00,read,key9,0.853,31,true
2026-04-03T16:33:21.570471-04:00,read,key0,0.819,33,false
2026-04-03T16:33:21.570412-04:00,read,key9,0.960,31,true
2026-04-03T16:33:21.570049-04:00,read,key8,1.564,23,false
2026-04-03T16:33:21.569687-04:00,read,key0,1.929,32,true
2026-04-03T16:33:21.5707-04:00,read,key9,0.928,31,true
2026-04-03T16:33:21.571379-04:00,read,key0,0.437,33,false
2026-04-03T16:33:21.571303-04:00,read,key1,0.719,36,false
2026-04-03T16:33:21.571624-04:00,read,key5,0.438,32,false
2026-04-03T16:33:21.571637-04:00,read,key7,0.478,42,false
2026-04-03T16:33:21.571843-04:00,read,key4,0.805,36,false
2026-04-03T16:33:21.572069-04:00,read,key4,0.688,36,false
2026-04-03T16:33:21.57203-04:00,read,key9,0.730,31,true
2026-04-03T16:33:21.572129-04:00,read,key8,0.632,22,true
2026-04-03T16:33:21.572768-04:00,read,key4,0.477,36,false
2026-04-03T16:33:21.572768-04:00,read,key1,0.501,36,false
2026-04-03T16:33:21.572672-04:00,read,key2,0.816,48,true
2026-04-03T16:33:21.573258-04:00,read,key9,0.461,31,true
2026-04-03T16:33:21.573276-04:00,read,key5,0.462,32,false
2026-04-03T16:33:21.573498-04:00,read,key5,0.387,32,false
2026-04-03T16:33:21.573892-04:00,read,key1,0.416,36,false
2026-04-03T16:33:21.573728-04:00,read,key9,0.581,31,true
2026-04-03T16:33:21.573745-04:00,read,key7,0.645,42,false
2026-04-03T16:33:21.574396-04:00,read,key0,0.317,32,true
2026-04-03T16:33:21.574317-04:00,read,key3,0.410,39,true
2026-04-03T16:33:21.574722-04:00,read,key5,0.348,32,false
2026-04-03T16:33:21.574734-04:00,read,key5,0.341,32,false
2026-04-03T16:33:21.575085-04:00,read,key3,0.434,40,false
2026-04-03T16:33:21.575528-04:00,read,key7,0.265,42,false
2026-04-03T16:33:21.5758-04:00,read,key7,0.307,42,false
2026-04-03T16:33:21.576113-04:00,read,key2,0.318,48,true
2026-04-03T16:33:21.576439-04:00,read,key5,0.253,32,false
2026-04-03T16:33:21.576699-04:00,read,key1,0.276,36,false
2026-04-03T16:33:21.576982-04:00,read,key6,0.323,37,false
2026-04-03T16:33:21.577313-04:00,read,key9,0.254,31,true
2026-04-03T16:33:21.577573-04:00,read,key2,0.269,47,true
2026-04-03T16:33:21.577849-04:00,read,key0,0.248,32,true
2026-04-03T16:33:21.578111-04:00,read,key5,0.312,32,false
2026-04-03T16:33:21.578429-04:00,read,key9,0.229,31,true
2026-04-03T16:33:21.578664-04:00,read,key5,0.239,32,false
2026-04-03T16:33:21.57891-04:00,read,key1,0.277,36,false
2026-04-03T16:33:21.579207-04:00,read,key2,0.244,49,false
2026-04-03T16:33:21.579458-04:00,read,key3,0.231,40,false
2026-04-03T16:33:21.579694-04:00,read,key4,0.257,36,false
2026-04-03T16:33:21.553137-04:00,write,key1,1240.428,37,false
2026-04-03T16:33:21.563571-04:00,write,key5,1230.054,34,false
2026-04-03T16:33:21.572772-04:00,write,key0,1220.913,34,false
2026-04-03T16:33:21.57996-04:00,write,key1,1213.605,38,false
2026-04-03T16:33:21.571634-04:00,write,key2,1222.171,52,false
2026-04-03T16:33:21.566009-04:00,write,key2,1228.074,51,false
2026-04-03T16:33:21.562851-04:00,write,key5,1231.244,33,false
2026-04-03T16:33:21.563291-04:00,write,key2,1230.773,50,false
2026-04-03T16:33:21.575079-04:00,write,key7,1219.385,43,false
2026-04-03T16:33:21.574321-04:00,write,key8,1220.147,24,false
2026-04-03T16:33:22.793788-04:00,read,key2,3.845,52,false
2026-04-03T16:33:22.793647-04:00,read,key3,4.191,39,true
2026-04-03T16:33:22.794183-04:00,read,key4,3.666,36,false
2026-04-03T16:33:22.794517-04:00,read,key0,3.332,34,false
2026-04-03T16:33:22.793672-04:00,read,key1,4.966,37,true
2026-04-03T16:33:22.794134-04:00,read,key2,4.634,52,false
2026-04-03T16:33:22.794121-04:00,read,key5,4.772,34,false
2026-04-03T16:33:22.793794-04:00,read,key8,5.316,24,false
2026-04-03T16:33:22.794509-04:00,read,key3,6.281,39,true
2026-04-03T16:33:22.797664-04:00,read,key0,3.194,34,false
2026-04-03T16:33:22.797923-04:00,read,key3,2.943,39,true
2026-04-03T16:33:22.799141-04:00,read,key5,2.881,33,true
2026-04-03T16:33:22.793855-04:00,read,key7,8.240,43,false
2026-04-03T16:33:22.797866-04:00,read,key5,4.451,33,true
2026-04-03T16:33:22.798905-04:00,read,key1,3.451,38,false
2026-04-03T16:33:22.800921-04:00,read,key2,2.420,51,true
2026-04-03T16:33:22.798855-04:00,read,key2,6.299,51,true
2026-04-03T16:33:22.802333-04:00,read,key3,2.873,39,true
2026-04-03T16:33:22.800875-04:00,read,key5,4.351,33,true
2026-04-03T16:33:22.798655-04:00,read,key7,6.584,43,false
2026-04-03T16:33:22.800813-04:00,read,key5,4.669,34,false
2026-04-03T16:33:22.802043-04:00,read,key8,3.470,24,false
2026-04-03T16:33:22.802118-04:00,read,key8,3.439,24,false
2026-04-03T16:33:22.802372-04:00,read,key4,3.277,36,false
2026-04-03T16:33:22.797857-04:00,read,key1,7.793,38,false
2026-04-03T16:33:22.805662-04:00,read,key3,2.731,39,true
2026-04-03T16:33:22.805174-04:00,read,key4,3.279,36,false
2026-04-03T16:33:22.80528-04:00,read,key1,3.178,38,false
2026-04-03T16:33:22.805222-04:00,read,key2,3.327,51,true
2026-04-03T16:33:22.805663-04:00,read,key6,3.200,37,false
2026-04-03T16:33:22.805526-04:00,read,key6,3.417,37,false
2026-04-03T16:33:22.803412-04:00,read,key7,5.582,43,false
2026-04-03T16:33:22.805497-04:00,read,key6,3.502,37,false
2026-04-03T16:33:22.809006-04:00,read,key7,1.091,43,false
2026-04-03T16:33:22.808414-04:00,read,key1,1.726,38,false
2026-04-03T16:33:22.805609-04:00,read,key3,4.534,39,true
2026-04-03T16:33:22.808875-04:00,read,key4,1.276,36,false
2026-04-03T16:33:22.80901-04:00,read,key6,1.182,37,false
2026-04-03T16:33:22.808475-04:00,read,key7,1.718,43,false
2026-04-03T16:33:22.808952-04:00,read,key9,1.250,31,true
2026-04-03T16:33:22.808469-04:00,read,key0,1.871,34,false
2026-04-03T16:33:22.810159-04:00,read,key6,0.819,37,false
2026-04-03T16:33:22.810151-04:00,read,key4,0.856,36,false
2026-04-03T16:33:22.810202-04:00,read,key8,0.806,24,false
2026-04-03T16:33:22.810156-04:00,read,key3,0.882,39,true
2026-04-03T16:33:22.810212-04:00,read,key2,0.833,52,false
2026-04-03T16:33:22.810199-04:00,read,key0,0.869,34,false
2026-04-03T16:33:22.810116-04:00,read,key7,0.964,43,false
2026-04-03T16:33:22.810348-04:00,read,key4,0.964,36,false
2026-04-03T16:33:22.811045-04:00,read,key4,0.527,36,false
2026-04-03T16:33:22.810994-04:00,read,key2,0.581,51,true
2026-04-03T16:33:22.811321-04:00,read,key2,0.639,52,false
2026-04-03T16:33:22.811074-04:00,read,key4,0.907,36,false
2026-04-03T16:33:22.811016-04:00,read,key1,0.989,38,false
2026-04-03T16:33:22.811087-04:00,read,key0,0.943,34,false
2026-04-03T16:33:22.811053-04:00,read,key7,1.005,43,false
2026-04-03T16:33:22.811596-04:00,read,key0,0.807,34,false
2026-04-03T16:33:22.812414-04:00,read,key5,0.494,34,false
2026-04-03T16:33:22.811971-04:00,read,key3,0.940,39,true
2026-04-03T16:33:22.812037-04:00,read,key8,0.891,24,false
2026-04-03T16:33:22.812012-04:00,read,key7,0.950,43,false
2026-04-03T16:33:22.812066-04:00,read,key3,0.908,39,true
2026-04-03T16:33:22.811995-04:00,read,key4,0.999,36,false
2026-04-03T16:33:22.811579-04:00,read,key9,1.910,31,true
2026-04-03T16:33:22.81297-04:00,read,key7,0.944,43,false
2026-04-03T16:33:22.812923-04:00,read,key5,1.091,34,false
2026-04-03T16:33:22.812953-04:00,read,key5,1.075,33,true
2026-04-03T16:33:22.812982-04:00,read,key7,1.068,43,false
2026-04-03T16:33:22.812924-04:00,read,key1,1.139,38,false
2026-04-03T16:33:22.813935-04:00,read,key0,0.797,34,false
2026-04-03T16:33:22.814036-04:00,read,key1,0.709,38,false
2026-04-03T16:33:22.814058-04:00,read,key5,0.801,33,true
2026-04-03T16:33:22.814752-04:00,read,key2,0.538,52,false
2026-04-03T16:33:22.814866-04:00,read,key7,0.707,43,false
2026-04-03T16:33:22.813504-04:00,read,key6,2.086,37,false
2026-04-03T16:33:22.814747-04:00,read,key2,0.907,51,true
2026-04-03T16:33:22.815301-04:00,read,key0,0.487,34,false
2026-04-03T16:33:22.815584-04:00,read,key4,0.492,36,false
2026-04-03T16:33:22.8156-04:00,read,key0,0.643,34,false
2026-04-03T16:33:22.815797-04:00,read,key5,0.667,33,true
2026-04-03T16:33:22.816271-04:00,read,key2,0.394,51,true
2026-04-03T16:33:22.816086-04:00,read,key4,0.613,36,false
2026-04-03T16:33:22.816473-04:00,read,key5,0.638,33,true
2026-04-03T16:33:22.816706-04:00,read,key0,0.741,34,false
2026-04-03T16:33:22.816672-04:00,read,key3,0.790,39,true
2026-04-03T16:33:22.817124-04:00,read,key6,0.531,37,false
2026-04-03T16:33:22.817461-04:00,read,key0,0.436,34,false
2026-04-03T16:33:22.817471-04:00,read,key0,0.707,34,false
2026-04-03T16:33:22.817663-04:00,read,key3,0.515,39,true
2026-04-03T16:33:22.818185-04:00,read,key4,0.362,36,false
2026-04-03T16:33:22.817905-04:00,read,key3,0.640,39,true
2026-04-03T16:33:22.818186-04:00,read,key7,0.501,43,false
2026-04-03T16:33:22.818556-04:00,read,key6,0.281,37,false
2026-04-03T16:33:22.818568-04:00,read,key8,0.513,24,false
2026-04-03T16:33:22.818845-04:00,read,key3,0.286,39,true
2026-04-03T16:33:22.819148-04:00,read,key8,0.396,24,false
2026-04-03T16:33:22.819552-04:00,read,key9,0.380,31,true
2026-04-03T16:33:22.819941-04:00,read,key2,0.343,51,true
2026-04-03T16:33:22.820291-04:00,read,key2,0.249,51,true
2026-04-03T16:33:22.820547-04:00,read,key4,0.297,36,false
2026-04-03T16:33:22.82085-04:00,read,key6,0.250,37,false
2026-04-03T16:33:22.821107-04:00,read,key2,0.298,51,true
2026-04-03T16:33:22.821411-04:00,read,key2,0.249,51,true
2026-04-03T16:33:22.821666-04:00,read,key4,0.237,36,false
2026-04-03T16:33:22.82191-04:00,read,key0,0.256,34,false
2026-04-03T16:33:22.822172-04:00,read,key5,0.274,34,false
2026-04-03T16:33:22.822453-04:00,read,key8,0.224,24,false
2026-04-03T16:33:22.822684-04:00,read,key7,0.255,43,false
2026-04-03T16:33:22.822946-04:00,read,key3,0.275,39,true
2026-04-03T16:33:22.823229-04:00,read,key4,0.256,36,false
2026-04-03T16:33:22.823491-04:00,read,key5,0.255,34,false
2026-04-03T16:33:22.823753-04:00,read,key3,0.280,39,true
2026-04-03T16:33:22.805254-04:00,write,key2,1243.844,53,false
2026-04-03T16:33:22.814084-04:00,write,key7,1234.974,44,false
2026-04-03T16:33:22.814032-04:00,write,key2,1235.132,54,false
2026-04-03T16:33:22.818699-04:00,write,key4,1230.524,37,false
2026-04-03T16:33:22.819091-04:00,write,key6,1229.967,38,false
2026-04-03T16:33:22.824053-04:00,write,key2,1225.864,55,false
2026-04-03T16:33:22.808573-04:00,write,key8,1241.433,25,false
2026-04-03T16:33:24.050037-04:00,read,key6,2.267,38,false
2026-04-03T16:33:24.049156-04:00,read,key5,3.260,35,false
2026-04-03T16:33:22.815665-04:00,write,key1,1234.584,39,false
2026-04-03T16:33:22.811024-04:00,write,key5,1241.319,35,false
2026-04-03T16:33:22.813006-04:00,write,key0,1239.398,35,false
2026-04-03T16:33:24.049145-04:00,read,key3,3.557,39,true
2026-04-03T16:33:24.049267-04:00,read,key2,3.490,55,false
2026-04-03T16:33:24.049285-04:00,read,key2,3.538,55,false
2026-04-03T16:33:24.049371-04:00,read,key1,3.518,39,false
2026-04-03T16:33:24.05277-04:00,read,key3,2.042,39,true
2026-04-03T16:33:24.052332-04:00,read,key1,2.547,39,false
2026-04-03T16:33:24.052432-04:00,read,key9,2.487,31,true
2026-04-03T16:33:24.052535-04:00,read,key3,2.424,40,false
2026-04-03T16:33:24.052441-04:00,read,key1,2.567,39,false
2026-04-03T16:33:24.05005-04:00,read,key2,4.957,55,false
2026-04-03T16:33:24.052504-04:00,read,key3,4.325,39,true
2026-04-03T16:33:24.054976-04:00,read,key6,1.916,38,false
2026-04-03T16:33:24.054934-04:00,read,key7,1.961,44,false
2026-04-03T16:33:24.052838-04:00,read,key8,4.182,25,false
2026-04-03T16:33:24.05492-04:00,read,key0,2.132,35,false
2026-04-03T16:33:24.05502-04:00,read,key0,3.476,35,false
2026-04-03T16:33:24.055021-04:00,read,key8,3.546,25,false
2026-04-03T16:33:24.056907-04:00,read,key4,1.691,37,false
2026-04-03T16:33:24.052902-04:00,read,key0,5.917,35,false
2026-04-03T16:33:24.052717-04:00,read,key0,6.120,35,false
2026-04-03T16:33:24.058511-04:00,read,key5,2.065,35,false
2026-04-03T16:33:24.058617-04:00,read,key6,7.588,38,false
2026-04-03T16:33:24.057196-04:00,read,key2,9.254,55,false
2026-04-03T16:33:24.057703-04:00,read,key9,8.541,31,true
2026-04-03T16:33:24.056848-04:00,read,key4,10.530,37,false
2026-04-03T16:33:24.06067-04:00,read,key7,6.844,44,false
2026-04-03T16:33:24.05484-04:00,read,key2,12.729,55,false
2026-04-03T16:33:24.06647-04:00,read,key5,1.206,35,false
2026-04-03T16:33:24.058592-04:00,read,key6,9.186,38,false
2026-04-03T16:33:24.056932-04:00,read,key1,10.998,39,false
2026-04-03T16:33:24.06666-04:00,read,key9,1.291,31,true
2026-04-03T16:33:24.06753-04:00,read,key1,0.678,39,false
2026-04-03T16:33:24.067604-04:00,read,key8,1.300,25,false
2026-04-03T16:33:24.066225-04:00,read,key9,2.682,31,true
2026-04-03T16:33:24.067686-04:00,read,key5,1.247,35,false
2026-04-03T16:33:24.067397-04:00,read,key3,1.508,39,true
2026-04-03T16:33:24.067787-04:00,read,key7,1.169,44,false
2026-04-03T16:33:24.058833-04:00,read,key2,10.143,55,false
2026-04-03T16:33:24.067959-04:00,read,key5,1.047,35,false
2026-04-03T16:33:24.067939-04:00,read,key9,1.556,31,true
2026-04-03T16:33:24.069014-04:00,read,key1,1.083,39,false
2026-04-03T16:33:24.068935-04:00,read,key0,1.418,35,false
2026-04-03T16:33:24.06895-04:00,read,key6,1.498,38,false
2026-04-03T16:33:24.068985-04:00,read,key8,1.485,25,false
2026-04-03T16:33:24.068935-04:00,read,key2,1.875,53,true
2026-04-03T16:33:24.070111-04:00,read,key7,1.023,44,false
2026-04-03T16:33:24.070479-04:00,read,key9,0.664,31,true
2026-04-03T16:33:24.069002-04:00,read,key6,2.133,38,false
2026-04-03T16:33:24.070459-04:00,read,key4,0.719,37,false
2026-04-03T16:33:24.070362-04:00,read,key0,0.971,35,false
2026-04-03T16:33:24.071161-04:00,read,key0,0.725,35,false
2026-04-03T16:33:24.071151-04:00,read,key3,0.781,39,true
2026-04-03T16:33:24.071186-04:00,read,key2,0.773,53,true
2026-04-03T16:33:24.070822-04:00,read,key1,1.166,39,false
2026-04-03T16:33:24.071144-04:00,read,key3,0.849,39,true
2026-04-03T16:33:24.071995-04:00,read,key2,0.438,53,true
2026-04-03T16:33:24.071899-04:00,read,key9,0.739,31,true
2026-04-03T16:33:24.071968-04:00,read,key2,0.681,55,false
2026-04-03T16:33:24.072021-04:00,read,key9,0.671,31,true
2026-04-03T16:33:24.072445-04:00,read,key6,0.549,38,false
2026-04-03T16:33:24.072656-04:00,read,key6,0.599,38,false
2026-04-03T16:33:24.072711-04:00,read,key9,0.556,31,true
2026-04-03T16:33:24.072646-04:00,read,key4,0.744,37,false
2026-04-03T16:33:24.073007-04:00,read,key8,0.682,25,false
2026-04-03T16:33:24.073279-04:00,read,key4,0.489,37,false
2026-04-03T16:33:24.073266-04:00,read,key7,0.544,44,false
2026-04-03T16:33:24.0737-04:00,read,key0,0.344,35,false
2026-04-03T16:33:24.073398-04:00,read,key6,0.642,38,false
2026-04-03T16:33:24.073775-04:00,read,key7,0.629,44,false
2026-04-03T16:33:24.073816-04:00,read,key4,0.611,37,false
2026-04-03T16:33:24.074053-04:00,read,key5,0.543,35,false
2026-04-03T16:33:24.074614-04:00,read,key6,0.480,38,false
2026-04-03T16:33:24.074415-04:00,read,key4,0.682,37,false
2026-04-03T16:33:24.074435-04:00,read,key6,0.704,38,false
2026-04-03T16:33:24.075107-04:00,read,key1,0.502,39,false
2026-04-03T16:33:24.075147-04:00,read,key4,0.459,37,false
2026-04-03T16:33:24.075106-04:00,read,key5,0.514,35,false
2026-04-03T16:33:24.075628-04:00,read,key2,0.301,55,false
2026-04-03T16:33:24.075616-04:00,read,key2,0.369,55,false
2026-04-03T16:33:24.075993-04:00,read,key2,0.324,55,false
2026-04-03T16:33:24.075939-04:00,read,key7,0.382,44,false
2026-04-03T16:33:24.076328-04:00,read,key2,0.383,55,false
2026-04-03T16:33:24.076325-04:00,read,key7,0.411,44,false
2026-04-03T16:33:24.076722-04:00,read,key0,0.353,35,false
2026-04-03T16:33:24.076743-04:00,read,key9,0.351,31,true
2026-04-03T16:33:24.077114-04:00,read,key7,0.387,44,false
2026-04-03T16:33:24.077091-04:00,read,key3,0.414,40,false
2026-04-03T16:33:24.077508-04:00,read,key7,0.289,44,false
2026-04-03T16:33:24.077513-04:00,read,key4,0.288,37,false
2026-04-03T16:33:24.077808-04:00,read,key0,0.378,35,false
2026-04-03T16:33:24.077806-04:00,read,key4,0.384,37,false
2026-04-03T16:33:24.078197-04:00,read,key3,0.295,39,true
2026-04-03T16:33:24.078193-04:00,read,key4,0.305,37,false
2026-04-03T16:33:24.078502-04:00,read,key4,0.348,37,false
2026-04-03T16:33:24.078507-04:00,read,key3,0.357,39,true
2026-04-03T16:33:24.07886-04:00,read,key3,0.288,39,true
2026-04-03T16:33:24.07887-04:00,read,key3,0.296,39,true
2026-04-03T16:33:24.079176-04:00,read,key3,0.287,40,false
2026-04-03T16:33:24.07947-04:00,read,key2,0.262,55,false
2026-04-03T16:33:24.07974-04:00,read,key9,0.260,31,true
2026-04-03T16:33:24.080007-04:00,read,key7,0.382,44,false
2026-04-03T16:33:24.080395-04:00,read,key3,0.305,40,false
2026-04-03T16:33:24.080707-04:00,read,key4,0.244,37,false
2026-04-03T16:33:24.080959-04:00,read,key1,0.323,39,false
2026-04-03T16:33:24.081289-04:00,read,key9,0.257,31,true
2026-04-03T16:33:24.081553-04:00,read,key8,0.239,25,false
2026-04-03T16:33:24.081799-04:00,read,key5,0.234,35,false
2026-04-03T16:33:24.068228-04:00,write,key9,1232.322,33,false
2026-04-03T16:33:24.058866-04:00,write,key0,1241.645,36,false
2026-04-03T16:33:24.069528-04:00,write,key2,1231.027,56,false
2026-04-03T16:33:24.082044-04:00,write,key1,1218.467,40,false
2026-04-03T16:33:24.07135-04:00,write,key2,1229.408,57,false
2026-04-03T16:33:24.074058-04:00,write,key0,1226.701,38,false
2026-04-03T16:33:24.069017-04:00,write,key0,1231.578,37,false
2026-04-03T16:33:24.071946-04:00,write,key3,1229.280,41,false
2026-04-03T16:33:24.079158-04:00,write,key9,1222.102,34,false
2026-04-03T16:33:24.075625-04:00,write,key6,1225.608,39,false
2026-04-03T16:33:25.300822-04:00,read,key2,3.443,56,true
2026-04-03T16:33:25.300856-04:00,read,key5,3.562,35,false
2026-04-03T16:33:25.300644-04:00,read,key1,4.027,40,false
2026-04-03T16:33:25.300731-04:00,read,key7,3.968,44,false
2026-04-03T16:33:25.300778-04:00,read,key0,3.909,38,false
2026-04-03T16:33:25.30472-04:00,read,key6,3.875,39,false
2026-04-03T16:33:25.304439-04:00,read,key8,4.221,25,false
2026-04-03T16:33:25.304297-04:00,read,key5,4.473,35,false
2026-04-03T16:33:25.301276-04:00,read,key7,7.784,44,false
2026-04-03T16:33:25.301302-04:00,read,key2,7.803,56,true
2026-04-03T16:33:25.304721-04:00,read,key8,5.623,25,false
2026-04-03T16:33:25.301351-04:00,read,key0,9.129,38,false
2026-04-03T16:33:25.30873-04:00,read,key9,4.143,34,false
2026-04-03T16:33:25.308795-04:00,read,key0,4.175,38,false
2026-04-03T16:33:25.308624-04:00,read,key9,4.273,34,false
2026-04-03T16:33:25.309126-04:00,read,key8,4.436,25,false
2026-04-03T16:33:25.309146-04:00,read,key1,5.974,40,false
2026-04-03T16:33:25.312987-04:00,read,key9,2.154,34,false
2026-04-03T16:33:25.313595-04:00,read,key8,1.644,25,false
2026-04-03T16:33:25.310542-04:00,read,key8,4.721,25,false
2026-04-03T16:33:25.313003-04:00,read,key2,2.275,56,true
2026-04-03T16:33:25.312898-04:00,read,key5,2.590,35,false
2026-04-03T16:33:25.310378-04:00,read,key8,5.153,25,false
2026-04-03T16:33:25.315158-04:00,read,key9,2.299,34,false
2026-04-03T16:33:25.315281-04:00,read,key8,2.314,25,false
2026-04-03T16:33:25.315251-04:00,read,key3,2.485,41,false
2026-04-03T16:33:25.315501-04:00,read,key1,2.276,40,false
2026-04-03T16:33:25.315143-04:00,read,key2,2.944,56,true
2026-04-03T16:33:25.317794-04:00,read,key9,1.577,34,false
2026-04-03T16:33:25.317748-04:00,read,key6,1.655,39,false
2026-04-03T16:33:25.317659-04:00,read,key6,1.737,39,false
2026-04-03T16:33:25.318101-04:00,read,key2,1.309,57,false
2026-04-03T16:33:25.31939-04:00,read,key2,0.648,57,false
2026-04-03T16:33:25.315574-04:00,read,key2,4.445,56,true
2026-04-03T16:33:25.31533-04:00,read,key5,4.721,35,false
2026-04-03T16:33:25.319433-04:00,read,key7,0.746,44,false
2026-04-03T16:33:25.319412-04:00,read,key2,0.805,57,false
2026-04-03T16:33:25.31942-04:00,read,key7,0.998,44,false
2026-04-03T16:33:25.320069-04:00,read,key6,0.730,39,false
2026-04-03T16:33:25.320053-04:00,read,key9,0.748,34,false
2026-04-03T16:33:25.320224-04:00,read,key9,0.645,34,false
2026-04-03T16:33:25.320201-04:00,read,key9,0.684,34,false
2026-04-03T16:33:25.320427-04:00,read,key7,0.616,44,false
2026-04-03T16:33:25.320053-04:00,read,key5,1.049,35,false
2026-04-03T16:33:25.320814-04:00,read,key9,0.720,34,false
2026-04-03T16:33:25.320876-04:00,read,key5,0.654,35,false
2026-04-03T16:33:25.32105-04:00,read,key5,0.526,35,false
2026-04-03T16:33:25.320829-04:00,read,key6,0.789,39,false
2026-04-03T16:33:25.321549-04:00,read,key7,0.480,44,false
2026-04-03T16:33:25.321624-04:00,read,key8,0.597,25,false
2026-04-03T16:33:25.321121-04:00,read,key5,1.533,35,false
2026-04-03T16:33:25.322229-04:00,read,key0,0.438,38,false
2026-04-03T16:33:25.320893-04:00,read,key9,1.818,34,false
2026-04-03T16:33:25.321544-04:00,read,key5,1.172,35,false
2026-04-03T16:33:25.322039-04:00,read,key7,0.912,44,false
2026-04-03T16:33:25.322664-04:00,read,key6,0.526,39,false
2026-04-03T16:33:25.321583-04:00,read,key6,1.615,39,false
2026-04-03T16:33:25.32269-04:00,read,key8,0.598,25,false
2026-04-03T16:33:25.322722-04:00,read,key7,0.590,44,false
2026-04-03T16:33:25.323207-04:00,read,key6,0.634,39,false
2026-04-03T16:33:25.323295-04:00,read,key2,0.551,57,false
2026-04-03T16:33:25.32296-04:00,read,key5,0.881,35,false
2026-04-03T16:33:25.323319-04:00,read,key2,0.522,57,false
2026-04-03T16:33:25.323199-04:00,read,key9,1.188,34,false
2026-04-03T16:33:25.323867-04:00,read,key5,0.535,35,false
2026-04-03T16:33:25.323864-04:00,read,key5,0.584,35,false
2026-04-03T16:33:25.323856-04:00,read,key0,0.618,38,false
2026-04-03T16:33:25.322726-04:00,read,key9,1.920,34,false
2026-04-03T16:33:25.323856-04:00,read,key1,0.796,40,false
2026-04-03T16:33:25.324414-04:00,read,key0,0.428,38,false
2026-04-03T16:33:25.324456-04:00,read,key2,0.446,56,true
2026-04-03T16:33:25.324482-04:00,read,key8,0.460,25,false
2026-04-03T16:33:25.324401-04:00,read,key9,0.755,34,false
2026-04-03T16:33:25.324654-04:00,read,key7,0.589,44,false
2026-04-03T16:33:25.32485-04:00,read,key3,0.761,41,false
2026-04-03T16:33:25.324668-04:00,read,key5,0.981,35,false
2026-04-03T16:33:25.324908-04:00,read,key5,0.754,35,false
2026-04-03T16:33:25.325162-04:00,read,key6,0.538,39,false
2026-04-03T16:33:25.325676-04:00,read,key8,0.593,25,false
2026-04-03T16:33:25.325656-04:00,read,key8,0.627,25,false
2026-04-03T16:33:25.325707-04:00,read,key6,0.620,39,false
2026-04-03T16:33:25.325635-04:00,read,key5,0.892,35,false
2026-04-03T16:33:25.32525-04:00,read,key6,1.288,39,false
2026-04-03T16:33:25.326278-04:00,read,key9,0.473,34,false
2026-04-03T16:33:25.326334-04:00,read,key6,0.421,39,false
2026-04-03T16:33:25.32629-04:00,read,key9,0.461,34,false
2026-04-03T16:33:25.326557-04:00,read,key3,0.442,41,false
2026-04-03T16:33:25.326763-04:00,read,key8,0.470,25,false
2026-04-03T16:33:25.326783-04:00,read,key3,0.694,41,false
2026-04-03T16:33:25.326761-04:00,read,key9,0.718,34,false
2026-04-03T16:33:25.327243-04:00,read,key8,0.377,25,false
2026-04-03T16:33:25.327486-04:00,read,key8,0.510,25,false
2026-04-03T16:33:25.327497-04:00,read,key6,0.609,39,false
2026-04-03T16:33:25.327627-04:00,read,key7,0.665,44,false
2026-04-03T16:33:25.328004-04:00,read,key9,0.566,34,false
2026-04-03T16:33:25.328302-04:00,read,key5,0.731,35,false
2026-04-03T16:33:25.328122-04:00,read,key1,0.913,40,false
2026-04-03T16:33:25.328579-04:00,read,key8,0.459,25,false
2026-04-03T16:33:25.329046-04:00,read,key9,0.395,34,false
2026-04-03T16:33:25.329041-04:00,read,key6,0.415,39,false
2026-04-03T16:33:25.32904-04:00,read,key0,0.492,38,false
2026-04-03T16:33:25.329447-04:00,read,key0,0.340,36,true
2026-04-03T16:33:25.329795-04:00,read,key0,0.327,38,false
2026-04-03T16:33:25.300606-04:00,write,key7,1236.685,45,false
2026-04-03T16:33:25.304814-04:00,write,key4,1232.547,39,false
2026-04-03T16:33:25.317533-04:00,write,key3,1219.917,42,false
2026-04-03T16:33:25.300649-04:00,write,key4,1236.785,38,false
2026-04-03T16:33:26.537366-04:00,read,key5,2.435,35,false
2026-04-03T16:33:26.537392-04:00,read,key8,2.468,25,false
2026-04-03T16:33:26.53751-04:00,read,key4,2.452,38,true
2026-04-03T16:33:26.539891-04:00,read,key8,0.737,25,false
2026-04-03T16:33:26.539989-04:00,read,key2,0.661,56,true
2026-04-03T16:33:26.539846-04:00,read,key0,0.807,39,false
2026-04-03T16:33:26.540663-04:00,read,key8,0.485,25,false
2026-04-03T16:33:26.540641-04:00,read,key7,0.506,45,false
2026-04-03T16:33:26.540659-04:00,read,key8,0.494,25,false
2026-04-03T16:33:26.541162-04:00,read,key2,0.554,57,false
2026-04-03T16:33:26.541161-04:00,read,key7,0.573,45,false
2026-04-03T16:33:26.541157-04:00,read,key2,0.583,56,true
2026-04-03T16:33:26.541744-04:00,read,key8,0.473,25,false
2026-04-03T16:33:26.541724-04:00,read,key5,0.516,35,false
2026-04-03T16:33:26.541747-04:00,read,key1,0.876,40,false
2026-04-03T16:33:26.542225-04:00,read,key4,0.500,39,false
2026-04-03T16:33:26.542249-04:00,read,key4,0.544,39,false
2026-04-03T16:33:26.542633-04:00,read,key0,0.508,39,false
2026-04-03T16:33:26.542804-04:00,read,key9,0.334,37,false
2026-04-03T16:33:26.542748-04:00,read,key3,0.790,43,false
2026-04-03T16:33:26.543167-04:00,read,key2,0.611,57,false
2026-04-03T16:33:26.543161-04:00,read,key7,0.666,45,false
2026-04-03T16:33:26.543554-04:00,read,key1,0.561,40,false
2026-04-03T16:33:26.543834-04:00,read,key6,0.420,40,false
2026-04-03T16:33:26.543788-04:00,read,key3,0.525,43,false
2026-04-03T16:33:26.544123-04:00,read,key5,0.446,35,false
2026-04-03T16:33:26.544261-04:00,read,key2,0.397,57,false
2026-04-03T16:33:26.544323-04:00,read,key2,0.432,56,true
2026-04-03T16:33:26.544665-04:00,read,key8,0.337,25,false
2026-04-03T16:33:26.544577-04:00,read,key9,0.428,37,false
2026-04-03T16:33:26.544764-04:00,read,key9,0.353,36,false
2026-04-03T16:33:26.54501-04:00,read,key9,0.484,36,false
2026-04-03T16:33:26.545013-04:00,read,key3,0.502,43,false
2026-04-03T16:33:26.545124-04:00,read,key1,0.419,40,false
2026-04-03T16:33:26.545502-04:00,read,key8,0.324,25,false
2026-04-03T16:33:26.545523-04:00,read,key5,0.393,35,false
2026-04-03T16:33:26.54555-04:00,read,key7,0.388,45,false
2026-04-03T16:33:26.545923-04:00,read,key8,0.360,25,false
2026-04-03T16:33:26.545834-04:00,read,key5,0.461,35,false
2026-04-03T16:33:26.545945-04:00,read,key3,0.424,43,false
2026-04-03T16:33:26.546377-04:00,read,key7,0.269,45,false
2026-04-03T16:33:26.54629-04:00,read,key1,0.371,40,false
2026-04-03T16:33:26.546302-04:00,read,key7,0.393,45,false
2026-04-03T16:33:26.546653-04:00,read,key2,0.465,56,true
2026-04-03T16:33:26.546702-04:00,read,key5,0.431,35,false
2026-04-03T16:33:26.547139-04:00,read,key2,0.395,56,true
2026-04-03T16:33:26.547126-04:00,read,key4,0.420,38,true
2026-04-03T16:33:26.547542-04:00,read,key0,0.382,39,false
2026-04-03T16:33:26.547554-04:00,read,key2,0.371,57,false
2026-04-03T16:33:26.547932-04:00,read,key2,0.377,56,true
2026-04-03T16:33:26.54793-04:00,read,key2,0.381,57,false
2026-04-03T16:33:26.548318-04:00,read,key9,0.350,35,false
2026-04-03T16:33:26.548316-04:00,read,key2,0.354,57,false
2026-04-03T16:33:26.548677-04:00,read,key6,0.263,40,false
2026-04-03T16:33:26.548948-04:00,read,key1,0.255,40,false
2026-04-03T16:33:26.549229-04:00,read,key3,0.284,43,false
2026-04-03T16:33:26.54953-04:00,read,key0,0.331,39,false
2026-04-03T16:33:26.549868-04:00,read,key1,0.379,40,false
2026-04-03T16:33:26.550254-04:00,read,key8,0.285,25,false
2026-04-03T16:33:26.550546-04:00,read,key9,0.272,35,false
2026-04-03T16:33:26.550824-04:00,read,key9,0.236,36,false
2026-04-03T16:33:26.551068-04:00,read,key3,0.349,43,false
2026-04-03T16:33:26.551423-04:00,read,key9,0.268,35,false
2026-04-03T16:33:26.551698-04:00,read,key1,0.301,40,false
2026-04-03T16:33:26.552017-04:00,read,key5,0.314,35,false
2026-04-03T16:33:26.552338-04:00,read,key6,0.274,40,false
2026-04-03T16:33:26.552619-04:00,read,key5,0.261,35,false
2026-04-03T16:33:26.552887-04:00,read,key0,0.260,39,false
2026-04-03T16:33:25.327011-04:00,write,key9,1226.503,35,false
2026-04-03T16:33:25.326539-04:00,write,key3,1226.984,43,false
2026-04-03T16:33:26.553153-04:00,read,key1,0.377,40,false
2026-04-03T16:33:25.329469-04:00,write,key0,1224.064,39,false
2026-04-03T16:33:26.553544-04:00,read,key0,0.288,39,false
2026-04-03T16:33:26.553548-04:00,read,key9,0.415,36,false
2026-04-03T16:33:25.329542-04:00,write,key9,1225.000,36,false
2026-04-03T16:33:26.553519-04:00,read,key1,1.053,40,false
2026-04-03T16:33:25.324973-04:00,write,key6,1229.610,40,false
2026-04-03T16:33:26.553838-04:00,read,key7,0.899,45,false
2026-04-03T16:33:25.330131-04:00,write,key9,1224.632,37,false
2026-04-03T16:33:26.554551-04:00,read,key7,0.464,45,false
2026-04-03T16:33:26.55458-04:00,read,key9,0.484,36,true
2026-04-03T16:33:26.5546-04:00,read,key3,0.511,43,false
2026-04-03T16:33:26.555038-04:00,read,key8,0.609,25,false
2026-04-03T16:33:26.553972-04:00,read,key5,1.722,35,false
2026-04-03T16:33:26.555071-04:00,read,key9,0.775,37,false
2026-04-03T16:33:26.555118-04:00,read,key8,0.856,25,false
2026-04-03T16:33:26.554745-04:00,read,key9,1.290,36,true
2026-04-03T16:33:26.554787-04:00,read,key8,1.271,25,false
2026-04-03T16:33:26.555673-04:00,read,key7,0.503,45,false
2026-04-03T16:33:26.555701-04:00,read,key7,0.514,45,false
2026-04-03T16:33:26.555855-04:00,read,key3,0.557,43,false
2026-04-03T16:33:26.555981-04:00,read,key5,0.486,35,false
2026-04-03T16:33:26.556042-04:00,read,key1,0.482,40,false
2026-04-03T16:33:26.556203-04:00,read,key5,0.493,35,false
2026-04-03T16:33:26.556229-04:00,read,key1,0.482,40,false
2026-04-03T16:33:26.556079-04:00,read,key1,1.042,40,false
2026-04-03T16:33:26.55648-04:00,read,key3,0.653,43,false
2026-04-03T16:33:26.556719-04:00,read,key6,0.438,40,false
2026-04-03T16:33:26.55642-04:00,read,key8,0.742,25,false
2026-04-03T16:33:26.557141-04:00,read,key7,0.378,45,false
2026-04-03T16:33:26.556702-04:00,read,key0,0.822,39,false
2026-04-03T16:33:26.557131-04:00,read,key6,0.559,40,false
2026-04-03T16:33:26.55753-04:00,read,key3,0.412,43,false
2026-04-03T16:33:26.557697-04:00,read,key2,0.266,56,true
2026-04-03T16:33:26.557534-04:00,read,key8,0.544,25,false
2026-04-03T16:33:26.557176-04:00,read,key2,1.045,57,false
2026-04-03T16:33:26.557949-04:00,read,key8,0.375,25,false
2026-04-03T16:33:26.557977-04:00,read,key0,0.369,39,false
2026-04-03T16:33:26.558085-04:00,read,key3,0.357,43,false
2026-04-03T16:33:26.558245-04:00,read,key4,0.328,39,false
2026-04-03T16:33:26.558448-04:00,read,key5,0.220,35,false
2026-04-03T16:33:26.558352-04:00,read,key2,0.334,57,false
2026-04-03T16:33:26.558581-04:00,read,key7,0.264,45,false
2026-04-03T16:33:26.558675-04:00,read,key1,0.347,40,false
2026-04-03T16:33:26.55903-04:00,read,key1,0.440,40,false
2026-04-03T16:33:26.559479-04:00,read,key3,0.284,43,false
2026-04-03T16:33:26.558695-04:00,write,key6,1213.088,41,false
2026-04-03T16:33:26.558855-04:00,write,key4,1212.976,41,false
2026-04-03T16:33:26.558334-04:00,write,key0,1213.449,43,false
2026-04-03T16:33:26.557167-04:00,write,key4,1214.656,40,false
2026-04-03T16:33:26.546694-04:00,write,key9,1225.089,38,false
2026-04-03T16:33:26.556539-04:00,write,key0,1215.654,42,false
2026-04-03T16:33:26.537523-04:00,write,key0,1234.722,40,false
2026-04-03T16:33:26.548677-04:00,write,key0,1223.603,41,false
2026-04-03T16:33:26.553531-04:00,write,key5,1218.928,36,false
2026-04-03T16:33:26.559773-04:00,write,key2,1212.687,58,false
2026-04-03T16:33:27.771948-04:00,read,key1,3.287,40,false
2026-04-03T16:33:27.771921-04:00,read,key0,3.442,42,true
2026-04-03T16:33:27.7725-04:00,read,key0,2.961,43,false
2026-04-03T16:33:27.77192-04:00,read,key8,3.605,25,false
2026-04-03T16:33:27.771871-04:00,read,key3,4.120,43,false
2026-04-03T16:33:27.772005-04:00,read,key8,4.044,25,false
2026-04-03T16:33:27.772243-04:00,read,key4,3.749,41,false
2026-04-03T16:33:27.772303-04:00,read,key5,3.971,36,false
2026-04-03T16:33:27.776006-04:00,read,key1,2.339,40,false
2026-04-03T16:33:27.776288-04:00,read,key4,2.144,40,true
2026-04-03T16:33:27.772474-04:00,read,key7,5.954,45,false
2026-04-03T16:33:27.775538-04:00,read,key8,2.913,25,false
2026-04-03T16:33:27.775263-04:00,read,key1,3.163,40,false
2026-04-03T16:33:27.776063-04:00,read,key4,4.058,41,false
2026-04-03T16:33:27.77848-04:00,read,key2,2.370,58,false
2026-04-03T16:33:27.77538-04:00,read,key1,5.582,40,false
2026-04-03T16:33:27.776097-04:00,read,key4,4.956,41,false
2026-04-03T16:33:27.778483-04:00,read,key1,2.775,40,false
2026-04-03T16:33:27.778368-04:00,read,key6,3.800,41,false
2026-04-03T16:33:27.778532-04:00,read,key7,3.676,45,false
2026-04-03T16:33:27.775476-04:00,read,key2,6.845,58,false
2026-04-03T16:33:27.778448-04:00,read,key2,3.918,58,false
2026-04-03T16:33:27.781008-04:00,read,key9,3.660,38,false
2026-04-03T16:33:27.782349-04:00,read,key7,2.341,45,false
2026-04-03T16:33:27.781271-04:00,read,key1,3.375,40,false
2026-04-03T16:33:27.782378-04:00,read,key1,2.819,40,false
2026-04-03T16:33:27.78087-04:00,read,key1,4.345,40,false
2026-04-03T16:33:27.782222-04:00,read,key9,3.060,38,false
2026-04-03T16:33:27.781067-04:00,read,key3,4.218,43,false
2026-04-03T16:33:27.784715-04:00,read,key7,2.668,45,false
2026-04-03T16:33:27.78523-04:00,read,key7,2.281,45,false
2026-04-03T16:33:27.782218-04:00,read,key9,5.365,38,false
2026-04-03T16:33:27.780141-04:00,read,key6,7.663,41,false
2026-04-03T16:33:27.784686-04:00,read,key2,3.332,58,false
2026-04-03T16:33:27.784705-04:00,read,key4,3.372,40,true
2026-04-03T16:33:27.785211-04:00,read,key3,2.878,43,false
2026-04-03T16:33:27.785305-04:00,read,key5,2.842,36,false
2026-04-03T16:33:27.788099-04:00,read,key2,0.730,58,false
2026-04-03T16:33:27.788034-04:00,read,key6,0.810,41,false
2026-04-03T16:33:27.787819-04:00,read,key7,1.053,45,false
2026-04-03T16:33:27.787643-04:00,read,key1,1.227,40,false
2026-04-03T16:33:27.787524-04:00,read,key4,1.363,40,true
2026-04-03T16:33:27.788089-04:00,read,key6,0.836,41,false
2026-04-03T16:33:27.787409-04:00,read,key4,1.533,41,false
2026-04-03T16:33:27.785321-04:00,read,key0,3.988,43,false
2026-04-03T16:33:27.788902-04:00,read,key2,0.841,58,false
2026-04-03T16:33:27.788853-04:00,read,key4,1.084,41,false
2026-04-03T16:33:27.788932-04:00,read,key5,1.051,36,false
2026-04-03T16:33:27.788843-04:00,read,key5,1.147,36,false
2026-04-03T16:33:27.788953-04:00,read,key7,1.023,45,false
2026-04-03T16:33:27.789757-04:00,read,key3,0.635,43,false
2026-04-03T16:33:27.789321-04:00,read,key5,1.095,36,false
2026-04-03T16:33:27.788159-04:00,read,key5,2.422,36,false
2026-04-03T16:33:27.789996-04:00,read,key2,0.644,58,false
2026-04-03T16:33:27.789999-04:00,read,key4,0.669,41,false
2026-04-03T16:33:27.789971-04:00,read,key3,0.715,43,false
2026-04-03T16:33:27.790427-04:00,read,key1,0.722,40,false
2026-04-03T16:33:27.790675-04:00,read,key5,0.762,36,false
2026-04-03T16:33:27.790647-04:00,read,key6,0.791,41,false
2026-04-03T16:33:27.789999-04:00,read,key9,1.467,38,false
2026-04-03T16:33:27.790597-04:00,read,key6,1.063,41,false
2026-04-03T16:33:27.790701-04:00,read,key6,1.156,41,false
2026-04-03T16:33:27.791478-04:00,read,key2,0.548,58,false
2026-04-03T16:33:27.790407-04:00,read,key0,1.753,42,true
2026-04-03T16:33:27.791668-04:00,read,key7,0.654,45,false
2026-04-03T16:33:27.791449-04:00,read,key0,0.872,42,true
2026-04-03T16:33:27.791866-04:00,read,key6,0.891,41,false
2026-04-03T16:33:27.792033-04:00,read,key2,0.759,58,false
2026-04-03T16:33:27.791161-04:00,read,key3,1.641,43,false
2026-04-03T16:33:27.792168-04:00,read,key8,0.709,25,false
2026-04-03T16:33:27.792884-04:00,read,key4,0.480,41,false
2026-04-03T16:33:27.792821-04:00,read,key8,0.558,25,false
2026-04-03T16:33:27.7928-04:00,read,key0,0.766,42,true
2026-04-03T16:33:27.792768-04:00,read,key7,0.844,45,false
2026-04-03T16:33:27.79362-04:00,read,key5,0.421,36,false
2026-04-03T16:33:27.793388-04:00,read,key9,0.653,38,false
2026-04-03T16:33:27.793576-04:00,read,key0,0.555,42,true
2026-04-03T16:33:27.793379-04:00,read,key3,0.982,43,false
2026-04-03T16:33:27.794054-04:00,read,key3,0.507,43,false
2026-04-03T16:33:27.794054-04:00,read,key3,0.651,43,false
2026-04-03T16:33:27.79414-04:00,read,key7,0.643,45,false
2026-04-03T16:33:27.794388-04:00,read,key1,0.547,40,false
2026-04-03T16:33:27.794713-04:00,read,key9,0.434,38,false
2026-04-03T16:33:27.794569-04:00,read,key9,0.598,38,false
2026-04-03T16:33:27.794789-04:00,read,key2,0.478,58,false
2026-04-03T16:33:27.794944-04:00,read,key6,0.670,41,false
2026-04-03T16:33:27.795155-04:00,read,key8,0.668,25,false
2026-04-03T16:33:27.795174-04:00,read,key9,0.650,38,false
2026-04-03T16:33:27.795833-04:00,read,key1,0.291,40,false
2026-04-03T16:33:27.79583-04:00,read,key2,0.371,58,false
2026-04-03T16:33:27.796209-04:00,read,key3,0.283,43,false
2026-04-03T16:33:27.795303-04:00,read,key3,1.210,43,false
2026-04-03T16:33:27.796132-04:00,read,key5,0.386,36,false
2026-04-03T16:33:27.796542-04:00,read,key7,0.336,45,false
2026-04-03T16:33:27.796499-04:00,read,key6,0.409,41,false
2026-04-03T16:33:27.796527-04:00,read,key9,0.417,38,false
2026-04-03T16:33:27.796886-04:00,read,key3,0.291,43,false
2026-04-03T16:33:27.796914-04:00,read,key9,0.342,38,false
2026-04-03T16:33:27.796952-04:00,read,key8,0.520,25,false
2026-04-03T16:33:27.797184-04:00,read,key4,0.339,40,true
2026-04-03T16:33:27.79748-04:00,read,key5,0.377,36,false
2026-04-03T16:33:27.797262-04:00,read,key4,0.614,41,false
2026-04-03T16:33:27.797532-04:00,read,key4,0.449,41,false
2026-04-03T16:33:27.797882-04:00,read,key8,0.356,25,false
2026-04-03T16:33:27.797864-04:00,read,key2,0.391,58,false
2026-04-03T16:33:27.798247-04:00,read,key8,0.330,25,false
2026-04-03T16:33:27.798262-04:00,read,key4,0.317,40,true
2026-04-03T16:33:27.798593-04:00,read,key5,0.317,36,false
2026-04-03T16:33:27.798587-04:00,read,key3,0.324,43,false
2026-04-03T16:33:27.798917-04:00,read,key9,0.426,38,false
2026-04-03T16:33:27.798918-04:00,read,key4,0.454,40,true
2026-04-03T16:33:27.788901-04:00,write,key9,1215.826,39,false
2026-04-03T16:33:27.772293-04:00,write,key0,1232.505,44,false
2026-04-03T16:33:29.004833-04:00,read,key1,1.510,40,false
2026-04-03T16:33:29.004793-04:00,read,key9,1.594,39,false
2026-04-03T16:33:27.788901-04:00,write,key5,1218.531,37,false
2026-04-03T16:33:27.792334-04:00,write,key5,1215.178,38,false
2026-04-03T16:33:27.792352-04:00,write,key0,1215.310,45,false
2026-04-03T16:33:27.791476-04:00,write,key7,1216.210,46,false
2026-04-03T16:33:27.795638-04:00,write,key3,1212.087,44,false
2026-04-03T16:33:29.00638-04:00,read,key2,4.001,58,false
2026-04-03T16:33:29.006412-04:00,read,key4,4.470,40,true
2026-04-03T16:33:27.797992-04:00,write,key5,1213.262,39,false
2026-04-03T16:33:29.007731-04:00,read,key0,3.531,45,false
2026-04-03T16:33:29.007566-04:00,read,key1,3.757,40,false
2026-04-03T16:33:29.007544-04:00,read,key5,6.035,40,false
2026-04-03T16:33:27.799353-04:00,write,key7,1214.179,47,false
2026-04-03T16:33:27.799382-04:00,write,key5,1214.718,40,false
2026-04-03T16:33:29.010408-04:00,read,key7,6.113,47,false
2026-04-03T16:33:29.013599-04:00,read,key9,2.938,39,false
2026-04-03T16:33:29.01361-04:00,read,key6,3.255,41,false
2026-04-03T16:33:29.011269-04:00,read,key5,5.614,40,false
2026-04-03T16:33:29.011276-04:00,read,key6,5.660,41,false
2026-04-03T16:33:29.007681-04:00,read,key4,9.651,41,false
2026-04-03T16:33:29.010908-04:00,read,key1,6.784,40,false
2026-04-03T16:33:29.016555-04:00,read,key5,5.733,40,false
2026-04-03T16:33:29.011342-04:00,read,key6,10.901,41,false
2026-04-03T16:33:29.016545-04:00,read,key3,5.924,44,false
2026-04-03T16:33:29.016899-04:00,read,key0,5.692,45,false
2026-04-03T16:33:29.01688-04:00,read,key7,6.072,47,false
2026-04-03T16:33:29.017707-04:00,read,key5,5.897,40,false
2026-04-03T16:33:29.022485-04:00,read,key1,3.988,40,false
2026-04-03T16:33:29.01414-04:00,read,key8,12.333,25,false
2026-04-03T16:33:29.01695-04:00,read,key1,9.570,40,false
2026-04-03T16:33:29.022313-04:00,read,key1,4.241,40,false
2026-04-03T16:33:29.017348-04:00,read,key4,9.254,41,false
2026-04-03T16:33:29.023013-04:00,read,key7,3.583,47,false
2026-04-03T16:33:29.022317-04:00,read,key5,4.287,40,false
2026-04-03T16:33:29.022613-04:00,read,key1,4.383,40,false
2026-04-03T16:33:29.026619-04:00,read,key2,0.774,58,false
2026-04-03T16:33:29.02655-04:00,read,key7,0.937,47,false
2026-04-03T16:33:29.026493-04:00,read,key2,1.033,58,false
2026-04-03T16:33:29.026619-04:00,read,key7,0.954,47,false
2026-04-03T16:33:29.027007-04:00,read,key4,1.037,41,false
2026-04-03T16:33:29.02362-04:00,read,key8,4.437,25,false
2026-04-03T16:33:29.026565-04:00,read,key2,1.504,58,false
2026-04-03T16:33:29.026495-04:00,read,key8,1.844,25,false
2026-04-03T16:33:29.027494-04:00,read,key0,0.843,45,false
2026-04-03T16:33:29.027405-04:00,read,key6,1.284,41,false
2026-04-03T16:33:29.02661-04:00,read,key8,2.091,25,false
2026-04-03T16:33:29.027584-04:00,read,key0,1.125,45,false
2026-04-03T16:33:29.028357-04:00,read,key2,0.696,58,false
2026-04-03T16:33:29.028084-04:00,read,key4,0.991,41,false
2026-04-03T16:33:29.028081-04:00,read,key9,1.023,39,false
2026-04-03T16:33:29.028484-04:00,read,key5,0.924,40,false
2026-04-03T16:33:29.028715-04:00,read,key7,0.708,47,false
2026-04-03T16:33:29.028711-04:00,read,key3,0.956,44,false
2026-04-03T16:33:29.028698-04:00,read,key5,0.972,40,false
2026-04-03T16:33:29.029087-04:00,read,key4,0.626,41,false
2026-04-03T16:33:29.029065-04:00,read,key2,0.677,58,false
2026-04-03T16:33:29.027538-04:00,read,key0,2.208,45,false
2026-04-03T16:33:29.029418-04:00,read,key2,0.527,58,false
2026-04-03T16:33:29.02972-04:00,read,key5,0.666,40,false
2026-04-03T16:33:29.029689-04:00,read,key5,0.713,40,false
2026-04-03T16:33:29.02975-04:00,read,key3,0.731,44,false
2026-04-03T16:33:29.029952-04:00,read,key2,0.819,58,false
2026-04-03T16:33:29.029754-04:00,read,key0,1.032,45,false
2026-04-03T16:33:29.030399-04:00,read,key1,0.869,40,false
2026-04-03T16:33:29.030489-04:00,read,key6,0.784,41,false
2026-04-03T16:33:29.030781-04:00,read,key3,0.557,44,false
2026-04-03T16:33:29.03041-04:00,read,key8,0.949,25,false
2026-04-03T16:33:29.029112-04:00,read,key5,2.255,40,false
2026-04-03T16:33:29.030794-04:00,read,key0,0.590,45,false
2026-04-03T16:33:29.031346-04:00,read,key9,0.774,39,false
2026-04-03T16:33:29.031286-04:00,read,key4,0.858,40,true
2026-04-03T16:33:29.031411-04:00,read,key4,0.728,40,true
2026-04-03T16:33:29.031282-04:00,read,key1,0.864,40,false
2026-04-03T16:33:29.032133-04:00,read,key5,0.640,40,false
2026-04-03T16:33:29.032166-04:00,read,key3,0.622,44,false
2026-04-03T16:33:29.032153-04:00,read,key0,0.646,45,false
2026-04-03T16:33:29.032796-04:00,read,key5,0.538,40,false
2026-04-03T16:33:29.03281-04:00,read,key6,0.524,41,false
2026-04-03T16:33:29.032785-04:00,read,key5,0.736,40,false
2026-04-03T16:33:29.033346-04:00,read,key9,0.423,39,false
2026-04-03T16:33:29.032158-04:00,read,key8,1.610,25,false
2026-04-03T16:33:29.033345-04:00,read,key1,0.636,40,false
2026-04-03T16:33:29.033529-04:00,read,key2,0.491,58,false
2026-04-03T16:33:29.033779-04:00,read,key5,0.349,40,false
2026-04-03T16:33:29.03403-04:00,read,key2,0.468,58,false
2026-04-03T16:33:29.034134-04:00,read,key4,0.364,41,false
2026-04-03T16:33:29.03399-04:00,read,key9,0.699,39,false
2026-04-03T16:33:29.033797-04:00,read,key1,0.901,40,false
2026-04-03T16:33:29.034508-04:00,read,key1,0.418,40,false
2026-04-03T16:33:29.034507-04:00,read,key1,0.549,40,false
2026-04-03T16:33:29.034709-04:00,read,key3,0.437,44,false
2026-04-03T16:33:29.0347-04:00,read,key9,0.475,39,false
2026-04-03T16:33:29.034935-04:00,read,key4,0.483,40,true
2026-04-03T16:33:29.035154-04:00,read,key0,0.425,45,false
2026-04-03T16:33:29.035188-04:00,read,key6,0.476,41,false
2026-04-03T16:33:29.035425-04:00,read,key1,0.381,40,false
2026-04-03T16:33:29.035586-04:00,read,key5,0.322,40,false
2026-04-03T16:33:29.035672-04:00,read,key2,0.364,58,false
2026-04-03T16:33:29.035814-04:00,read,key3,0.546,44,false
2026-04-03T16:33:29.035915-04:00,read,key8,0.692,25,false
2026-04-03T16:33:29.036042-04:00,read,key8,0.693,25,false
2026-04-03T16:33:29.036743-04:00,read,key2,0.384,58,false
2026-04-03T16:33:29.037138-04:00,read,key2,0.361,58,false
2026-04-03T16:33:29.03751-04:00,read,key2,0.312,58,false
2026-04-03T16:33:29.037831-04:00,read,key5,0.279,40,false
2026-04-03T16:33:29.038117-04:00,read,key0,0.328,45,false
2026-04-03T16:33:29.038453-04:00,read,key8,0.269,25,false
2026-04-03T16:33:29.038729-04:00,read,key1,0.254,40,false
2026-04-03T16:33:29.038998-04:00,read,key2,0.302,58,false
2026-04-03T16:33:29.039307-04:00,read,key7,0.244,47,false
2026-04-03T16:33:29.039558-04:00,read,key1,0.257,40,false
2026-04-03T16:33:29.039822-04:00,read,key7,0.232,47,false
2026-04-03T16:33:29.040061-04:00,read,key1,0.274,40,false
2026-04-03T16:33:29.040342-04:00,read,key6,0.258,41,false
2026-04-03T16:33:29.040608-04:00,read,key6,0.250,41,false
2026-04-03T16:33:29.040869-04:00,read,key5,0.226,40,false
2026-04-03T16:33:29.041102-04:00,read,key3,0.241,44,false
2026-04-03T16:33:29.041351-04:00,read,key0,0.221,45,false
2026-04-03T16:33:29.041579-04:00,read,key0,0.232,45,false
2026-04-03T16:33:29.007793-04:00,write,key5,1236.491,41,false
2026-04-03T16:33:30.244374-04:00,read,key4,1.448,41,false
2026-04-03T16:33:29.02968-04:00,write,key3,1217.300,45,false
2026-04-03T16:33:30.247006-04:00,read,key7,1.100,48,false
2026-04-03T16:33:30.248132-04:00,read,key1,1.009,40,false
2026-04-03T16:33:30.249162-04:00,read,key5,1.053,42,false
2026-04-03T16:33:30.250237-04:00,read,key9,0.859,41,false
2026-04-03T16:33:30.251115-04:00,read,key0,0.864,46,false
2026-04-03T16:33:30.251993-04:00,read,key9,0.719,41,false
2026-04-03T16:33:30.252726-04:00,read,key8,0.808,26,false
2026-04-03T16:33:30.253554-04:00,read,key3,0.702,46,false
2026-04-03T16:33:30.25427-04:00,read,key3,0.679,46,false
2026-04-03T16:33:30.254961-04:00,read,key5,0.692,42,false
2026-04-03T16:33:30.255666-04:00,read,key5,0.859,42,false
2026-04-03T16:33:29.031381-04:00,write,key9,1233.630,40,false
2026-04-03T16:33:29.036371-04:00,write,key3,1228.694,46,false
2026-04-03T16:33:29.028073-04:00,write,key0,1237.009,46,false
2026-04-03T16:33:29.041822-04:00,write,key9,1223.314,41,false
2026-04-03T16:33:29.03138-04:00,write,key5,1233.767,42,false
2026-04-03T16:33:29.035071-04:00,write,key8,1230.111,26,false
2026-04-03T16:33:29.029439-04:00,write,key0,1235.669,47,false
2026-04-03T16:33:29.036623-04:00,write,key7,1228.838,48,false
2026-04-03T16:33:30.265026-04:00,read,key8,2.978,26,false
2026-04-03T16:33:30.265173-04:00,read,key7,2.879,48,false
2026-04-03T16:33:30.265144-04:00,read,key2,2.945,58,false
2026-04-03T16:33:30.265196-04:00,read,key7,3.239,48,false
2026-04-03T16:33:30.265517-04:00,read,key3,2.988,46,false
2026-04-03T16:33:30.265079-04:00,read,key1,3.444,40,false
2026-04-03T16:33:30.268027-04:00,read,key8,2.932,26,false
2026-04-03T16:33:30.268072-04:00,read,key7,3.034,48,false
2026-04-03T16:33:30.268539-04:00,read,key6,2.702,41,false
2026-04-03T16:33:30.265215-04:00,read,key4,7.110,40,true
2026-04-03T16:33:30.265236-04:00,read,key5,7.209,42,false
2026-04-03T16:33:30.271122-04:00,read,key1,1.670,40,false
2026-04-03T16:33:30.270979-04:00,read,key0,2.288,47,false
2026-04-03T16:33:30.272381-04:00,read,key1,0.894,40,false
2026-04-03T16:33:30.272468-04:00,read,key9,0.829,41,false
2026-04-03T16:33:30.273278-04:00,read,key5,0.628,42,false
2026-04-03T16:33:30.273287-04:00,read,key9,0.741,40,true
2026-04-03T16:33:30.272803-04:00,read,key4,1.294,41,false
2026-04-03T16:33:30.273922-04:00,read,key6,0.749,41,false
2026-04-03T16:33:30.274037-04:00,read,key4,0.675,40,true
2026-04-03T16:33:30.273305-04:00,read,key7,1.436,48,false
2026-04-03T16:33:30.274122-04:00,read,key5,0.642,42,false
2026-04-03T16:33:30.274701-04:00,read,key5,0.562,42,false
2026-04-03T16:33:30.274775-04:00,read,key4,0.512,40,true
2026-04-03T16:33:30.274722-04:00,read,key4,0.566,40,true
2026-04-03T16:33:30.27475-04:00,read,key1,0.534,40,false
2026-04-03T16:33:30.275296-04:00,read,key2,0.450,58,false
2026-04-03T16:33:30.275275-04:00,read,key9,0.534,41,false
2026-04-03T16:33:30.275296-04:00,read,key7,0.592,48,false
2026-04-03T16:33:30.275308-04:00,read,key5,0.607,42,false
2026-04-03T16:33:30.275895-04:00,read,key4,0.572,41,false
2026-04-03T16:33:30.275758-04:00,read,key9,0.726,41,false
2026-04-03T16:33:30.275836-04:00,read,key4,0.633,41,false
2026-04-03T16:33:30.276491-04:00,read,key9,0.376,40,true
2026-04-03T16:33:30.276489-04:00,read,key2,0.509,58,false
2026-04-03T16:33:30.276515-04:00,read,key1,0.484,40,false
2026-04-03T16:33:30.276877-04:00,read,key8,0.464,26,false
2026-04-03T16:33:30.277007-04:00,read,key9,0.403,40,true
2026-04-03T16:33:30.277005-04:00,read,key5,0.662,42,false
2026-04-03T16:33:30.277352-04:00,read,key0,0.363,47,false
2026-04-03T16:33:30.277418-04:00,read,key3,0.568,46,false
2026-04-03T16:33:30.277722-04:00,read,key3,0.451,46,false
2026-04-03T16:33:30.277695-04:00,read,key0,0.604,47,false
2026-04-03T16:33:30.277992-04:00,read,key6,0.430,41,false
2026-04-03T16:33:30.27818-04:00,read,key9,0.445,40,true
2026-04-03T16:33:30.278305-04:00,read,key1,0.552,40,false
2026-04-03T16:33:30.278429-04:00,read,key4,0.442,40,true
2026-04-03T16:33:30.278632-04:00,read,key9,0.383,41,false
2026-04-03T16:33:30.27888-04:00,read,key9,0.363,41,false
2026-04-03T16:33:30.278864-04:00,read,key0,0.394,47,false
2026-04-03T16:33:30.279272-04:00,read,key8,0.408,26,false
2026-04-03T16:33:30.27925-04:00,read,key7,0.446,48,false
2026-04-03T16:33:30.279022-04:00,read,key9,0.680,41,false
2026-04-03T16:33:30.279739-04:00,read,key6,0.300,41,false
2026-04-03T16:33:30.279687-04:00,read,key4,0.375,40,true
2026-04-03T16:33:30.279721-04:00,read,key0,0.345,47,false
2026-04-03T16:33:30.280049-04:00,read,key4,0.402,41,false
2026-04-03T16:33:30.280076-04:00,read,key4,0.406,41,false
2026-04-03T16:33:30.280459-04:00,read,key3,0.390,46,false
2026-04-03T16:33:30.280488-04:00,read,key4,0.389,40,true
2026-04-03T16:33:30.280885-04:00,read,key0,0.373,47,false
2026-04-03T16:33:30.280857-04:00,read,key9,0.580,41,false
2026-04-03T16:33:30.281266-04:00,read,key5,0.418,42,false
2026-04-03T16:33:30.281444-04:00,read,key4,0.286,40,true
2026-04-03T16:33:30.281692-04:00,read,key5,0.279,42,false
2026-04-03T16:33:30.281735-04:00,read,key6,0.261,41,false
2026-04-03T16:33:30.281978-04:00,read,key0,0.303,46,true
2026-04-03T16:33:30.282003-04:00,read,key1,0.303,40,false
2026-04-03T16:33:30.282314-04:00,read,key6,0.355,41,false
2026-04-03T16:33:30.282288-04:00,read,key3,0.383,46,false
2026-04-03T16:33:30.282675-04:00,read,key4,0.319,40,true
2026-04-03T16:33:30.282678-04:00,read,key7,0.318,48,false
2026-04-03T16:33:30.283003-04:00,read,key3,0.384,46,false
2026-04-03T16:33:30.283-04:00,read,key3,0.401,46,false
2026-04-03T16:33:30.283408-04:00,read,key6,0.272,41,false
2026-04-03T16:33:30.245874-04:00,write,key4,1234.820,42,false
2026-04-03T16:33:30.256549-04:00,write,key2,1224.208,59,false
2026-04-03T16:33:31.480787-04:00,read,key6,1.790,41,false
2026-04-03T16:33:31.480799-04:00,read,key5,1.840,43,false
2026-04-03T16:33:31.482623-04:00,read,key8,1.460,26,false
2026-04-03T16:33:31.48269-04:00,read,key0,1.437,48,false
2026-04-03T16:33:31.484147-04:00,read,key4,0.949,43,false
2026-04-03T16:33:31.484109-04:00,read,key5,1.085,43,false
2026-04-03T16:33:31.48512-04:00,read,key7,1.208,48,false
2026-04-03T16:33:30.275933-04:00,write,key4,1225.549,44,false
2026-04-03T16:33:30.280076-04:00,write,key0,1221.458,48,false
2026-04-03T16:33:30.283696-04:00,write,key9,1217.894,43,false
2026-04-03T16:33:30.268456-04:00,write,key1,1233.123,41,false
2026-04-03T16:33:30.283398-04:00,write,key5,1218.144,43,false
2026-04-03T16:33:30.268523-04:00,write,key4,1233.462,43,false
2026-04-03T16:33:30.271261-04:00,write,key9,1231.123,42,false
2026-04-03T16:33:30.268115-04:00,write,key3,1234.418,47,false
2026-04-03T16:33:31.502588-04:00,read,key3,2.305,47,false
2026-04-03T16:33:31.501623-04:00,read,key2,3.366,59,false
2026-04-03T16:33:31.501686-04:00,read,key8,3.576,26,false
2026-04-03T16:33:31.501548-04:00,read,key0,3.723,48,false
2026-04-03T16:33:31.501505-04:00,read,key0,3.969,48,false
2026-04-03T16:33:31.502428-04:00,read,key2,3.454,59,false
2026-04-03T16:33:31.505014-04:00,read,key6,2.654,41,false
2026-04-03T16:33:31.505284-04:00,read,key8,2.509,26,false
2026-04-03T16:33:31.504914-04:00,read,key2,2.908,59,false
2026-04-03T16:33:31.505276-04:00,read,key3,2.586,47,false
2026-04-03T16:33:31.501996-04:00,read,key9,5.840,43,false
2026-04-03T16:33:31.505489-04:00,read,key4,2.361,44,false
2026-04-03T16:33:31.507902-04:00,read,key5,0.787,43,false
2026-04-03T16:33:31.507831-04:00,read,key8,0.858,26,false
2026-04-03T16:33:31.505898-04:00,read,key6,2.801,41,false
2026-04-03T16:33:31.507804-04:00,read,key9,0.875,43,false
2026-04-03T16:33:31.507685-04:00,read,key0,0.994,48,false
2026-04-03T16:33:31.507872-04:00,read,key4,1.079,44,false
2026-04-03T16:33:31.508703-04:00,read,key0,1.030,48,false
2026-04-03T16:33:31.508723-04:00,read,key2,1.026,59,false
2026-04-03T16:33:31.508714-04:00,read,key1,1.269,41,false
2026-04-03T16:33:31.508967-04:00,read,key7,1.095,48,false
2026-04-03T16:33:31.508744-04:00,read,key8,1.759,26,false
2026-04-03T16:33:31.509991-04:00,read,key2,0.552,59,false
2026-04-03T16:33:31.509761-04:00,read,key0,0.773,48,false
2026-04-03T16:33:31.509745-04:00,read,key1,0.819,41,false
2026-04-03T16:33:31.508711-04:00,read,key8,1.795,26,false
2026-04-03T16:33:31.510514-04:00,read,key9,0.406,43,false
2026-04-03T16:33:31.510558-04:00,read,key7,0.420,48,false
2026-04-03T16:33:31.510071-04:00,read,key8,0.928,26,false
2026-04-03T16:33:31.510606-04:00,read,key4,0.580,44,false
2026-04-03T16:33:31.510571-04:00,read,key2,2.964,59,false
2026-04-03T16:33:31.510552-04:00,read,key5,3.054,43,false
2026-04-03T16:33:31.511006-04:00,read,key8,2.691,26,false
2026-04-03T16:33:31.510984-04:00,read,key8,2.705,26,false
2026-04-03T16:33:31.510929-04:00,read,key3,2.729,47,false
2026-04-03T16:33:31.513735-04:00,read,key0,0.973,48,false
2026-04-03T16:33:31.513653-04:00,read,key1,1.034,41,false
2026-04-03T16:33:31.513718-04:00,read,key9,1.087,43,false
2026-04-03T16:33:31.513707-04:00,read,key2,1.109,59,false
2026-04-03T16:33:31.513582-04:00,read,key3,1.273,47,false
2026-04-03T16:33:31.511193-04:00,read,key0,3.838,48,false
2026-04-03T16:33:31.514814-04:00,read,key0,0.650,48,false
2026-04-03T16:33:31.514862-04:00,read,key0,0.646,48,false
2026-04-03T16:33:31.514746-04:00,read,key4,0.766,44,false
2026-04-03T16:33:31.514823-04:00,read,key4,0.793,44,false
2026-04-03T16:33:31.515041-04:00,read,key8,0.576,26,false
2026-04-03T16:33:31.515473-04:00,read,key3,0.549,47,false
2026-04-03T16:33:31.515518-04:00,read,key2,0.538,59,false
2026-04-03T16:33:31.51552-04:00,read,key0,0.581,48,false
2026-04-03T16:33:31.515624-04:00,read,key7,0.543,48,false
2026-04-03T16:33:31.516173-04:00,read,key1,0.390,41,false
2026-04-03T16:33:31.516121-04:00,read,key1,0.476,41,false
2026-04-03T16:33:31.51603-04:00,read,key9,0.599,43,false
2026-04-03T16:33:31.516062-04:00,read,key0,0.569,48,false
2026-04-03T16:33:31.516571-04:00,read,key8,0.394,26,false
2026-04-03T16:33:31.516638-04:00,read,key2,0.358,59,false
2026-04-03T16:33:31.516637-04:00,read,key7,0.391,48,false
2026-04-03T16:33:31.516604-04:00,read,key7,0.436,48,false
2026-04-03T16:33:31.517006-04:00,read,key8,0.597,26,false
2026-04-03T16:33:31.516973-04:00,read,key0,0.630,48,false
2026-04-03T16:33:31.517154-04:00,read,key4,0.977,43,true
2026-04-03T16:33:31.517628-04:00,read,key5,0.731,43,false
2026-04-03T16:33:31.518368-04:00,read,key4,0.357,44,false
2026-04-03T16:33:31.518149-04:00,read,key5,0.730,43,false
2026-04-03T16:33:31.518734-04:00,read,key7,0.509,48,false
2026-04-03T16:33:31.518888-04:00,read,key4,0.510,44,false
2026-04-03T16:33:31.519251-04:00,read,key3,0.496,47,false
2026-04-03T16:33:31.519404-04:00,read,key0,0.345,48,false
2026-04-03T16:33:31.519754-04:00,read,key2,0.275,59,false
2026-04-03T16:33:31.520036-04:00,read,key1,0.440,41,false
2026-04-03T16:33:31.520484-04:00,read,key1,0.342,41,false
2026-04-03T16:33:31.520832-04:00,read,key6,0.202,41,false
2026-04-03T16:33:31.521042-04:00,read,key4,0.268,44,false
2026-04-03T16:33:31.485224-04:00,write,key9,1233.476,44,false
2026-04-03T16:33:31.486357-04:00,write,key6,1232.405,42,false
2026-04-03T16:33:32.718797-04:00,read,key3,0.859,48,false
2026-04-03T16:33:32.718783-04:00,read,key0,0.876,49,false
2026-04-03T16:33:32.719676-04:00,read,key4,0.647,43,true
2026-04-03T16:33:32.720342-04:00,read,key1,0.471,41,false
2026-04-03T16:33:32.720823-04:00,read,key4,0.584,44,false
2026-04-03T16:33:32.721418-04:00,read,key7,0.552,49,false
2026-04-03T16:33:32.721984-04:00,read,key4,0.430,44,false
2026-04-03T16:33:32.722423-04:00,read,key8,0.515,27,false
2026-04-03T16:33:32.722956-04:00,read,key9,0.458,46,false
2026-04-03T16:33:32.723431-04:00,read,key7,0.390,49,false
2026-04-03T16:33:32.723832-04:00,read,key2,0.361,59,false
2026-04-03T16:33:32.724202-04:00,read,key4,0.373,44,false
2026-04-03T16:33:32.724584-04:00,read,key5,0.348,44,false
2026-04-03T16:33:32.72494-04:00,read,key4,0.321,44,false
2026-04-03T16:33:32.725271-04:00,read,key4,0.346,44,false
2026-04-03T16:33:32.725625-04:00,read,key3,0.365,48,false
2026-04-03T16:33:32.725997-04:00,read,key1,0.377,41,false
2026-04-03T16:33:32.726383-04:00,read,key8,0.338,27,false
2026-04-03T16:33:32.726729-04:00,read,key3,0.319,48,false
2026-04-03T16:33:32.727056-04:00,read,key2,0.410,59,false
2026-04-03T16:33:32.727473-04:00,read,key1,0.342,41,false
2026-04-03T16:33:32.727823-04:00,read,key6,0.351,43,false
2026-04-03T16:33:32.728197-04:00,read,key2,0.320,59,false
2026-04-03T16:33:32.728526-04:00,read,key3,0.317,48,false
2026-04-03T16:33:32.728851-04:00,read,key8,0.281,27,false
2026-04-03T16:33:32.72914-04:00,read,key2,0.296,59,false
2026-04-03T16:33:32.729445-04:00,read,key0,0.297,49,false
2026-04-03T16:33:32.729749-04:00,read,key6,0.279,43,false
2026-04-03T16:33:32.730036-04:00,read,key1,0.318,41,false
2026-04-03T16:33:32.730367-04:00,read,key8,0.311,27,false
2026-04-03T16:33:32.730685-04:00,read,key9,0.267,46,false
2026-04-03T16:33:32.730959-04:00,read,key6,0.281,43,false
2026-04-03T16:33:31.515632-04:00,write,key3,1222.997,48,false
2026-04-03T16:33:31.50789-04:00,write,key9,1230.749,45,false
2026-04-03T16:33:31.519761-04:00,write,key8,1218.868,27,false
2026-04-03T16:33:31.514737-04:00,write,key0,1223.916,49,false
2026-04-03T16:33:31.501632-04:00,write,key6,1237.057,43,false
2026-04-03T16:33:31.517636-04:00,write,key7,1221.106,49,false
2026-04-03T16:33:31.517049-04:00,write,key9,1221.705,46,false
2026-04-03T16:33:31.521321-04:00,write,key5,1217.439,44,false
2026-04-03T16:33:32.738688-04:00,read,key8,0.539,27,false
2026-04-03T16:33:32.738638-04:00,read,key0,0.695,49,false
2026-04-03T16:33:32.738708-04:00,read,key9,0.751,46,false
2026-04-03T16:33:32.738686-04:00,read,key4,0.815,44,false
2026-04-03T16:33:32.738647-04:00,read,key1,0.862,41,false
2026-04-03T16:33:32.739347-04:00,read,key9,0.671,46,false
2026-04-03T16:33:32.73876-04:00,read,key3,1.253,48,false
2026-04-03T16:33:32.73877-04:00,read,key2,1.242,59,false
2026-04-03T16:33:32.739241-04:00,read,key6,0.814,43,false
2026-04-03T16:33:32.739468-04:00,read,key9,0.589,46,false
2026-04-03T16:33:32.73951-04:00,read,key5,0.661,44,false
2026-04-03T16:33:32.740032-04:00,read,key1,0.925,41,false
2026-04-03T16:33:32.740063-04:00,read,key6,0.932,43,false
2026-04-03T16:33:32.740971-04:00,read,key6,0.344,43,false
2026-04-03T16:33:32.741004-04:00,read,key0,0.402,49,false
2026-04-03T16:33:32.740026-04:00,read,key9,1.417,46,false
2026-04-03T16:33:32.739517-04:00,read,key3,1.939,48,false
2026-04-03T16:33:32.740178-04:00,read,key0,1.330,49,false
2026-04-03T16:33:32.741323-04:00,read,key9,0.471,46,false
2026-04-03T16:33:32.741531-04:00,read,key8,0.396,27,false
2026-04-03T16:33:32.741453-04:00,read,key4,0.519,44,false
2026-04-03T16:33:32.741467-04:00,read,key8,0.543,27,false
2026-04-03T16:33:32.741937-04:00,read,key1,0.579,41,false
2026-04-03T16:33:32.741802-04:00,read,key4,0.750,43,true
2026-04-03T16:33:32.742019-04:00,read,key2,0.740,59,false
2026-04-03T16:33:32.74198-04:00,read,key1,0.783,41,false
2026-04-03T16:33:32.742526-04:00,read,key1,0.497,41,false
2026-04-03T16:33:32.742771-04:00,read,key3,0.476,48,false
2026-04-03T16:33:32.742766-04:00,read,key2,0.710,59,false
2026-04-03T16:33:32.743032-04:00,read,key9,0.660,46,false
2026-04-03T16:33:32.743257-04:00,read,key1,0.487,41,false
2026-04-03T16:33:32.743484-04:00,read,key4,0.458,44,false
2026-04-03T16:33:32.743749-04:00,read,key6,0.358,43,false
2026-04-03T16:33:32.743698-04:00,read,key1,0.580,41,false
2026-04-03T16:33:32.743954-04:00,read,key7,0.429,49,false
2026-04-03T16:33:32.744113-04:00,read,key0,0.408,49,false
2026-04-03T16:33:32.744406-04:00,read,key3,0.477,48,false
2026-04-03T16:33:32.744528-04:00,read,key3,0.385,48,false
2026-04-03T16:33:32.74489-04:00,read,key1,0.361,41,false
2026-04-03T16:33:32.744923-04:00,read,key5,0.367,44,false
2026-04-03T16:33:32.745258-04:00,read,key5,0.345,44,false
2026-04-03T16:33:32.745297-04:00,read,key3,0.311,48,false
2026-04-03T16:33:32.745615-04:00,read,key3,0.258,48,false
2026-04-03T16:33:32.74561-04:00,read,key7,0.268,49,false
2026-04-03T16:33:32.745881-04:00,read,key8,0.346,27,false
2026-04-03T16:33:32.745885-04:00,read,key5,0.343,44,false
2026-04-03T16:33:32.746235-04:00,read,key2,0.215,59,false
2026-04-03T16:33:32.719687-04:00,write,key6,1233.870,44,false
2026-04-03T16:33:32.731257-04:00,write,key7,1222.278,50,false
2026-04-03T16:33:33.953573-04:00,read,key4,0.378,44,false
2026-04-03T16:33:33.953573-04:00,read,key9,0.393,47,false
2026-04-03T16:33:33.953964-04:00,read,key3,0.325,49,false
2026-04-03T16:33:33.953979-04:00,read,key3,0.356,49,false
2026-04-03T16:33:33.954299-04:00,read,key2,0.341,60,false
2026-04-03T16:33:33.954341-04:00,read,key5,0.385,45,false
2026-04-03T16:33:33.95465-04:00,read,key3,0.203,49,false
2026-04-03T16:33:33.954738-04:00,read,key8,0.218,27,false
2026-04-03T16:33:33.954861-04:00,read,key4,0.202,44,false
2026-04-03T16:33:33.954964-04:00,read,key3,0.423,49,false
2026-04-03T16:33:33.955071-04:00,read,key6,0.320,45,false
2026-04-03T16:33:33.955401-04:00,read,key9,0.229,47,false
2026-04-03T16:33:33.955637-04:00,read,key8,0.201,27,false
2026-04-03T16:33:33.955845-04:00,read,key1,0.175,41,false
2026-04-03T16:33:33.956027-04:00,read,key9,0.382,47,false
2026-04-03T16:33:33.956418-04:00,read,key8,0.253,27,false
2026-04-03T16:33:33.956678-04:00,read,key2,0.172,60,false
2026-04-03T16:33:33.956856-04:00,read,key4,0.163,43,true
2026-04-03T16:33:33.957026-04:00,read,key3,0.265,49,false
2026-04-03T16:33:33.957299-04:00,read,key7,0.382,50,false
2026-04-03T16:33:33.957689-04:00,read,key0,0.250,51,false
2026-04-03T16:33:33.957948-04:00,read,key9,0.300,47,false
2026-04-03T16:33:33.958256-04:00,read,key0,0.258,50,false
2026-04-03T16:33:33.958523-04:00,read,key0,0.235,51,false
2026-04-03T16:33:33.958764-04:00,read,key3,0.200,49,false
2026-04-03T16:33:33.958971-04:00,read,key1,0.268,41,false
2026-04-03T16:33:33.959247-04:00,read,key0,0.372,50,false
2026-04-03T16:33:33.959628-04:00,read,key2,0.427,61,false
2026-04-03T16:33:33.960065-04:00,read,key3,0.507,49,false
2026-04-03T16:33:33.960585-04:00,read,key9,0.279,47,false
2026-04-03T16:33:33.960872-04:00,read,key5,0.201,45,false
2026-04-03T16:33:33.96108-04:00,read,key9,0.336,47,false
2026-04-03T16:33:33.961423-04:00,read,key2,0.234,60,false
2026-04-03T16:33:32.744289-04:00,write,key2,1223.179,61,false
2026-04-03T16:33:32.740066-04:00,write,key9,1227.444,47,false
2026-04-03T16:33:32.742565-04:00,write,key5,1224.948,45,false
2026-04-03T16:33:32.741422-04:00,write,key2,1226.081,60,false
2026-04-03T16:33:32.740036-04:00,write,key6,1227.449,45,false
2026-04-03T16:33:32.746235-04:00,write,key0,1221.310,51,false
2026-04-03T16:33:32.738785-04:00,write,key0,1228.786,50,false
2026-04-03T16:33:32.746459-04:00,write,key3,1221.104,49,false
2026-04-03T16:33:33.967526-04:00,read,key2,0.627,61,false
2026-04-03T16:33:33.967477-04:00,read,key0,0.698,51,false
2026-04-03T16:33:33.967525-04:00,read,key8,0.662,27,false
2026-04-03T16:33:33.967526-04:00,read,key3,0.672,49,false
2026-04-03T16:33:33.96759-04:00,read,key5,0.648,45,false
2026-04-03T16:33:33.967581-04:00,read,key1,0.787,41,false
2026-04-03T16:33:33.96754-04:00,read,key6,0.856,45,false
2026-04-03T16:33:33.967556-04:00,read,key3,0.844,49,false
2026-04-03T16:33:33.968185-04:00,read,key5,0.353,45,false
2026-04-03T16:33:33.968166-04:00,read,key3,0.389,49,false
2026-04-03T16:33:33.968247-04:00,read,key0,0.485,51,false
2026-04-03T16:33:33.968204-04:00,read,key8,0.707,27,false
2026-04-03T16:33:33.968197-04:00,read,key9,0.724,47,false
2026-04-03T16:33:33.968546-04:00,read,key3,0.399,49,false
2026-04-03T16:33:33.968406-04:00,read,key1,0.544,41,false
2026-04-03T16:33:33.968952-04:00,read,key4,0.593,44,false
2026-04-03T16:33:33.96892-04:00,read,key0,0.663,51,false
2026-04-03T16:33:33.968987-04:00,read,key4,0.626,44,false
2026-04-03T16:33:33.968739-04:00,read,key7,1.124,50,false
2026-04-03T16:33:33.968984-04:00,read,key2,0.925,61,false
2026-04-03T16:33:33.969591-04:00,read,key4,0.323,44,false
2026-04-03T16:33:33.968377-04:00,read,key0,1.559,50,true
2026-04-03T16:33:33.968563-04:00,read,key0,1.392,50,true
2026-04-03T16:33:33.969878-04:00,read,key3,0.179,49,false
2026-04-03T16:33:33.969916-04:00,read,key3,0.267,49,false
2026-04-03T16:33:33.969922-04:00,read,key5,0.352,45,false
2026-04-03T16:33:33.969969-04:00,read,key3,0.333,49,false
2026-04-03T16:33:33.970063-04:00,read,key8,0.283,27,false
2026-04-03T16:33:33.969977-04:00,read,key5,0.499,45,false
2026-04-03T16:33:33.970281-04:00,read,key1,0.250,41,false
2026-04-03T16:33:33.970309-04:00,read,key8,0.254,27,false
2026-04-03T16:33:33.970189-04:00,read,key9,0.378,47,false
2026-04-03T16:33:33.970537-04:00,read,key5,0.503,45,false
2026-04-03T16:33:33.970483-04:00,read,key6,0.570,45,false
2026-04-03T16:33:33.970353-04:00,read,key9,0.892,47,false
2026-04-03T16:33:33.970569-04:00,read,key9,0.726,47,false
2026-04-03T16:33:33.97106-04:00,read,key2,0.478,61,false
2026-04-03T16:33:33.971047-04:00,read,key4,0.814,44,false
2026-04-03T16:33:33.971302-04:00,read,key3,0.709,49,false
2026-04-03T16:33:33.971264-04:00,read,key4,0.756,44,false
2026-04-03T16:33:33.971545-04:00,read,key2,0.511,61,false
2026-04-03T16:33:33.971872-04:00,read,key0,0.413,51,false
2026-04-03T16:33:33.972028-04:00,read,key2,0.344,61,false
2026-04-03T16:33:33.972019-04:00,read,key5,0.405,45,false
2026-04-03T16:33:33.972293-04:00,read,key2,0.304,61,false
2026-04-03T16:33:33.972433-04:00,read,key7,0.329,50,false
2026-04-03T16:33:33.97238-04:00,read,key0,0.389,51,false
2026-04-03T16:33:33.972777-04:00,read,key2,0.228,61,false
2026-04-03T16:33:33.972605-04:00,read,key7,0.407,50,false
2026-04-03T16:33:33.973021-04:00,read,key4,0.351,43,true
2026-04-03T16:33:33.973012-04:00,read,key2,0.447,60,true
2026-04-03T16:33:33.97338-04:00,read,key2,0.282,61,false
2026-04-03T16:33:33.973466-04:00,read,key8,0.412,27,false
2026-04-03T16:33:33.97367-04:00,read,key3,0.304,49,false
2026-04-03T16:33:33.973885-04:00,read,key0,0.198,51,false
2026-04-03T16:33:33.97409-04:00,read,key9,0.315,47,false
2026-04-03T16:33:33.974412-04:00,read,key0,0.273,51,false
2026-04-03T16:33:33.974693-04:00,read,key6,0.211,45,false
2026-04-03T16:33:33.974911-04:00,read,key4,0.327,44,false
2026-04-03T16:33:33.975245-04:00,read,key3,0.188,49,false
2026-04-03T16:33:33.97544-04:00,read,key6,0.184,45,false
2026-04-03T16:33:33.97563-04:00,read,key2,0.201,60,true
2026-04-03T16:33:33.975837-04:00,read,key3,0.188,49,false
2026-04-03T16:33:33.976032-04:00,read,key9,0.204,47,false
2026-04-03T16:33:33.976243-04:00,read,key4,0.250,43,true
2026-04-03T16:33:33.9765-04:00,read,key5,0.213,45,false
2026-04-03T16:33:33.97672-04:00,read,key2,0.185,61,false
2026-04-03T16:33:33.976912-04:00,read,key4,0.195,44,false
2026-04-03T16:33:33.977114-04:00,read,key2,0.213,61,false
2026-04-03T16:33:33.977333-04:00,read,key7,0.159,50,false
2026-04-03T16:33:33.977499-04:00,read,key5,0.187,45,false
2026-04-03T16:33:33.977693-04:00,read,key5,0.179,45,false
2026-04-03T16:33:33.977878-04:00,read,key6,0.181,45,false
2026-04-03T16:33:33.978078-04:00,read,key8,0.219,27,false
2026-04-03T16:33:33.978305-04:00,read,key8,0.236,27,false
2026-04-03T16:33:33.978547-04:00,read,key0,0.193,51,false
2026-04-03T16:33:33.978747-04:00,read,key7,0.196,50,false
2026-04-03T16:33:33.97895-04:00,read,key0,0.197,50,true
2026-04-03T16:33:33.969623-04:00,write,key1,1225.012,42,false
2026-04-03T16:33:33.972068-04:00,write,key1,1222.604,43,false
2026-04-03T16:33:33.972772-04:00,write,key0,1221.962,52,false
2026-04-03T16:33:33.955404-04:00,write,key4,1239.231,45,false
2026-04-03T16:33:33.973984-04:00,write,key5,1220.916,46,false
2026-04-03T16:33:33.969562-04:00,write,key4,1225.358,46,false
2026-04-03T16:33:33.961671-04:00,write,key2,1233.324,62,false
2026-04-03T16:33:33.970579-04:00,write,key7,1224.449,51,false
2026-04-03T16:33:33.968409-04:00,write,key6,1226.675,46,false
2026-04-03T16:33:33.979157-04:00,write,key4,1217.496,47,false
2026-04-03T16:33:35.194918-04:00,read,key8,3.907,27,false
2026-04-03T16:33:35.194976-04:00,read,key7,4.111,51,false
2026-04-03T16:33:35.195117-04:00,read,key2,4.005,62,false
2026-04-03T16:33:35.19479-04:00,read,key3,4.393,49,false
2026-04-03T16:33:35.194792-04:00,read,key4,4.464,47,false
2026-04-03T16:33:35.195145-04:00,read,key5,5.483,46,false
2026-04-03T16:33:35.196717-04:00,read,key0,4.082,52,false
2026-04-03T16:33:35.198851-04:00,read,key2,3.903,62,false
2026-04-03T16:33:35.19927-04:00,read,key2,3.580,62,false
2026-04-03T16:33:35.200645-04:00,read,key6,3.477,46,false
2026-04-03T16:33:35.199106-04:00,read,key6,5.049,46,false
2026-04-03T16:33:35.199195-04:00,read,key7,5.030,51,false
2026-04-03T16:33:35.195089-04:00,read,key6,9.200,46,false
2026-04-03T16:33:35.194875-04:00,read,key7,9.374,51,false
2026-04-03T16:33:35.202821-04:00,read,key9,4.153,47,false
2026-04-03T16:33:35.204146-04:00,read,key1,4.303,42,true
2026-04-03T16:33:35.20431-04:00,read,key5,4.806,46,false
2026-04-03T16:33:35.200814-04:00,read,key7,8.411,51,false
2026-04-03T16:33:35.204176-04:00,read,key9,5.085,47,false
2026-04-03T16:33:35.207015-04:00,read,key9,3.241,47,false
2026-04-03T16:33:35.209277-04:00,read,key8,3.371,27,false
2026-04-03T16:33:35.204306-04:00,read,key2,8.677,62,false
2026-04-03T16:33:35.208531-04:00,read,key9,4.499,47,false
2026-04-03T16:33:35.20924-04:00,read,key6,3.832,46,false
2026-04-03T16:33:35.21269-04:00,read,key6,1.043,46,false
2026-04-03T16:33:35.213046-04:00,read,key4,1.134,47,false
2026-04-03T16:33:35.212997-04:00,read,key7,1.184,51,false
2026-04-03T16:33:35.213097-04:00,read,key3,1.084,49,false
2026-04-03T16:33:35.214203-04:00,read,key7,0.606,51,false
2026-04-03T16:33:35.214203-04:00,read,key7,0.612,51,false
2026-04-03T16:33:35.213752-04:00,read,key4,1.057,47,false
2026-04-03T16:33:35.214208-04:00,read,key6,0.796,46,false
2026-04-03T16:33:35.215012-04:00,read,key6,0.400,46,false
2026-04-03T16:33:35.214825-04:00,read,key7,0.589,51,false
2026-04-03T16:33:35.214828-04:00,read,key1,0.716,42,true
2026-04-03T16:33:35.214822-04:00,read,key5,0.736,46,false
2026-04-03T16:33:35.215423-04:00,read,key2,0.408,62,false
2026-04-03T16:33:35.21542-04:00,read,key2,0.416,62,false
2026-04-03T16:33:35.215552-04:00,read,key8,0.530,27,false
2026-04-03T16:33:35.215565-04:00,read,key0,0.520,52,false
2026-04-03T16:33:35.216089-04:00,read,key8,0.302,27,false
2026-04-03T16:33:35.215844-04:00,read,key5,0.585,46,false
2026-04-03T16:33:35.215838-04:00,read,key8,0.593,27,false
2026-04-03T16:33:35.216435-04:00,read,key4,0.400,47,false
2026-04-03T16:33:35.216401-04:00,read,key2,0.439,62,false
2026-04-03T16:33:35.216092-04:00,read,key6,0.760,46,false
2026-04-03T16:33:35.216871-04:00,read,key0,0.540,52,false
2026-04-03T16:33:35.216849-04:00,read,key6,0.722,46,false
2026-04-03T16:33:35.216438-04:00,read,key7,1.566,51,false
2026-04-03T16:33:35.21758-04:00,read,key9,0.500,47,false
2026-04-03T16:33:35.21803-04:00,read,key9,0.545,47,false
2026-04-03T16:33:35.217424-04:00,read,key5,1.188,46,false
2026-04-03T16:33:35.218088-04:00,read,key7,0.559,51,false
2026-04-03T16:33:35.218586-04:00,read,key6,0.406,46,false
2026-04-03T16:33:35.218623-04:00,read,key8,0.370,27,false
2026-04-03T16:33:35.218656-04:00,read,key3,0.419,49,false
2026-04-03T16:33:35.219001-04:00,read,key4,0.504,47,false
2026-04-03T16:33:35.219-04:00,read,key8,0.525,27,false
2026-04-03T16:33:35.219533-04:00,read,key8,0.384,27,false
2026-04-03T16:33:35.219514-04:00,read,key1,0.492,42,true
2026-04-03T16:33:35.219083-04:00,read,key6,1.165,46,false
2026-04-03T16:33:35.219924-04:00,read,key7,0.527,51,false
2026-04-03T16:33:35.220013-04:00,read,key9,0.688,47,false
2026-04-03T16:33:35.220255-04:00,read,key4,0.452,47,false
2026-04-03T16:33:35.220459-04:00,read,key8,0.282,27,false
2026-04-03T16:33:35.220709-04:00,read,key7,0.331,51,false
2026-04-03T16:33:35.220714-04:00,read,key3,0.353,49,false
2026-04-03T16:33:35.220747-04:00,read,key8,0.323,27,false
2026-04-03T16:33:35.221047-04:00,read,key0,0.477,52,false
2026-04-03T16:33:35.221077-04:00,read,key4,0.459,47,false
2026-04-03T16:33:35.221077-04:00,read,key2,0.450,62,false
2026-04-03T16:33:35.221555-04:00,read,key6,0.357,46,false
2026-04-03T16:33:35.221532-04:00,read,key3,0.400,49,false
2026-04-03T16:33:35.221544-04:00,read,key4,0.395,47,false
2026-04-03T16:33:35.221939-04:00,read,key8,0.361,27,false
2026-04-03T16:33:35.221919-04:00,read,key3,0.386,49,false
2026-04-03T16:33:35.222314-04:00,read,key1,0.355,42,true
2026-04-03T16:33:35.222307-04:00,read,key3,0.398,49,false
2026-04-03T16:33:35.221945-04:00,read,key1,0.880,43,false
2026-04-03T16:33:35.22268-04:00,read,key1,0.347,42,true
2026-04-03T16:33:35.222714-04:00,read,key6,0.378,46,false
2026-04-03T16:33:35.222833-04:00,read,key4,0.335,47,false
2026-04-03T16:33:35.223098-04:00,read,key9,0.396,47,false
2026-04-03T16:33:35.223175-04:00,read,key3,0.328,49,false
2026-04-03T16:33:35.223034-04:00,read,key7,0.469,51,false
2026-04-03T16:33:35.22352-04:00,read,key1,0.370,42,true
2026-04-03T16:33:35.223504-04:00,read,key3,0.387,49,false
2026-04-03T16:33:35.22351-04:00,read,key0,0.386,52,false
2026-04-03T16:33:35.223904-04:00,read,key2,0.374,62,false
2026-04-03T16:33:35.223896-04:00,read,key0,0.387,52,false
2026-04-03T16:33:35.223897-04:00,read,key5,0.455,46,false
2026-04-03T16:33:35.224359-04:00,read,key0,0.285,52,false
2026-04-03T16:33:35.224652-04:00,read,key1,0.290,42,true
2026-04-03T16:33:35.22495-04:00,read,key3,0.414,49,false
2026-04-03T16:33:35.225372-04:00,read,key7,0.351,51,false
2026-04-03T16:33:35.22573-04:00,read,key5,0.289,46,false
2026-04-03T16:33:35.226026-04:00,read,key9,0.284,47,false
2026-04-03T16:33:35.226317-04:00,read,key6,0.244,46,false
2026-04-03T16:33:35.226566-04:00,read,key1,0.244,43,false
2026-04-03T16:33:35.226817-04:00,read,key0,0.257,52,false
2026-04-03T16:33:35.22708-04:00,read,key2,0.297,62,false
2026-04-03T16:33:35.227383-04:00,read,key5,0.249,46,false
2026-04-03T16:33:35.227638-04:00,read,key4,0.242,47,false
2026-04-03T16:33:35.199149-04:00,write,key0,1226.493,53,false
2026-04-03T16:33:35.202877-04:00,write,key5,1222.768,47,false
2026-04-03T16:33:35.194737-04:00,write,key4,1230.922,48,false
2026-04-03T16:33:36.425722-04:00,read,key1,2.236,45,false
2026-04-03T16:33:36.425722-04:00,read,key4,2.296,50,false
2026-04-03T16:33:36.42577-04:00,read,key9,2.275,47,false
2026-04-03T16:33:35.210276-04:00,write,key4,1218.759,49,false
2026-04-03T16:33:35.20425-04:00,write,key1,1225.086,44,false
2026-04-03T16:33:36.428049-04:00,read,key8,2.221,27,false
2026-04-03T16:33:35.20914-04:00,write,key7,1221.079,52,false
2026-04-03T16:33:36.428014-04:00,read,key3,2.297,49,false
2026-04-03T16:33:36.428073-04:00,read,key8,3.179,27,false
2026-04-03T16:33:36.429354-04:00,read,key5,2.654,47,false
2026-04-03T16:33:35.216859-04:00,write,key1,1216.209,45,false
2026-04-03T16:33:36.430297-04:00,read,key8,3.641,27,false
2026-04-03T16:33:36.432028-04:00,read,key2,1.963,62,false
2026-04-03T16:33:36.43127-04:00,read,key8,2.775,27,false
2026-04-03T16:33:36.430305-04:00,read,key5,3.643,47,false
2026-04-03T16:33:36.433956-04:00,read,key7,2.597,53,false
2026-04-03T16:33:36.430362-04:00,read,key2,6.242,62,false
2026-04-03T16:33:36.434088-04:00,read,key9,3.196,47,false
2026-04-03T16:33:36.434008-04:00,read,key8,3.283,27,false
2026-04-03T16:33:36.436681-04:00,read,key6,1.841,46,false
2026-04-03T16:33:35.22429-04:00,write,key4,1214.506,50,false
2026-04-03T16:33:35.224293-04:00,write,key7,1214.615,53,false
2026-04-03T16:33:35.22789-04:00,write,key4,1211.673,51,false
2026-04-03T16:33:36.434095-04:00,read,key7,6.744,53,false
2026-04-03T16:33:36.438811-04:00,read,key3,3.337,49,false
2026-04-03T16:33:36.437302-04:00,read,key4,5.360,51,false
2026-04-03T16:33:36.439615-04:00,read,key2,3.110,62,false
2026-04-03T16:33:36.43897-04:00,read,key7,4.810,53,false
2026-04-03T16:33:36.438546-04:00,read,key0,5.263,53,false
2026-04-03T16:33:36.442678-04:00,read,key5,1.731,47,false
2026-04-03T16:33:36.443835-04:00,read,key4,1.046,51,false
2026-04-03T16:33:36.440864-04:00,read,key8,4.017,27,false
2026-04-03T16:33:36.44274-04:00,read,key9,2.141,47,false
2026-04-03T16:33:36.444422-04:00,read,key7,0.613,53,false
2026-04-03T16:33:36.442214-04:00,read,key3,2.825,49,false
2026-04-03T16:33:36.445042-04:00,read,key5,0.417,47,false
2026-04-03T16:33:36.444903-04:00,read,key2,0.557,62,false
2026-04-03T16:33:36.445055-04:00,read,key0,0.644,53,false
2026-04-03T16:33:36.444896-04:00,read,key8,0.831,27,false
2026-04-03T16:33:36.444923-04:00,read,key6,0.812,46,false
2026-04-03T16:33:36.445743-04:00,read,key2,0.596,62,false
2026-04-03T16:33:36.445484-04:00,read,key2,0.863,62,false
2026-04-03T16:33:36.445708-04:00,read,key9,0.844,47,false
2026-04-03T16:33:36.446358-04:00,read,key0,0.500,53,false
2026-04-03T16:33:36.445735-04:00,read,key6,1.137,46,false
2026-04-03T16:33:36.446355-04:00,read,key9,0.714,47,false
2026-04-03T16:33:36.44656-04:00,read,key2,0.862,62,false
2026-04-03T16:33:36.446869-04:00,read,key0,0.587,53,false
2026-04-03T16:33:36.447077-04:00,read,key8,0.393,27,false
2026-04-03T16:33:36.446882-04:00,read,key5,0.807,47,false
2026-04-03T16:33:36.447484-04:00,read,key8,0.505,27,false
2026-04-03T16:33:36.447434-04:00,read,key1,0.749,45,false
2026-04-03T16:33:36.448-04:00,read,key7,0.562,53,false
2026-04-03T16:33:36.448191-04:00,read,key2,0.476,62,false
2026-04-03T16:33:36.4477-04:00,read,key2,1.167,62,false
2026-04-03T16:33:36.44857-04:00,read,key7,0.672,53,false
2026-04-03T16:33:36.448675-04:00,read,key1,0.872,45,false
2026-04-03T16:33:36.448877-04:00,read,key9,0.682,47,false
2026-04-03T16:33:36.449266-04:00,read,key8,0.550,27,false
2026-04-03T16:33:36.449568-04:00,read,key4,0.406,50,true
2026-04-03T16:33:36.449555-04:00,read,key0,0.451,53,false
2026-04-03T16:33:36.450012-04:00,read,key5,0.363,47,false
2026-04-03T16:33:36.449981-04:00,read,key6,0.413,46,false
2026-04-03T16:33:36.449827-04:00,read,key9,0.607,47,false
2026-04-03T16:33:36.450383-04:00,read,key5,0.436,47,false
2026-04-03T16:33:36.450441-04:00,read,key4,0.408,50,true
2026-04-03T16:33:36.450404-04:00,read,key9,0.433,47,false
2026-04-03T16:33:36.45086-04:00,read,key2,0.298,62,false
2026-04-03T16:33:36.450855-04:00,read,key8,0.355,27,false
2026-04-03T16:33:36.450826-04:00,read,key1,0.386,45,false
2026-04-03T16:33:36.451189-04:00,read,key2,0.277,62,false
2026-04-03T16:33:36.451218-04:00,read,key9,0.407,47,false
2026-04-03T16:33:36.451221-04:00,read,key4,0.441,51,false
2026-04-03T16:33:36.451473-04:00,read,key9,0.370,47,false
2026-04-03T16:33:36.451656-04:00,read,key7,0.352,53,false
2026-04-03T16:33:36.451668-04:00,read,key6,0.346,46,false
2026-04-03T16:33:36.45185-04:00,read,key8,0.362,27,false
2026-04-03T16:33:36.452022-04:00,read,key9,0.452,47,false
2026-04-03T16:33:36.452219-04:00,read,key6,0.264,46,false
2026-04-03T16:33:36.452015-04:00,read,key4,0.506,50,true
2026-04-03T16:33:36.452491-04:00,read,key8,0.309,27,false
2026-04-03T16:33:36.452481-04:00,read,key2,0.319,62,false
2026-04-03T16:33:36.452529-04:00,read,key2,0.304,62,false
2026-04-03T16:33:36.452808-04:00,read,key9,0.439,47,false
2026-04-03T16:33:36.452843-04:00,read,key3,0.410,49,false
2026-04-03T16:33:36.452809-04:00,read,key1,0.446,45,false
2026-04-03T16:33:36.453262-04:00,read,key7,0.383,53,false
2026-04-03T16:33:36.453257-04:00,read,key6,0.434,46,false
2026-04-03T16:33:36.45326-04:00,read,key7,0.440,53,false
2026-04-03T16:33:36.453655-04:00,read,key2,0.345,62,false
2026-04-03T16:33:36.453699-04:00,read,key5,0.323,47,false
2026-04-03T16:33:36.45401-04:00,read,key0,0.408,53,false
2026-04-03T16:33:36.45403-04:00,read,key8,0.501,27,false
2026-04-03T16:33:36.454537-04:00,read,key4,0.287,50,true
2026-04-03T16:33:36.454839-04:00,read,key7,0.277,53,false
2026-04-03T16:33:36.455124-04:00,read,key7,0.365,53,false
2026-04-03T16:33:36.455499-04:00,read,key3,0.291,49,false
2026-04-03T16:33:36.455797-04:00,read,key5,0.257,47,false
2026-04-03T16:33:36.456063-04:00,read,key7,0.340,53,false
2026-04-03T16:33:36.456413-04:00,read,key2,0.277,62,false
2026-04-03T16:33:36.456698-04:00,read,key9,0.275,47,false
2026-04-03T16:33:36.45698-04:00,read,key4,0.310,51,false
2026-04-03T16:33:36.4573-04:00,read,key1,0.305,45,false
2026-04-03T16:33:36.457615-04:00,read,key1,0.282,45,false
2026-04-03T16:33:36.457905-04:00,read,key8,0.300,27,false
2026-04-03T16:33:36.458213-04:00,read,key3,0.220,49,false
2026-04-03T16:33:36.45844-04:00,read,key8,0.228,27,false
2026-04-03T16:33:36.458676-04:00,read,key5,0.236,47,false
2026-04-03T16:33:36.458919-04:00,read,key1,0.338,45,false
2026-04-03T16:33:36.459266-04:00,read,key9,0.251,47,false
2026-04-03T16:33:36.459524-04:00,read,key9,0.240,47,false
2026-04-03T16:33:36.459773-04:00,read,key4,0.241,50,true
2026-04-03T16:33:36.46002-04:00,read,key3,0.276,49,false
2026-04-03T16:33:36.460304-04:00,read,key5,0.211,47,false
2026-04-03T16:33:36.460522-04:00,read,key2,0.201,62,false
2026-04-03T16:33:36.460731-04:00,read,key0,0.233,53,false
2026-04-03T16:33:36.445479-04:00,write,key0,1234.014,55,false
2026-04-03T16:33:36.436586-04:00,write,key0,1242.985,54,false
2026-04-03T16:33:36.433166-04:00,write,key9,1246.410,48,false
2026-04-03T16:33:36.43731-04:00,write,key8,1242.265,28,false
2026-04-03T16:33:36.429105-04:00,write,key7,1250.971,54,false
2026-04-03T16:33:36.460977-04:00,write,key4,1219.127,53,false
2026-04-03T16:33:36.447481-04:00,write,key4,1232.626,52,false
2026-04-03T16:33:36.443802-04:00,write,key2,1236.635,63,false
2026-04-03T16:33:36.453715-04:00,write,key3,1226.728,50,false
2026-04-03T16:33:36.45443-04:00,write,key8,1226.014,29,false
