timestamp,type,key,latency_ms,version,stale
2026-04-03T16:41:01.56001-04:00,read,key6,4.286,51,false
2026-04-03T16:41:01.559938-04:00,read,key7,4.341,46,false
2026-04-03T16:41:01.559888-04:00,read,key3,4.465,47,false
2026-04-03T16:41:01.559888-04:00,read,key4,5.989,52,false
2026-04-03T16:41:01.559887-04:00,read,key5,5.990,49,false
2026-04-03T16:41:01.559894-04:00,read,key7,6.030,46,false
2026-04-03T16:41:01.559995-04:00,read,key5,5.941,49,false
2026-04-03T16:41:01.559914-04:00,read,key6,6.045,49,false
2026-04-03T16:41:01.564318-04:00,read,key2,1.677,37,false
2026-04-03T16:41:01.559925-04:00,read,key3,6.091,46,false
2026-04-03T16:41:01.559974-04:00,read,key0,6.127,47,false
2026-04-03T16:41:01.564311-04:00,read,key7,3.169,46,false
2026-04-03T16:41:01.565964-04:00,read,key2,1.609,37,false
2026-04-03T16:41:01.566105-04:00,read,key1,1.507,38,false
2026-04-03T16:41:01.566-04:00,read,key2,1.659,37,false
2026-04-03T16:41:01.565942-04:00,read,key7,1.774,46,false
2026-04-03T16:41:01.565884-04:00,read,key0,1.913,47,false
2026-04-03T16:41:01.56602-04:00,read,key4,1.792,53,false
2026-04-03T16:41:01.564359-04:00,read,key6,3.470,51,false
2026-04-03T16:41:01.567801-04:00,read,key5,1.415,49,false
2026-04-03T16:41:01.567663-04:00,read,key1,1.608,37,false
2026-04-03T16:41:01.567616-04:00,read,key9,1.682,50,false
2026-04-03T16:41:01.56772-04:00,read,key2,1.805,37,false
2026-04-03T16:41:01.565928-04:00,read,key7,3.830,46,false
2026-04-03T16:41:01.569233-04:00,read,key0,1.645,47,false
2026-04-03T16:41:01.569302-04:00,read,key1,1.632,37,false
2026-04-03T16:41:01.569277-04:00,read,key1,1.684,38,false
2026-04-03T16:41:01.569528-04:00,read,key5,1.440,47,false
2026-04-03T16:41:01.567817-04:00,read,key2,3.222,37,false
2026-04-03T16:41:01.567584-04:00,read,key0,3.541,47,false
2026-04-03T16:41:01.567489-04:00,read,key2,3.642,37,false
2026-04-03T16:41:01.567832-04:00,read,key5,3.317,47,false
2026-04-03T16:41:01.569762-04:00,read,key0,1.676,47,false
2026-04-03T16:41:01.571133-04:00,read,key7,1.299,46,false
2026-04-03T16:41:01.571442-04:00,read,key1,1.065,38,false
2026-04-03T16:41:01.570946-04:00,read,key3,1.567,47,false
2026-04-03T16:41:01.570976-04:00,read,key0,1.553,47,false
2026-04-03T16:41:01.571139-04:00,read,key1,2.609,38,false
2026-04-03T16:41:01.572447-04:00,read,key0,1.313,47,false
2026-04-03T16:41:01.571049-04:00,read,key7,2.733,46,false
2026-04-03T16:41:01.572511-04:00,read,key3,1.285,47,false
2026-04-03T16:41:01.572532-04:00,read,key5,1.256,49,false
2026-04-03T16:41:01.571158-04:00,read,key2,2.664,37,false
2026-04-03T16:41:01.570965-04:00,read,key8,2.860,50,false
2026-04-03T16:41:01.572519-04:00,read,key3,1.309,47,false
2026-04-03T16:41:01.573798-04:00,read,key1,0.766,38,false
2026-04-03T16:41:01.573793-04:00,read,key9,0.776,51,false
2026-04-03T16:41:01.573829-04:00,read,key3,0.763,47,false
2026-04-03T16:41:01.573825-04:00,read,key0,0.803,47,false
2026-04-03T16:41:01.573762-04:00,read,key2,0.877,37,false
2026-04-03T16:41:01.574645-04:00,read,key6,0.781,51,false
2026-04-03T16:41:01.574574-04:00,read,key8,0.914,50,false
2026-04-03T16:41:01.574632-04:00,read,key6,0.866,51,false
2026-04-03T16:41:01.574574-04:00,read,key0,0.954,47,false
2026-04-03T16:41:01.574596-04:00,read,key1,0.992,37,false
2026-04-03T16:41:01.575439-04:00,read,key7,0.875,46,false
2026-04-03T16:41:01.573794-04:00,read,key1,2.526,38,false
2026-04-03T16:41:01.575502-04:00,read,key9,0.830,51,false
2026-04-03T16:41:01.575491-04:00,read,key6,0.858,51,false
2026-04-03T16:41:01.575591-04:00,read,key5,0.773,49,false
2026-04-03T16:41:01.576356-04:00,read,key9,1.263,50,false
2026-04-03T16:41:01.576336-04:00,read,key0,1.346,47,false
2026-04-03T16:41:01.576323-04:00,read,key7,1.364,46,false
2026-04-03T16:41:01.576366-04:00,read,key9,1.357,52,false
2026-04-03T16:41:01.577691-04:00,read,key0,0.773,47,false
2026-04-03T16:41:01.577726-04:00,read,key7,0.773,46,false
2026-04-03T16:41:01.575533-04:00,read,key5,2.973,49,false
2026-04-03T16:41:01.577634-04:00,read,key3,1.032,47,false
2026-04-03T16:41:01.578674-04:00,read,key1,0.493,38,false
2026-04-03T16:41:01.578513-04:00,read,key9,0.668,52,false
2026-04-03T16:41:01.578467-04:00,read,key8,0.717,49,false
2026-04-03T16:41:01.578503-04:00,read,key7,0.685,46,false
2026-04-03T16:41:01.579224-04:00,read,key7,0.306,46,false
2026-04-03T16:41:01.57919-04:00,read,key0,0.359,47,false
2026-04-03T16:41:01.579534-04:00,read,key8,0.254,50,false
2026-04-03T16:41:01.579553-04:00,read,key4,0.244,53,false
2026-04-03T16:41:01.5798-04:00,read,key8,0.319,50,false
2026-04-03T16:41:01.580125-04:00,read,key8,0.335,49,false
2026-04-03T16:41:01.5738-04:00,write,key3,610.553,48,false
2026-04-03T16:41:01.573838-04:00,write,key6,610.562,52,false
2026-04-03T16:41:01.5659-04:00,write,key5,618.755,50,false
2026-04-03T16:41:01.570927-04:00,write,key8,613.798,51,false
2026-04-03T16:41:02.184691-04:00,read,key9,3.502,51,false
2026-04-03T16:41:01.579179-04:00,write,key7,609.063,47,false
2026-04-03T16:41:01.579196-04:00,write,key0,609.466,48,false
2026-04-03T16:41:02.184432-04:00,read,key3,4.246,47,true
2026-04-03T16:41:01.57769-04:00,write,key2,610.995,38,false
2026-04-03T16:41:01.580468-04:00,write,key6,608.195,53,false
2026-04-03T16:41:01.579792-04:00,write,key5,608.870,51,false
2026-04-03T16:41:02.18445-04:00,read,key2,5.173,38,false
2026-04-03T16:41:01.576325-04:00,write,key8,613.569,52,false
2026-04-03T16:41:02.18873-04:00,read,key1,4.063,38,false
2026-04-03T16:41:02.184746-04:00,read,key8,8.458,50,true
2026-04-03T16:41:02.189948-04:00,read,key2,3.298,37,true
2026-04-03T16:41:02.188767-04:00,read,key5,4.521,51,false
2026-04-03T16:41:02.188693-04:00,read,key0,4.627,48,false
2026-04-03T16:41:02.188276-04:00,read,key6,5.196,53,false
2026-04-03T16:41:02.188678-04:00,read,key2,4.824,37,true
2026-04-03T16:41:02.19331-04:00,read,key9,3.476,51,false
2026-04-03T16:41:02.193223-04:00,read,key6,3.611,51,true
2026-04-03T16:41:02.189651-04:00,read,key2,7.141,38,false
2026-04-03T16:41:02.192818-04:00,read,key0,4.055,48,false
2026-04-03T16:41:02.19349-04:00,read,key7,3.472,46,true
2026-04-03T16:41:02.193344-04:00,read,key6,3.625,53,false
2026-04-03T16:41:02.188774-04:00,read,key5,8.394,51,false
2026-04-03T16:41:02.19326-04:00,read,key3,4.339,47,true
2026-04-03T16:41:02.196808-04:00,read,key8,3.397,52,false
2026-04-03T16:41:02.196913-04:00,read,key5,3.334,49,true
2026-04-03T16:41:02.196979-04:00,read,key1,3.284,38,false
2026-04-03T16:41:02.196882-04:00,read,key0,3.419,48,false
2026-04-03T16:41:02.196877-04:00,read,key4,3.481,53,false
2026-04-03T16:41:02.196976-04:00,read,key0,3.391,47,true
2026-04-03T16:41:02.197183-04:00,read,key0,3.413,48,false
2026-04-03T16:41:02.193516-04:00,read,key2,7.272,37,true
2026-04-03T16:41:02.197613-04:00,read,key4,3.208,53,false
2026-04-03T16:41:02.200261-04:00,read,key4,1.398,53,false
2026-04-03T16:41:02.20031-04:00,read,key4,1.370,53,false
2026-04-03T16:41:02.200381-04:00,read,key6,1.301,53,false
2026-04-03T16:41:02.200604-04:00,read,key0,1.116,48,false
2026-04-03T16:41:02.200304-04:00,read,key2,1.444,38,false
2026-04-03T16:41:02.200251-04:00,read,key9,1.503,51,false
2026-04-03T16:41:02.200366-04:00,read,key0,1.826,47,true
2026-04-03T16:41:02.20169-04:00,read,key8,1.195,50,true
2026-04-03T16:41:02.201756-04:00,read,key4,1.147,53,false
2026-04-03T16:41:02.201698-04:00,read,key4,1.454,53,false
2026-04-03T16:41:02.200797-04:00,read,key2,2.663,38,false
2026-04-03T16:41:02.201729-04:00,read,key6,1.879,53,false
2026-04-03T16:41:02.20083-04:00,read,key0,2.792,48,false
2026-04-03T16:41:02.202213-04:00,read,key9,1.416,51,false
2026-04-03T16:41:02.201697-04:00,read,key1,2.354,38,false
2026-04-03T16:41:02.2029-04:00,read,key6,1.152,53,false
2026-04-03T16:41:02.202912-04:00,read,key1,1.663,38,false
2026-04-03T16:41:02.203621-04:00,read,key9,1.020,52,false
2026-04-03T16:41:02.201763-04:00,read,key9,2.913,52,false
2026-04-03T16:41:02.204088-04:00,read,key3,0.912,48,false
2026-04-03T16:41:02.203638-04:00,read,key2,1.362,38,false
2026-04-03T16:41:02.203167-04:00,read,key3,2.422,48,false
2026-04-03T16:41:02.204687-04:00,read,key4,0.973,53,false
2026-04-03T16:41:02.204098-04:00,read,key0,1.572,47,true
2026-04-03T16:41:02.205014-04:00,read,key7,0.862,47,false
2026-04-03T16:41:02.20465-04:00,read,key9,1.254,52,false
2026-04-03T16:41:02.20461-04:00,read,key3,1.316,47,true
2026-04-03T16:41:02.205677-04:00,read,key6,0.727,53,false
2026-04-03T16:41:02.205667-04:00,read,key8,0.855,52,false
2026-04-03T16:41:02.205911-04:00,read,key0,0.625,48,false
2026-04-03T16:41:02.205013-04:00,read,key5,1.864,51,false
2026-04-03T16:41:02.206415-04:00,read,key1,0.585,38,false
2026-04-03T16:41:02.20653-04:00,read,key3,0.733,48,false
2026-04-03T16:41:02.206543-04:00,read,key9,0.719,52,false
2026-04-03T16:41:02.205933-04:00,read,key4,1.751,53,false
2026-04-03T16:41:02.206888-04:00,read,key8,0.824,50,true
2026-04-03T16:41:02.207021-04:00,read,key0,0.693,48,false
2026-04-03T16:41:02.207273-04:00,read,key3,0.479,47,true
2026-04-03T16:41:02.207722-04:00,read,key8,0.631,52,false
2026-04-03T16:41:02.207764-04:00,read,key2,0.648,37,true
2026-04-03T16:41:02.207279-04:00,read,key5,1.398,49,true
2026-04-03T16:41:02.20773-04:00,read,key8,1.016,50,true
2026-04-03T16:41:02.208374-04:00,read,key6,0.389,53,false
2026-04-03T16:41:02.20842-04:00,read,key7,0.349,46,true
2026-04-03T16:41:02.208778-04:00,read,key3,0.366,48,false
2026-04-03T16:41:02.208754-04:00,read,key4,0.490,53,false
2026-04-03T16:41:02.208687-04:00,read,key9,0.576,52,false
2026-04-03T16:41:02.208771-04:00,read,key3,0.549,48,false
2026-04-03T16:41:02.209154-04:00,read,key5,0.508,49,true
2026-04-03T16:41:02.209326-04:00,read,key7,0.344,47,false
2026-04-03T16:41:02.209251-04:00,read,key9,0.420,52,false
2026-04-03T16:41:02.209269-04:00,read,key6,0.443,51,true
2026-04-03T16:41:02.20967-04:00,read,key0,0.353,48,false
2026-04-03T16:41:02.209718-04:00,read,key2,0.337,37,true
2026-04-03T16:41:02.209677-04:00,read,key5,0.377,49,true
2026-04-03T16:41:02.209677-04:00,read,key2,0.377,37,true
2026-04-03T16:41:02.210061-04:00,read,key6,0.382,53,false
2026-04-03T16:41:02.21003-04:00,read,key5,0.399,51,false
2026-04-03T16:41:02.210063-04:00,read,key4,0.408,53,false
2026-04-03T16:41:02.210064-04:00,read,key5,0.608,49,true
2026-04-03T16:41:02.210455-04:00,read,key2,0.316,38,false
2026-04-03T16:41:02.210482-04:00,read,key1,0.514,38,false
2026-04-03T16:41:02.210452-04:00,read,key4,0.579,53,false
2026-04-03T16:41:02.211004-04:00,read,key8,0.312,52,false
2026-04-03T16:41:02.210796-04:00,read,key9,0.706,52,false
2026-04-03T16:41:02.211039-04:00,read,key4,0.512,53,false
2026-04-03T16:41:02.211323-04:00,read,key8,0.607,52,false
2026-04-03T16:41:02.211509-04:00,read,key6,0.433,51,true
2026-04-03T16:41:02.21195-04:00,read,key4,0.399,53,false
2026-04-03T16:41:02.21195-04:00,read,key6,0.597,51,true
2026-04-03T16:41:02.21236-04:00,read,key5,0.370,51,false
2026-04-03T16:41:02.212555-04:00,read,key7,0.326,47,false
2026-04-03T16:41:02.212737-04:00,read,key3,0.306,47,true
2026-04-03T16:41:02.212888-04:00,read,key2,0.324,37,true
2026-04-03T16:41:02.213049-04:00,read,key7,0.331,47,false
2026-04-03T16:41:02.213219-04:00,read,key7,0.320,47,false
2026-04-03T16:41:02.213387-04:00,read,key8,0.280,52,false
2026-04-03T16:41:02.213546-04:00,read,key6,0.294,51,true
2026-04-03T16:41:02.213673-04:00,read,key3,0.284,47,true
2026-04-03T16:41:02.213846-04:00,read,key6,0.296,51,true
2026-04-03T16:41:02.21415-04:00,read,key8,0.261,50,true
2026-04-03T16:41:02.188249-04:00,write,key7,613.838,48,false
2026-04-03T16:41:02.802173-04:00,read,key1,1.407,39,false
2026-04-03T16:41:02.803613-04:00,read,key3,0.802,48,false
2026-04-03T16:41:02.804496-04:00,read,key5,0.505,50,true
2026-04-03T16:41:02.805021-04:00,read,key5,0.566,50,true
2026-04-03T16:41:02.805606-04:00,read,key9,1.255,51,false
2026-04-03T16:41:02.806872-04:00,read,key4,0.787,53,false
2026-04-03T16:41:02.203487-04:00,write,key0,607.192,49,false
2026-04-03T16:41:02.810696-04:00,read,key2,0.891,38,false
2026-04-03T16:41:02.811594-04:00,read,key2,0.717,40,false
2026-04-03T16:41:02.812321-04:00,read,key4,0.656,53,false
2026-04-03T16:41:02.2077-04:00,write,key2,606.114,39,false
2026-04-03T16:41:02.81299-04:00,read,key9,0.844,53,false
2026-04-03T16:41:02.203636-04:00,write,key1,610.182,39,false
2026-04-03T16:41:02.205889-04:00,write,key9,607.968,53,false
2026-04-03T16:41:02.205619-04:00,write,key5,608.233,52,false
2026-04-03T16:41:02.813852-04:00,read,key3,1.717,48,false
2026-04-03T16:41:02.813821-04:00,read,key8,1.767,52,false
2026-04-03T16:41:02.813843-04:00,read,key1,1.851,38,true
2026-04-03T16:41:02.815579-04:00,read,key4,1.296,53,false
2026-04-03T16:41:02.815601-04:00,read,key4,1.311,53,false
2026-04-03T16:41:02.813881-04:00,read,key1,3.549,38,true
2026-04-03T16:41:02.813893-04:00,read,key9,3.943,51,true
2026-04-03T16:41:02.816918-04:00,read,key8,1.227,52,false
2026-04-03T16:41:02.816891-04:00,read,key0,1.272,48,true
2026-04-03T16:41:02.817449-04:00,read,key1,0.999,38,true
2026-04-03T16:41:02.211565-04:00,write,key5,607.905,53,false
2026-04-03T16:41:02.210698-04:00,write,key7,608.922,49,false
2026-04-03T16:41:02.817851-04:00,read,key5,1.825,53,false
2026-04-03T16:41:02.818152-04:00,read,key8,2.561,52,false
2026-04-03T16:41:02.818463-04:00,read,key5,2.267,53,false
2026-04-03T16:41:02.818169-04:00,read,key2,2.573,40,false
2026-04-03T16:41:02.819477-04:00,read,key1,1.588,39,false
2026-04-03T16:41:02.819681-04:00,read,key9,1.402,51,true
2026-04-03T16:41:02.21397-04:00,write,key2,607.460,40,false
2026-04-03T16:41:02.21442-04:00,write,key0,607.261,50,false
2026-04-03T16:41:02.820746-04:00,read,key1,1.393,39,false
2026-04-03T16:41:02.821095-04:00,read,key7,1.237,47,true
2026-04-03T16:41:02.821074-04:00,read,key0,1.656,48,true
2026-04-03T16:41:02.820725-04:00,read,key9,2.025,53,false
2026-04-03T16:41:02.820752-04:00,read,key2,2.006,40,false
2026-04-03T16:41:02.821703-04:00,read,key6,1.346,53,false
2026-04-03T16:41:02.822148-04:00,read,key3,1.084,48,false
2026-04-03T16:41:02.82234-04:00,read,key2,1.306,40,false
2026-04-03T16:41:02.82274-04:00,read,key1,0.958,39,false
2026-04-03T16:41:02.82277-04:00,read,key9,1.103,53,false
2026-04-03T16:41:02.821438-04:00,read,key3,2.715,48,false
2026-04-03T16:41:02.823657-04:00,read,key6,1.101,53,false
2026-04-03T16:41:02.823243-04:00,read,key2,1.744,40,false
2026-04-03T16:41:02.823705-04:00,read,key3,1.795,48,false
2026-04-03T16:41:02.823904-04:00,read,key8,1.619,52,false
2026-04-03T16:41:02.824767-04:00,read,key5,1.121,53,false
2026-04-03T16:41:02.825523-04:00,read,key9,0.995,51,true
2026-04-03T16:41:02.825905-04:00,read,key0,0.648,50,false
2026-04-03T16:41:02.825554-04:00,read,key7,1.039,47,true
2026-04-03T16:41:02.826526-04:00,read,key4,0.649,53,false
2026-04-03T16:41:02.826601-04:00,read,key9,0.829,51,true
2026-04-03T16:41:02.827182-04:00,read,key0,0.642,48,true
2026-04-03T16:41:02.82658-04:00,read,key5,1.262,53,false
2026-04-03T16:41:02.82744-04:00,read,key0,0.458,50,false
2026-04-03T16:41:02.827906-04:00,read,key8,0.573,52,false
2026-04-03T16:41:02.82785-04:00,read,key6,0.661,53,false
2026-04-03T16:41:02.828519-04:00,read,key9,0.301,53,false
2026-04-03T16:41:02.828826-04:00,read,key1,0.512,38,true
2026-04-03T16:41:02.829346-04:00,read,key0,0.376,48,true
2026-04-03T16:41:02.829729-04:00,read,key1,0.286,38,true
2026-04-03T16:41:02.83002-04:00,read,key4,0.458,53,false
2026-04-03T16:41:02.830485-04:00,read,key6,0.289,53,false
2026-04-03T16:41:02.830779-04:00,read,key0,0.273,50,false
2026-04-03T16:41:02.831059-04:00,read,key3,0.332,48,false
2026-04-03T16:41:02.831396-04:00,read,key1,0.304,38,true
2026-04-03T16:41:02.822769-04:00,write,key1,618.534,42,false
2026-04-03T16:41:02.815706-04:00,write,key7,625.685,50,false
2026-04-03T16:41:02.827836-04:00,write,key9,614.096,55,false
2026-04-03T16:41:02.819636-04:00,write,key1,622.296,41,false
2026-04-03T16:41:02.825009-04:00,write,key0,617.129,51,false
2026-04-03T16:41:02.807687-04:00,write,key1,634.685,40,false
2026-04-03T16:41:02.824167-04:00,write,key9,618.167,54,false
2026-04-03T16:41:02.828497-04:00,write,key4,613.980,54,false
2026-04-03T16:41:02.823088-04:00,write,key2,619.507,41,false
2026-04-03T16:41:02.831709-04:00,write,key4,612.043,55,false
2026-04-03T16:41:03.442012-04:00,read,key9,5.196,53,true
2026-04-03T16:41:03.44249-04:00,read,key0,4.960,50,true
2026-04-03T16:41:03.441978-04:00,read,key2,5.484,40,true
2026-04-03T16:41:03.442411-04:00,read,key7,5.066,49,true
2026-04-03T16:41:03.441381-04:00,read,key3,6.153,48,false
2026-04-03T16:41:03.442154-04:00,read,key4,5.399,55,false
2026-04-03T16:41:03.441419-04:00,read,key8,6.160,52,false
2026-04-03T16:41:03.443807-04:00,read,key5,4.997,53,false
2026-04-03T16:41:03.447235-04:00,read,key1,2.726,39,true
2026-04-03T16:41:03.44759-04:00,read,key2,2.467,40,true
2026-04-03T16:41:03.447574-04:00,read,key4,2.491,55,false
2026-04-03T16:41:03.447479-04:00,read,key3,2.644,48,false
2026-04-03T16:41:03.447494-04:00,read,key9,2.632,53,true
2026-04-03T16:41:03.442648-04:00,read,key4,7.485,53,true
2026-04-03T16:41:03.447547-04:00,read,key5,3.487,53,false
2026-04-03T16:41:03.450078-04:00,read,key1,1.043,41,true
2026-04-03T16:41:03.449987-04:00,read,key0,1.129,50,true
2026-04-03T16:41:03.448832-04:00,read,key3,2.358,48,false
2026-04-03T16:41:03.450137-04:00,read,key9,1.095,55,false
2026-04-03T16:41:03.450132-04:00,read,key4,1.393,55,false
2026-04-03T16:41:03.450068-04:00,read,key2,1.660,40,true
2026-04-03T16:41:03.450157-04:00,read,key6,2.441,53,false
2026-04-03T16:41:03.451144-04:00,read,key2,1.543,40,true
2026-04-03T16:41:03.451207-04:00,read,key4,1.837,53,true
2026-04-03T16:41:03.451536-04:00,read,key4,1.536,53,true
2026-04-03T16:41:03.451736-04:00,read,key7,1.404,50,false
2026-04-03T16:41:03.453164-04:00,read,key2,0.813,40,true
2026-04-03T16:41:03.452891-04:00,read,key5,1.180,53,false
2026-04-03T16:41:03.452618-04:00,read,key3,1.561,48,false
2026-04-03T16:41:03.45311-04:00,read,key4,1.068,53,true
2026-04-03T16:41:03.453171-04:00,read,key5,1.117,53,false
2026-04-03T16:41:03.454194-04:00,read,key1,0.466,39,true
2026-04-03T16:41:03.454196-04:00,read,key5,0.526,53,false
2026-04-03T16:41:03.454088-04:00,read,key0,0.672,50,true
2026-04-03T16:41:03.453998-04:00,read,key2,0.830,40,true
2026-04-03T16:41:03.454768-04:00,read,key1,0.610,39,true
2026-04-03T16:41:03.45473-04:00,read,key2,0.678,40,true
2026-04-03T16:41:03.454361-04:00,read,key0,1.059,50,true
2026-04-03T16:41:03.455389-04:00,read,key0,0.483,50,true
2026-04-03T16:41:03.455428-04:00,read,key6,0.480,53,false
2026-04-03T16:41:03.455417-04:00,read,key6,0.531,53,false
2026-04-03T16:41:03.455966-04:00,read,key1,0.511,39,true
2026-04-03T16:41:03.456488-04:00,read,key1,0.670,39,true
2026-04-03T16:41:03.455882-04:00,read,key5,1.302,53,false
2026-04-03T16:41:03.457169-04:00,read,key6,0.534,53,false
2026-04-03T16:41:03.457713-04:00,read,key9,0.334,55,false
2026-04-03T16:41:03.458058-04:00,read,key0,0.500,50,true
2026-04-03T16:41:03.458571-04:00,read,key7,0.304,50,false
2026-04-03T16:41:03.458884-04:00,read,key7,0.373,49,true
2026-04-03T16:41:03.459266-04:00,read,key7,0.331,49,true
2026-04-03T16:41:03.459607-04:00,read,key2,0.401,40,true
2026-04-03T16:41:03.460021-04:00,read,key4,0.381,53,true
2026-04-03T16:41:03.460413-04:00,read,key9,0.774,55,false
2026-04-03T16:41:03.461213-04:00,read,key8,1.373,52,false
2026-04-03T16:41:03.462607-04:00,read,key3,6.140,48,false
2026-04-03T16:41:03.447478-04:00,write,key5,610.095,54,false
2026-04-03T16:41:03.442435-04:00,write,key3,615.159,49,false
2026-04-03T16:41:04.057608-04:00,read,key3,0.449,54,false
2026-04-03T16:41:04.057607-04:00,read,key8,0.587,52,false
2026-04-03T16:41:04.058071-04:00,read,key9,0.323,54,true
2026-04-03T16:41:04.058203-04:00,read,key8,0.325,51,true
2026-04-03T16:41:04.058536-04:00,read,key0,0.194,51,false
2026-04-03T16:41:04.058405-04:00,read,key3,0.428,48,true
2026-04-03T16:41:04.058843-04:00,read,key8,0.220,52,false
2026-04-03T16:41:04.058737-04:00,read,key0,0.386,51,false
2026-04-03T16:41:03.451149-04:00,write,key3,608.122,50,false
2026-04-03T16:41:04.059075-04:00,read,key4,0.438,55,false
2026-04-03T16:41:04.059134-04:00,read,key5,0.487,53,true
2026-04-03T16:41:03.451082-04:00,write,key9,608.532,56,false
2026-04-03T16:41:04.059292-04:00,read,key2,0.353,41,false
2026-04-03T16:41:03.451248-04:00,write,key3,608.418,51,false
2026-04-03T16:41:04.059524-04:00,read,key1,0.525,41,true
2026-04-03T16:41:04.059635-04:00,read,key5,0.451,56,false
2026-04-03T16:41:04.059653-04:00,read,key7,0.434,50,false
2026-04-03T16:41:04.060093-04:00,read,key2,0.294,41,false
2026-04-03T16:41:04.059675-04:00,read,key2,0.732,41,false
2026-04-03T16:41:04.060069-04:00,read,key7,0.461,50,false
2026-04-03T16:41:04.060395-04:00,read,key1,0.260,41,true
2026-04-03T16:41:04.060537-04:00,read,key3,0.285,54,false
2026-04-03T16:41:04.060662-04:00,read,key7,0.229,50,false
2026-04-03T16:41:04.060417-04:00,read,key3,0.540,54,false
2026-04-03T16:41:04.060828-04:00,read,key2,0.230,41,false
2026-04-03T16:41:04.060898-04:00,read,key2,0.287,41,false
2026-04-03T16:41:04.060963-04:00,read,key9,0.368,56,false
2026-04-03T16:41:04.061191-04:00,read,key4,0.253,55,false
2026-04-03T16:41:04.061337-04:00,read,key2,0.240,41,false
2026-04-03T16:41:04.061452-04:00,read,key5,0.188,53,true
2026-04-03T16:41:04.061583-04:00,read,key3,0.175,48,true
2026-04-03T16:41:04.061647-04:00,read,key0,0.192,51,false
2026-04-03T16:41:04.061764-04:00,read,key5,0.202,56,false
2026-04-03T16:41:04.061987-04:00,read,key2,0.233,41,false
2026-04-03T16:41:04.062227-04:00,read,key2,0.175,41,false
2026-04-03T16:41:04.062409-04:00,read,key8,0.204,52,false
2026-04-03T16:41:04.06262-04:00,read,key1,0.187,41,true
2026-04-03T16:41:04.062815-04:00,read,key9,0.212,55,true
2026-04-03T16:41:04.063033-04:00,read,key3,0.203,48,true
2026-04-03T16:41:04.063243-04:00,read,key1,0.155,42,false
2026-04-03T16:41:04.063403-04:00,read,key5,0.201,53,true
2026-04-03T16:41:04.063611-04:00,read,key7,0.214,50,false
2026-04-03T16:41:04.063833-04:00,read,key0,0.225,51,false
2026-04-03T16:41:03.454859-04:00,write,key3,609.772,52,false
2026-04-03T16:41:03.455917-04:00,write,key5,608.751,55,false
2026-04-03T16:41:03.454679-04:00,write,key3,609.990,53,false
2026-04-03T16:41:03.457207-04:00,write,key3,607.513,54,false
2026-04-03T16:41:04.064639-04:00,read,key5,0.424,56,false
2026-04-03T16:41:04.064681-04:00,read,key0,0.549,51,false
2026-04-03T16:41:04.064726-04:00,read,key2,0.568,41,false
2026-04-03T16:41:04.065071-04:00,read,key3,0.340,48,true
2026-04-03T16:41:04.065237-04:00,read,key1,0.247,41,true
2026-04-03T16:41:04.065301-04:00,read,key3,0.260,54,false
2026-04-03T16:41:04.065418-04:00,read,key0,0.267,51,false
2026-04-03T16:41:04.065491-04:00,read,key9,0.205,55,true
2026-04-03T16:41:04.065568-04:00,read,key8,0.231,51,true
2026-04-03T16:41:04.065692-04:00,read,key1,0.217,41,true
2026-04-03T16:41:04.065703-04:00,read,key1,0.207,41,true
2026-04-03T16:41:04.065806-04:00,read,key6,0.185,53,false
2026-04-03T16:41:04.065916-04:00,read,key8,0.227,51,true
2026-04-03T16:41:04.065916-04:00,read,key1,0.233,42,false
2026-04-03T16:41:04.065997-04:00,read,key9,0.258,56,false
2026-04-03T16:41:04.066153-04:00,read,key3,0.230,48,true
2026-04-03T16:41:04.066156-04:00,read,key3,0.239,54,false
2026-04-03T16:41:04.066261-04:00,read,key1,0.163,41,true
2026-04-03T16:41:04.066431-04:00,read,key9,0.150,54,true
2026-04-03T16:41:04.066402-04:00,read,key6,0.190,53,false
2026-04-03T16:41:04.06639-04:00,read,key2,0.209,41,false
2026-04-03T16:41:04.066591-04:00,read,key9,0.179,54,true
2026-04-03T16:41:04.066598-04:00,read,key7,0.173,50,false
2026-04-03T16:41:04.066778-04:00,read,key9,0.243,56,false
2026-04-03T16:41:04.066776-04:00,read,key0,0.254,51,false
2026-04-03T16:41:04.067036-04:00,read,key3,0.226,48,true
2026-04-03T16:41:04.067269-04:00,read,key1,0.283,42,false
2026-04-03T16:41:04.067559-04:00,read,key9,0.196,54,true
2026-04-03T16:41:04.067764-04:00,read,key4,0.207,55,false
2026-04-03T16:41:04.067979-04:00,read,key7,0.229,50,false
2026-04-03T16:41:04.068215-04:00,read,key8,0.190,51,true
2026-04-03T16:41:03.468773-04:00,write,key5,608.710,56,false
2026-04-03T16:41:04.077494-04:00,read,key7,0.203,50,false
2026-04-03T16:41:04.06107-04:00,write,key4,618.569,56,false
2026-04-03T16:41:04.064675-04:00,write,key4,614.964,57,false
2026-04-03T16:41:04.068415-04:00,write,key5,611.357,57,false
2026-04-03T16:41:04.059639-04:00,write,key3,620.318,55,false
2026-04-03T16:41:04.060114-04:00,write,key0,619.890,52,false
2026-04-03T16:41:04.066608-04:00,write,key6,613.433,54,false
2026-04-03T16:41:04.061847-04:00,write,key1,618.260,43,false
2026-04-03T16:41:04.064073-04:00,write,key2,616.039,42,false
2026-04-03T16:41:04.06703-04:00,write,key4,613.269,58,false
2026-04-03T16:41:04.680068-04:00,read,key1,2.681,42,true
2026-04-03T16:41:04.680139-04:00,read,key9,2.648,56,false
2026-04-03T16:41:04.679828-04:00,read,key7,3.313,50,false
2026-04-03T16:41:04.680047-04:00,read,key9,3.143,56,false
2026-04-03T16:41:04.6797-04:00,read,key4,4.014,58,false
2026-04-03T16:41:04.077707-04:00,write,key0,606.062,53,false
2026-04-03T16:41:04.679719-04:00,read,key4,4.407,54,true
2026-04-03T16:41:04.679986-04:00,read,key4,4.143,58,false
2026-04-03T16:41:04.684138-04:00,read,key2,2.297,41,true
2026-04-03T16:41:04.683203-04:00,read,key8,3.259,51,true
2026-04-03T16:41:04.680128-04:00,read,key8,6.506,52,false
2026-04-03T16:41:04.682801-04:00,read,key5,3.852,57,false
2026-04-03T16:41:04.683744-04:00,read,key3,2.982,53,true
2026-04-03T16:41:04.680332-04:00,read,key2,6.440,41,true
2026-04-03T16:41:04.686741-04:00,read,key7,1.694,50,false
2026-04-03T16:41:04.684141-04:00,read,key6,4.314,53,true
2026-04-03T16:41:04.682779-04:00,read,key0,5.847,53,false
2026-04-03T16:41:04.683814-04:00,read,key0,4.846,51,true
2026-04-03T16:41:04.686666-04:00,read,key1,2.382,42,true
2026-04-03T16:41:04.686646-04:00,read,key0,2.406,51,true
2026-04-03T16:41:04.683155-04:00,read,key6,5.903,54,false
2026-04-03T16:41:04.686463-04:00,read,key4,2.697,58,false
2026-04-03T16:41:04.68906-04:00,read,key9,1.518,56,false
2026-04-03T16:41:04.68865-04:00,read,key1,2.047,43,false
2026-04-03T16:41:04.688473-04:00,read,key5,2.301,56,true
2026-04-03T16:41:04.686785-04:00,read,key3,4.078,49,true
2026-04-03T16:41:04.688478-04:00,read,key8,2.578,52,false
2026-04-03T16:41:04.689174-04:00,read,key1,2.001,42,true
2026-04-03T16:41:04.689062-04:00,read,key4,2.561,58,false
2026-04-03T16:41:04.68907-04:00,read,key7,2.551,50,false
2026-04-03T16:41:04.690811-04:00,read,key4,2.379,55,true
2026-04-03T16:41:04.69119-04:00,read,key2,2.113,42,false
2026-04-03T16:41:04.691635-04:00,read,key0,1.712,53,false
2026-04-03T16:41:04.690595-04:00,read,key8,2.831,52,false
2026-04-03T16:41:04.69165-04:00,read,key8,1.830,52,false
2026-04-03T16:41:04.690874-04:00,read,key2,2.624,42,false
2026-04-03T16:41:04.690747-04:00,read,key1,2.961,42,true
2026-04-03T16:41:04.693315-04:00,read,key3,2.548,55,false
2026-04-03T16:41:04.693363-04:00,read,key3,2.519,55,false
2026-04-03T16:41:04.693456-04:00,read,key7,2.431,50,false
2026-04-03T16:41:04.693205-04:00,read,key2,2.730,42,false
2026-04-03T16:41:04.691067-04:00,read,key6,4.875,54,false
2026-04-03T16:41:04.695879-04:00,read,key2,0.836,42,false
2026-04-03T16:41:04.695907-04:00,read,key7,1.052,50,false
2026-04-03T16:41:04.693736-04:00,read,key0,3.222,53,false
2026-04-03T16:41:04.695942-04:00,read,key7,1.022,50,false
2026-04-03T16:41:04.695891-04:00,read,key5,1.041,57,false
2026-04-03T16:41:04.695954-04:00,read,key1,1.028,42,true
2026-04-03T16:41:04.693492-04:00,read,key6,3.497,54,false
2026-04-03T16:41:04.693509-04:00,read,key4,3.838,58,false
2026-04-03T16:41:04.696727-04:00,read,key6,1.026,54,false
2026-04-03T16:41:04.696975-04:00,read,key6,1.045,53,true
2026-04-03T16:41:04.696989-04:00,read,key5,1.070,57,false
2026-04-03T16:41:04.696974-04:00,read,key5,1.175,57,false
2026-04-03T16:41:04.696997-04:00,read,key0,1.171,53,false
2026-04-03T16:41:04.69699-04:00,read,key1,1.594,42,true
2026-04-03T16:41:04.697764-04:00,read,key1,0.820,43,false
2026-04-03T16:41:04.698029-04:00,read,key0,0.854,53,false
2026-04-03T16:41:04.69807-04:00,read,key1,0.825,43,false
2026-04-03T16:41:04.698166-04:00,read,key1,0.765,42,true
2026-04-03T16:41:04.698594-04:00,read,key0,0.833,53,false
2026-04-03T16:41:04.698894-04:00,read,key6,0.893,54,false
2026-04-03T16:41:04.698594-04:00,read,key4,1.230,54,true
2026-04-03T16:41:04.698941-04:00,read,key7,0.884,50,false
2026-04-03T16:41:04.699436-04:00,read,key6,0.591,54,false
2026-04-03T16:41:04.698181-04:00,read,key9,2.085,56,false
2026-04-03T16:41:04.699797-04:00,read,key4,0.757,55,true
2026-04-03T16:41:04.699831-04:00,read,key1,0.728,42,true
2026-04-03T16:41:04.699844-04:00,read,key4,0.720,58,false
2026-04-03T16:41:04.700039-04:00,read,key7,0.676,50,false
2026-04-03T16:41:04.700581-04:00,read,key2,0.522,42,false
2026-04-03T16:41:04.700577-04:00,read,key1,0.634,43,false
2026-04-03T16:41:04.701218-04:00,read,key8,0.488,51,true
2026-04-03T16:41:04.701112-04:00,read,key7,0.658,50,false
2026-04-03T16:41:04.700275-04:00,read,key5,1.657,56,true
2026-04-03T16:41:04.70073-04:00,read,key6,1.354,54,false
2026-04-03T16:41:04.700565-04:00,read,key7,1.723,50,false
2026-04-03T16:41:04.701715-04:00,read,key5,0.611,57,false
2026-04-03T16:41:04.70194-04:00,read,key4,0.419,58,false
2026-04-03T16:41:04.701776-04:00,read,key4,0.699,55,true
2026-04-03T16:41:04.702101-04:00,read,key2,0.593,41,true
2026-04-03T16:41:04.702365-04:00,read,key7,0.356,50,false
2026-04-03T16:41:04.702334-04:00,read,key3,0.481,49,true
2026-04-03T16:41:04.702482-04:00,read,key7,0.544,50,false
2026-04-03T16:41:04.702296-04:00,read,key1,0.780,43,false
2026-04-03T16:41:04.702728-04:00,read,key4,0.379,55,true
2026-04-03T16:41:04.702701-04:00,read,key0,0.435,51,true
2026-04-03T16:41:04.702821-04:00,read,key9,0.562,56,false
2026-04-03T16:41:04.703145-04:00,read,key9,0.403,56,false
2026-04-03T16:41:04.703034-04:00,read,key0,0.534,51,true
2026-04-03T16:41:04.703082-04:00,read,key6,0.517,54,false
2026-04-03T16:41:04.703113-04:00,read,key4,0.827,54,true
2026-04-03T16:41:04.70339-04:00,read,key3,0.572,53,true
2026-04-03T16:41:04.703605-04:00,read,key7,0.369,50,false
2026-04-03T16:41:04.703586-04:00,read,key9,0.398,56,false
2026-04-03T16:41:04.703948-04:00,read,key3,0.389,55,false
2026-04-03T16:41:04.703977-04:00,read,key8,0.514,52,false
2026-04-03T16:41:04.703554-04:00,read,key7,0.993,50,false
2026-04-03T16:41:04.703991-04:00,read,key0,0.565,53,false
2026-04-03T16:41:04.704345-04:00,read,key3,0.380,49,true
2026-04-03T16:41:04.704499-04:00,read,key9,0.501,56,false
2026-04-03T16:41:04.704576-04:00,read,key1,0.473,42,true
2026-04-03T16:41:04.704553-04:00,read,key3,1.005,53,true
2026-04-03T16:41:04.70501-04:00,read,key1,0.633,43,false
2026-04-03T16:41:04.704743-04:00,read,key7,1.054,50,false
2026-04-03T16:41:04.705057-04:00,read,key3,0.852,53,true
2026-04-03T16:41:04.705568-04:00,read,key2,0.377,41,true
2026-04-03T16:41:04.705649-04:00,read,key8,0.457,51,true
2026-04-03T16:41:04.705804-04:00,read,key7,0.405,50,false
2026-04-03T16:41:04.705918-04:00,read,key3,0.420,53,true
2026-04-03T16:41:04.705951-04:00,read,key7,0.453,50,false
2026-04-03T16:41:04.706126-04:00,read,key1,0.424,42,true
2026-04-03T16:41:04.706345-04:00,read,key7,0.399,50,false
2026-04-03T16:41:04.70641-04:00,read,key8,0.344,52,false
2026-04-03T16:41:04.706216-04:00,read,key7,0.553,50,false
2026-04-03T16:41:04.706557-04:00,read,key1,0.254,42,true
2026-04-03T16:41:04.706752-04:00,read,key6,0.386,54,false
2026-04-03T16:41:04.706827-04:00,read,key4,0.323,54,true
2026-04-03T16:41:04.706762-04:00,read,key4,0.414,54,true
2026-04-03T16:41:04.707145-04:00,read,key4,0.373,54,true
2026-04-03T16:41:04.707158-04:00,read,key6,0.511,54,false
2026-04-03T16:41:04.707183-04:00,read,key6,0.581,54,false
2026-04-03T16:41:04.707537-04:00,read,key0,0.412,53,false
2026-04-03T16:41:04.707771-04:00,read,key0,0.578,53,false
2026-04-03T16:41:04.707959-04:00,read,key0,0.619,51,true
2026-04-03T16:41:04.708359-04:00,read,key0,0.458,51,true
2026-04-03T16:41:04.708585-04:00,read,key4,0.380,58,false
2026-04-03T16:41:04.708973-04:00,read,key5,0.495,56,true
2026-04-03T16:41:04.708824-04:00,read,key8,0.647,52,false
2026-04-03T16:41:04.709478-04:00,read,key0,0.390,53,false
2026-04-03T16:41:04.709475-04:00,read,key0,0.393,53,false
2026-04-03T16:41:04.709877-04:00,read,key5,0.337,56,true
2026-04-03T16:41:04.709876-04:00,read,key5,0.354,57,false
2026-04-03T16:41:04.710237-04:00,read,key4,0.328,58,false
2026-04-03T16:41:04.71022-04:00,read,key6,0.360,53,true
2026-04-03T16:41:04.710586-04:00,read,key8,0.269,52,false
2026-04-03T16:41:04.710571-04:00,read,key1,0.320,43,false
2026-04-03T16:41:04.710861-04:00,read,key2,0.236,42,false
2026-04-03T16:41:04.710898-04:00,read,key1,0.227,43,false
2026-04-03T16:41:04.711104-04:00,read,key4,0.311,58,false
2026-04-03T16:41:04.711132-04:00,read,key8,0.292,51,true
2026-04-03T16:41:04.711422-04:00,read,key4,0.289,54,true
2026-04-03T16:41:04.711431-04:00,read,key6,0.306,53,true
2026-04-03T16:41:04.711717-04:00,read,key4,0.241,58,false
2026-04-03T16:41:04.711743-04:00,read,key1,0.244,43,false
2026-04-03T16:41:04.711964-04:00,read,key2,0.371,41,true
2026-04-03T16:41:04.711998-04:00,read,key4,0.349,55,true
2026-04-03T16:41:04.712343-04:00,read,key5,0.284,56,true
2026-04-03T16:41:04.712354-04:00,read,key0,0.283,53,false
2026-04-03T16:41:04.712644-04:00,read,key8,0.256,52,false
2026-04-03T16:41:04.712636-04:00,read,key0,0.278,51,true
2026-04-03T16:41:04.712907-04:00,read,key4,0.279,54,true
2026-04-03T16:41:04.712921-04:00,read,key8,0.278,52,false
2026-04-03T16:41:04.713193-04:00,read,key8,0.260,52,false
2026-04-03T16:41:04.713206-04:00,read,key0,0.258,51,true
2026-04-03T16:41:04.713482-04:00,read,key1,0.293,42,true
2026-04-03T16:41:04.71346-04:00,read,key4,0.333,54,true
2026-04-03T16:41:04.713783-04:00,read,key1,0.257,43,false
2026-04-03T16:41:04.713799-04:00,read,key8,0.244,52,false
2026-04-03T16:41:04.71405-04:00,read,key3,0.306,55,false
2026-04-03T16:41:04.714047-04:00,read,key8,0.309,52,false
2026-04-03T16:41:04.714365-04:00,read,key1,0.206,43,false
2026-04-03T16:41:04.714578-04:00,read,key2,0.283,41,true
2026-04-03T16:41:04.686495-04:00,write,key4,610.058,59,false
2026-04-03T16:41:04.688682-04:00,write,key0,608.148,54,false
2026-04-03T16:41:05.296638-04:00,read,key7,1.717,50,false
2026-04-03T16:41:05.296873-04:00,read,key1,1.520,43,false
2026-04-03T16:41:05.298422-04:00,read,key7,1.319,50,false
2026-04-03T16:41:05.298387-04:00,read,key6,1.390,54,false
2026-04-03T16:41:05.299795-04:00,read,key5,1.000,57,false
2026-04-03T16:41:05.299766-04:00,read,key5,1.143,59,false
2026-04-03T16:41:05.300927-04:00,read,key2,0.982,44,false
2026-04-03T16:41:05.301938-04:00,read,key4,1.058,59,false
2026-04-03T16:41:05.303015-04:00,read,key0,0.860,54,false
2026-04-03T16:41:04.697359-04:00,write,key6,608.393,55,false
2026-04-03T16:41:04.697004-04:00,write,key6,608.785,56,false
2026-04-03T16:41:05.30577-04:00,read,key6,1.376,54,true
2026-04-03T16:41:05.305811-04:00,read,key8,1.343,53,false
2026-04-03T16:41:05.307172-04:00,read,key6,1.183,56,false
2026-04-03T16:41:05.307165-04:00,read,key9,1.226,56,false
2026-04-03T16:41:05.308379-04:00,read,key2,0.847,44,false
2026-04-03T16:41:05.308407-04:00,read,key5,1.291,57,false
2026-04-03T16:41:04.698917-04:00,write,key3,611.013,56,false
2026-04-03T16:41:04.703987-04:00,write,key8,606.626,53,false
2026-04-03T16:41:05.309242-04:00,read,key6,1.990,54,true
2026-04-03T16:41:05.309713-04:00,read,key4,1.867,59,false
2026-04-03T16:41:05.309968-04:00,read,key9,2.279,56,false
2026-04-03T16:41:05.311601-04:00,read,key7,1.249,50,false
2026-04-03T16:41:05.311248-04:00,read,key7,1.598,50,false
2026-04-03T16:41:05.310649-04:00,read,key3,2.214,55,true
2026-04-03T16:41:05.312263-04:00,read,key4,0.874,59,false
2026-04-03T16:41:05.312862-04:00,read,key0,0.698,53,true
2026-04-03T16:41:05.312877-04:00,read,key7,0.724,50,false
2026-04-03T16:41:05.313147-04:00,read,key6,0.490,56,false
2026-04-03T16:41:05.312861-04:00,read,key9,0.948,56,false
2026-04-03T16:41:05.313608-04:00,read,key6,0.405,54,true
2026-04-03T16:41:05.313649-04:00,read,key3,0.520,55,true
2026-04-03T16:41:05.313818-04:00,read,key1,0.526,43,false
2026-04-03T16:41:04.707683-04:00,write,key2,606.677,43,false
2026-04-03T16:41:04.706781-04:00,write,key5,607.831,58,false
2026-04-03T16:41:05.31402-04:00,read,key5,0.634,57,true
2026-04-03T16:41:05.314175-04:00,read,key4,0.647,59,false
2026-04-03T16:41:05.314357-04:00,read,key9,0.567,56,false
2026-04-03T16:41:05.314372-04:00,read,key9,0.682,56,false
2026-04-03T16:41:05.31464-04:00,read,key9,0.732,56,false
2026-04-03T16:41:05.314933-04:00,read,key5,0.565,59,false
2026-04-03T16:41:05.314831-04:00,read,key6,0.797,54,true
2026-04-03T16:41:05.314662-04:00,read,key2,1.004,42,true
2026-04-03T16:41:05.315507-04:00,read,key9,0.489,56,false
2026-04-03T16:41:05.315383-04:00,read,key2,0.658,42,true
2026-04-03T16:41:05.315636-04:00,read,key6,0.710,54,true
2026-04-03T16:41:05.315674-04:00,read,key7,0.672,50,false
2026-04-03T16:41:05.316049-04:00,read,key3,0.474,56,false
2026-04-03T16:41:05.316355-04:00,read,key3,0.621,56,false
2026-04-03T16:41:05.316355-04:00,read,key0,0.635,54,false
2026-04-03T16:41:05.316531-04:00,read,key9,0.474,56,false
2026-04-03T16:41:05.317012-04:00,read,key8,0.437,53,false
2026-04-03T16:41:05.316999-04:00,read,key5,0.516,57,true
2026-04-03T16:41:05.316984-04:00,read,key5,0.558,59,false
2026-04-03T16:41:05.317526-04:00,read,key3,0.437,55,true
2026-04-03T16:41:05.317458-04:00,read,key3,0.510,55,true
2026-04-03T16:41:05.317549-04:00,read,key1,0.424,43,false
2026-04-03T16:41:05.31797-04:00,read,key8,0.464,52,true
2026-04-03T16:41:05.317975-04:00,read,key5,0.463,59,false
2026-04-03T16:41:05.317981-04:00,read,key9,0.469,56,false
2026-04-03T16:41:05.318446-04:00,read,key3,0.411,55,true
2026-04-03T16:41:05.318442-04:00,read,key1,0.434,43,false
2026-04-03T16:41:05.318457-04:00,read,key3,0.437,55,true
2026-04-03T16:41:05.318865-04:00,read,key9,0.422,56,false
2026-04-03T16:41:05.318882-04:00,read,key7,0.411,50,false
2026-04-03T16:41:05.318912-04:00,read,key2,0.390,42,true
2026-04-03T16:41:05.319301-04:00,read,key8,0.323,51,true
2026-04-03T16:41:05.319293-04:00,read,key9,0.362,56,false
2026-04-03T16:41:05.319662-04:00,read,key7,0.400,50,false
2026-04-03T16:41:05.319631-04:00,read,key1,0.450,43,false
2026-04-03T16:41:05.32007-04:00,read,key4,0.544,59,false
2026-04-03T16:41:05.32009-04:00,read,key9,0.530,56,false
2026-04-03T16:41:04.714871-04:00,write,key5,605.916,59,false
2026-04-03T16:41:04.714368-04:00,write,key2,606.519,44,false
2026-04-03T16:41:05.320627-04:00,read,key7,0.507,50,false
2026-04-03T16:41:05.320624-04:00,read,key4,0.594,56,true
2026-04-03T16:41:05.320893-04:00,read,key7,0.360,50,false
2026-04-03T16:41:05.320795-04:00,read,key6,0.592,56,false
2026-04-03T16:41:05.321143-04:00,read,key9,0.511,56,false
2026-04-03T16:41:05.321394-04:00,read,key3,0.434,56,false
2026-04-03T16:41:05.32126-04:00,read,key5,0.576,59,false
2026-04-03T16:41:05.321662-04:00,read,key1,0.389,43,false
2026-04-03T16:41:05.321844-04:00,read,key4,0.493,56,true
2026-04-03T16:41:05.321838-04:00,read,key7,0.525,50,false
2026-04-03T16:41:05.322074-04:00,read,key5,0.357,59,false
2026-04-03T16:41:05.322346-04:00,read,key2,0.304,42,true
2026-04-03T16:41:05.322371-04:00,read,key5,0.294,57,true
2026-04-03T16:41:05.322671-04:00,read,key5,0.291,59,false
2026-04-03T16:41:05.322657-04:00,read,key1,0.334,43,false
2026-04-03T16:41:05.322437-04:00,read,key9,0.555,56,false
2026-04-03T16:41:05.322999-04:00,read,key7,0.385,50,false
2026-04-03T16:41:05.323006-04:00,read,key6,0.427,55,true
2026-04-03T16:41:05.322969-04:00,read,key6,0.484,55,true
2026-04-03T16:41:05.323439-04:00,read,key3,0.420,55,true
2026-04-03T16:41:05.32346-04:00,read,key6,0.425,54,true
2026-04-03T16:41:05.323391-04:00,read,key3,0.495,55,true
2026-04-03T16:41:05.323867-04:00,read,key2,0.485,42,true
2026-04-03T16:41:05.323893-04:00,read,key2,0.473,44,false
2026-04-03T16:41:05.323891-04:00,read,key3,0.470,55,true
2026-04-03T16:41:05.324362-04:00,read,key6,0.430,54,true
2026-04-03T16:41:05.324373-04:00,read,key8,0.473,53,false
2026-04-03T16:41:05.324378-04:00,read,key1,0.610,43,false
2026-04-03T16:41:05.3248-04:00,read,key7,0.414,50,false
2026-04-03T16:41:05.324856-04:00,read,key0,0.506,53,true
2026-04-03T16:41:05.324995-04:00,read,key1,0.423,43,false
2026-04-03T16:41:05.325222-04:00,read,key1,0.325,43,false
2026-04-03T16:41:05.325436-04:00,read,key9,0.334,56,false
2026-04-03T16:41:05.325778-04:00,read,key9,0.575,56,false
2026-04-03T16:41:05.326361-04:00,read,key8,0.255,52,true
2026-04-03T16:41:05.326622-04:00,read,key8,0.263,53,false
2026-04-03T16:41:05.326892-04:00,read,key2,0.248,44,false
2026-04-03T16:41:05.327147-04:00,read,key2,0.247,44,false
2026-04-03T16:41:05.327401-04:00,read,key0,0.213,54,false
2026-04-03T16:41:05.327621-04:00,read,key7,0.245,50,false
2026-04-03T16:41:05.300832-04:00,write,key9,613.612,57,false
2026-04-03T16:41:05.303907-04:00,write,key2,610.537,45,false
2026-04-03T16:41:05.914556-04:00,read,key7,1.519,51,false
2026-04-03T16:41:05.916112-04:00,read,key7,0.941,50,false
2026-04-03T16:41:05.917081-04:00,read,key6,0.827,57,false
2026-04-03T16:41:05.917928-04:00,read,key2,1.052,44,true
2026-04-03T16:41:05.918997-04:00,read,key4,0.836,59,false
2026-04-03T16:41:05.919849-04:00,read,key5,0.825,59,false
2026-04-03T16:41:05.92073-04:00,read,key9,0.915,57,false
2026-04-03T16:41:05.921663-04:00,read,key5,0.857,59,false
2026-04-03T16:41:05.316011-04:00,write,key6,606.781,57,false
2026-04-03T16:41:05.922807-04:00,read,key4,1.394,59,false
2026-04-03T16:41:05.315069-04:00,write,key8,609.197,55,false
2026-04-03T16:41:05.922538-04:00,read,key7,2.011,51,false
2026-04-03T16:41:05.31361-04:00,write,key8,611.047,54,false
2026-04-03T16:41:05.319313-04:00,write,key8,606.130,56,false
2026-04-03T16:41:05.924566-04:00,read,key3,2.352,56,false
2026-04-03T16:41:05.924676-04:00,read,key3,2.287,56,false
2026-04-03T16:41:05.924316-04:00,read,key2,2.953,44,true
2026-04-03T16:41:05.924228-04:00,read,key7,3.086,51,false
2026-04-03T16:41:05.321229-04:00,write,key8,606.060,57,false
2026-04-03T16:41:05.925484-04:00,read,key5,2.699,59,false
2026-04-03T16:41:05.927283-04:00,read,key4,1.854,59,false
2026-04-03T16:41:05.92694-04:00,read,key3,2.252,56,false
2026-04-03T16:41:05.927328-04:00,read,key5,1.937,59,false
2026-04-03T16:41:05.926978-04:00,read,key0,2.316,55,false
2026-04-03T16:41:05.927349-04:00,read,key3,2.212,56,false
2026-04-03T16:41:05.929156-04:00,read,key6,1.763,56,true
2026-04-03T16:41:05.929306-04:00,read,key8,1.616,58,false
2026-04-03T16:41:05.929281-04:00,read,key1,1.639,43,false
2026-04-03T16:41:05.325556-04:00,write,key0,605.341,55,false
2026-04-03T16:41:05.929206-04:00,read,key1,1.753,43,false
2026-04-03T16:41:05.928199-04:00,read,key8,2.748,58,false
2026-04-03T16:41:05.325377-04:00,write,key8,605.886,58,false
2026-04-03T16:41:05.930931-04:00,read,key2,1.066,45,false
2026-04-03T16:41:05.930977-04:00,read,key9,1.358,56,true
2026-04-03T16:41:05.930966-04:00,read,key0,1.396,55,false
2026-04-03T16:41:05.930939-04:00,read,key9,1.432,56,true
2026-04-03T16:41:05.929575-04:00,read,key0,2.843,54,true
2026-04-03T16:41:05.93093-04:00,read,key9,1.513,57,false
2026-04-03T16:41:05.930931-04:00,read,key4,1.504,59,false
2026-04-03T16:41:05.932348-04:00,read,key6,0.495,56,true
2026-04-03T16:41:05.932372-04:00,read,key5,0.480,59,false
2026-04-03T16:41:05.931284-04:00,read,key7,1.587,51,false
2026-04-03T16:41:05.93238-04:00,read,key9,0.970,56,true
2026-04-03T16:41:05.932851-04:00,read,key4,0.516,59,false
2026-04-03T16:41:05.932685-04:00,read,key4,0.721,59,false
2026-04-03T16:41:05.932872-04:00,read,key4,0.560,59,false
2026-04-03T16:41:05.932012-04:00,read,key1,1.444,43,false
2026-04-03T16:41:05.932425-04:00,read,key1,1.087,43,false
2026-04-03T16:41:05.932737-04:00,read,key5,0.809,59,false
2026-04-03T16:41:05.327875-04:00,write,key7,606.141,51,false
2026-04-03T16:41:05.933445-04:00,read,key3,1.220,56,false
2026-04-03T16:41:05.933465-04:00,read,key8,1.217,53,true
2026-04-03T16:41:05.933414-04:00,read,key0,1.269,55,false
2026-04-03T16:41:05.933399-04:00,read,key1,1.345,43,false
2026-04-03T16:41:05.933522-04:00,read,key2,1.245,45,false
2026-04-03T16:41:05.933366-04:00,read,key2,1.409,45,false
2026-04-03T16:41:05.933555-04:00,read,key6,1.530,56,true
2026-04-03T16:41:05.934027-04:00,read,key2,1.072,45,false
2026-04-03T16:41:05.934775-04:00,read,key4,0.533,59,false
2026-04-03T16:41:05.934682-04:00,read,key3,0.844,56,false
2026-04-03T16:41:05.934763-04:00,read,key3,0.786,56,false
2026-04-03T16:41:05.934691-04:00,read,key8,0.936,58,false
2026-04-03T16:41:05.935108-04:00,read,key4,0.677,59,false
2026-04-03T16:41:05.934784-04:00,read,key1,1.253,43,false
2026-04-03T16:41:05.935316-04:00,read,key9,0.929,57,false
2026-04-03T16:41:05.935557-04:00,read,key5,0.731,59,false
2026-04-03T16:41:05.935094-04:00,read,key0,1.193,55,false
2026-04-03T16:41:05.935792-04:00,read,key8,0.705,58,false
2026-04-03T16:41:05.936296-04:00,read,key4,0.505,59,false
2026-04-03T16:41:05.936505-04:00,read,key1,0.495,43,false
2026-04-03T16:41:05.936301-04:00,read,key5,0.700,59,false
2026-04-03T16:41:05.935536-04:00,read,key9,1.641,57,false
2026-04-03T16:41:05.936047-04:00,read,key9,1.664,56,true
2026-04-03T16:41:05.936255-04:00,read,key6,1.475,56,true
2026-04-03T16:41:05.935646-04:00,read,key6,2.088,57,false
2026-04-03T16:41:05.937186-04:00,read,key3,0.571,56,false
2026-04-03T16:41:05.936809-04:00,read,key9,0.958,57,false
2026-04-03T16:41:05.937019-04:00,read,key1,0.753,43,false
2026-04-03T16:41:05.937773-04:00,read,key8,0.541,53,true
2026-04-03T16:41:05.937787-04:00,read,key7,0.536,50,true
2026-04-03T16:41:05.937742-04:00,read,key7,0.573,51,false
2026-04-03T16:41:05.937765-04:00,read,key6,0.558,55,true
2026-04-03T16:41:05.937725-04:00,read,key9,0.629,57,false
2026-04-03T16:41:05.938368-04:00,read,key8,0.492,53,true
2026-04-03T16:41:05.938331-04:00,read,key4,0.543,59,false
2026-04-03T16:41:05.938325-04:00,read,key9,0.551,57,false
2026-04-03T16:41:05.938349-04:00,read,key3,0.554,56,false
2026-04-03T16:41:05.938909-04:00,read,key4,0.490,59,false
2026-04-03T16:41:05.938884-04:00,read,key5,0.530,59,false
2026-04-03T16:41:05.938873-04:00,read,key1,0.614,43,false
2026-04-03T16:41:05.938884-04:00,read,key9,0.901,57,false
2026-04-03T16:41:05.938347-04:00,read,key5,1.437,59,false
2026-04-03T16:41:05.939421-04:00,read,key8,0.403,58,false
2026-04-03T16:41:05.939408-04:00,read,key2,0.422,45,false
2026-04-03T16:41:05.9398-04:00,read,key8,0.292,58,false
2026-04-03T16:41:05.939493-04:00,read,key3,0.754,56,false
2026-04-03T16:41:05.93983-04:00,read,key6,0.535,56,true
2026-04-03T16:41:05.940099-04:00,read,key6,0.383,57,false
2026-04-03T16:41:05.940264-04:00,read,key3,0.458,56,false
2026-04-03T16:41:05.939801-04:00,read,key4,1.033,59,false
2026-04-03T16:41:05.940489-04:00,read,key3,0.365,56,false
2026-04-03T16:41:05.939837-04:00,read,key1,1.054,43,false
2026-04-03T16:41:05.940373-04:00,read,key4,0.526,59,false
2026-04-03T16:41:05.940728-04:00,read,key1,0.370,43,false
2026-04-03T16:41:05.940899-04:00,read,key2,0.350,44,true
2026-04-03T16:41:05.940905-04:00,read,key5,0.363,59,false
2026-04-03T16:41:05.940841-04:00,read,key7,0.440,50,true
2026-04-03T16:41:05.941255-04:00,read,key2,0.407,45,false
2026-04-03T16:41:05.941295-04:00,read,key6,0.369,57,false
2026-04-03T16:41:05.941276-04:00,read,key5,0.618,59,false
2026-04-03T16:41:05.941672-04:00,read,key8,0.401,53,true
2026-04-03T16:41:05.94208-04:00,read,key8,0.368,58,false
2026-04-03T16:41:05.941902-04:00,read,key4,0.546,59,false
2026-04-03T16:41:05.942458-04:00,read,key4,0.314,59,false
2026-04-03T16:41:05.942475-04:00,read,key9,0.433,56,true
2026-04-03T16:41:05.942779-04:00,read,key2,0.348,45,false
2026-04-03T16:41:05.942915-04:00,read,key8,0.312,53,true
2026-04-03T16:41:05.943233-04:00,read,key1,0.242,43,false
2026-04-03T16:41:05.943135-04:00,read,key2,0.371,44,true
2026-04-03T16:41:05.943512-04:00,read,key0,0.276,54,true
2026-04-03T16:41:05.943482-04:00,read,key5,0.317,59,false
2026-04-03T16:41:05.943795-04:00,read,key4,0.272,59,false
2026-04-03T16:41:05.943806-04:00,read,key1,0.276,43,false
2026-04-03T16:41:05.944089-04:00,read,key9,0.264,57,false
2026-04-03T16:41:05.944074-04:00,read,key2,0.292,45,false
2026-04-03T16:41:05.944359-04:00,read,key5,0.262,59,false
2026-04-03T16:41:05.944372-04:00,read,key1,0.261,43,false
2026-04-03T16:41:05.94464-04:00,read,key5,0.235,59,false
2026-04-03T16:41:05.944629-04:00,read,key3,0.251,56,false
2026-04-03T16:41:05.944886-04:00,read,key3,0.286,56,false
2026-04-03T16:41:05.945179-04:00,read,key1,0.242,43,false
2026-04-03T16:41:05.945428-04:00,read,key8,0.238,58,false
2026-04-03T16:41:05.91455-04:00,write,key9,619.165,58,false
2026-04-03T16:41:06.533809-04:00,read,key2,1.202,45,false
2026-04-03T16:41:06.535048-04:00,read,key3,1.147,56,false
2026-04-03T16:41:06.536224-04:00,read,key1,1.151,45,false
2026-04-03T16:41:06.537406-04:00,read,key6,0.807,57,false
2026-04-03T16:41:06.538233-04:00,read,key2,0.955,45,false
2026-04-03T16:41:05.932893-04:00,write,key1,606.786,44,false
2026-04-03T16:41:06.539208-04:00,read,key9,1.144,57,true
2026-04-03T16:41:06.539697-04:00,read,key4,1.155,59,false
2026-04-03T16:41:05.934709-04:00,write,key2,608.314,46,false
2026-04-03T16:41:05.937024-04:00,write,key7,606.054,52,false
2026-04-03T16:41:06.543091-04:00,read,key6,1.336,57,false
2026-04-03T16:41:05.937742-04:00,write,key3,607.391,57,false
2026-04-03T16:41:06.544448-04:00,read,key7,1.459,52,false
2026-04-03T16:41:06.545926-04:00,read,key6,1.608,57,false
2026-04-03T16:41:06.547555-04:00,read,key6,0.921,57,false
2026-04-03T16:41:05.941109-04:00,write,key0,607.933,56,false
2026-04-03T16:41:05.940885-04:00,write,key1,608.180,45,false
2026-04-03T16:41:05.941673-04:00,write,key5,607.410,60,false
2026-04-03T16:41:06.548495-04:00,read,key6,1.833,57,false
2026-04-03T16:41:06.549086-04:00,read,key9,1.492,57,true
2026-04-03T16:41:06.549065-04:00,read,key3,1.565,57,false
2026-04-03T16:41:06.549131-04:00,read,key6,2.255,57,false
2026-04-03T16:41:06.550643-04:00,read,key5,1.498,59,true
2026-04-03T16:41:05.945677-04:00,write,key5,606.546,61,false
2026-04-03T16:41:05.944885-04:00,write,key9,607.353,59,false
2026-04-03T16:41:06.550347-04:00,read,key7,1.937,52,false
2026-04-03T16:41:06.551402-04:00,read,key7,1.513,51,true
2026-04-03T16:41:06.552234-04:00,read,key8,0.699,58,false
2026-04-03T16:41:06.552297-04:00,read,key7,0.663,52,false
2026-04-03T16:41:06.552157-04:00,read,key2,0.818,45,true
2026-04-03T16:41:06.552291-04:00,read,key5,0.701,59,true
2026-04-03T16:41:06.552943-04:00,read,key2,0.755,46,false
2026-04-03T16:41:06.553002-04:00,read,key8,0.721,58,false
2026-04-03T16:41:06.55297-04:00,read,key4,0.756,59,false
2026-04-03T16:41:06.552986-04:00,read,key3,0.904,56,true
2026-04-03T16:41:06.553736-04:00,read,key4,0.644,59,false
2026-04-03T16:41:06.553733-04:00,read,key1,0.741,45,false
2026-04-03T16:41:06.553897-04:00,read,key9,0.658,59,false
2026-04-03T16:41:06.554482-04:00,read,key1,0.406,43,true
2026-04-03T16:41:06.554394-04:00,read,key1,0.560,43,true
2026-04-03T16:41:06.554564-04:00,read,key7,0.742,51,true
2026-04-03T16:41:06.554962-04:00,read,key2,0.444,46,false
2026-04-03T16:41:06.554896-04:00,read,key1,0.529,45,false
2026-04-03T16:41:06.55543-04:00,read,key3,0.406,56,true
2026-04-03T16:41:06.555433-04:00,read,key7,0.422,51,true
2026-04-03T16:41:06.555863-04:00,read,key9,0.457,59,false
2026-04-03T16:41:06.556331-04:00,read,key4,0.556,59,false
2026-04-03T16:41:06.5569-04:00,read,key7,0.428,51,true
2026-04-03T16:41:06.540384-04:00,write,key0,612.249,57,false
2026-04-03T16:41:06.545158-04:00,write,key6,607.539,58,false
2026-04-03T16:41:06.540875-04:00,write,key3,611.997,58,false
2026-04-03T16:41:06.543049-04:00,write,key7,610.056,53,false
2026-04-03T16:41:07.153161-04:00,read,key6,2.321,57,true
2026-04-03T16:41:07.152911-04:00,read,key3,2.633,57,true
2026-04-03T16:41:07.152734-04:00,read,key3,2.798,57,true
2026-04-03T16:41:07.152715-04:00,read,key6,2.825,57,true
2026-04-03T16:41:06.5506-04:00,write,key6,605.668,59,false
2026-04-03T16:41:07.155593-04:00,read,key5,2.344,62,false
2026-04-03T16:41:07.15556-04:00,read,key3,2.383,57,true
2026-04-03T16:41:07.155517-04:00,read,key0,2.653,58,false
2026-04-03T16:41:07.156348-04:00,read,key7,1.861,52,true
2026-04-03T16:41:07.155559-04:00,read,key1,2.697,45,false
2026-04-03T16:41:07.158188-04:00,read,key0,2.344,56,true
2026-04-03T16:41:07.158223-04:00,read,key7,2.391,54,false
2026-04-03T16:41:07.157959-04:00,read,key9,2.664,59,false
2026-04-03T16:41:06.553723-04:00,write,key4,606.906,60,false
2026-04-03T16:41:07.15827-04:00,read,key6,2.418,57,true
2026-04-03T16:41:06.552946-04:00,write,key7,607.799,54,false
2026-04-03T16:41:07.157963-04:00,read,key0,2.907,56,true
2026-04-03T16:41:06.555325-04:00,write,key5,607.856,62,false
2026-04-03T16:41:07.160674-04:00,read,key8,2.605,59,false
2026-04-03T16:41:06.557342-04:00,write,key0,605.915,58,false
2026-04-03T16:41:06.555852-04:00,write,key8,607.519,59,false
2026-04-03T16:41:07.160629-04:00,read,key7,3.012,54,false
2026-04-03T16:41:07.160755-04:00,read,key2,2.923,46,false
2026-04-03T16:41:07.160551-04:00,read,key9,5.341,59,false
2026-04-03T16:41:07.163309-04:00,read,key3,2.576,57,true
2026-04-03T16:41:07.163204-04:00,read,key3,2.688,58,false
2026-04-03T16:41:07.163295-04:00,read,key7,2.697,52,true
2026-04-03T16:41:07.160673-04:00,read,key1,5.577,45,false
2026-04-03T16:41:07.165906-04:00,read,key4,2.520,59,true
2026-04-03T16:41:07.166294-04:00,read,key1,2.139,45,false
2026-04-03T16:41:07.16339-04:00,read,key5,5.429,62,false
2026-04-03T16:41:07.163692-04:00,read,key0,5.129,56,true
2026-04-03T16:41:07.165906-04:00,read,key8,2.954,58,true
2026-04-03T16:41:07.163652-04:00,read,key1,5.177,45,false
2026-04-03T16:41:07.168445-04:00,read,key9,1.037,59,false
2026-04-03T16:41:07.168445-04:00,read,key1,1.059,45,false
2026-04-03T16:41:07.169512-04:00,read,key6,0.452,59,false
2026-04-03T16:41:07.169494-04:00,read,key3,0.473,57,true
2026-04-03T16:41:07.169975-04:00,read,key2,0.670,46,false
2026-04-03T16:41:07.169976-04:00,read,key7,0.676,52,true
2026-04-03T16:41:07.168849-04:00,read,key3,1.892,57,true
2026-04-03T16:41:07.170749-04:00,read,key0,0.509,56,true
2026-04-03T16:41:07.17066-04:00,read,key4,0.583,59,true
2026-04-03T16:41:07.170662-04:00,read,key9,0.753,59,false
2026-04-03T16:41:07.171268-04:00,read,key1,0.486,45,false
2026-04-03T16:41:07.171423-04:00,read,key2,0.337,46,false
2026-04-03T16:41:07.171269-04:00,read,key8,0.500,59,false
2026-04-03T16:41:07.171761-04:00,read,key0,0.442,58,false
2026-04-03T16:41:07.172211-04:00,read,key1,0.359,45,false
2026-04-03T16:41:07.172578-04:00,read,key6,0.433,57,true
2026-04-03T16:41:07.173018-04:00,read,key7,0.406,52,true
2026-04-03T16:41:07.173432-04:00,read,key6,0.341,57,true
2026-04-03T16:41:07.17378-04:00,read,key1,0.254,45,false
2026-04-03T16:41:07.160889-04:00,write,key0,607.620,59,false
2026-04-03T16:41:07.160718-04:00,write,key1,607.859,46,false
2026-04-03T16:41:07.76863-04:00,read,key4,1.739,60,false
2026-04-03T16:41:07.76859-04:00,read,key9,1.826,59,false
2026-04-03T16:41:07.165983-04:00,write,key3,607.995,59,false
2026-04-03T16:41:07.166043-04:00,write,key8,608.885,60,false
2026-04-03T16:41:07.774947-04:00,read,key1,1.726,46,false
2026-04-03T16:41:07.7767-04:00,read,key4,1.307,60,false
2026-04-03T16:41:07.778036-04:00,read,key7,1.238,54,false
2026-04-03T16:41:07.779297-04:00,read,key1,1.021,46,false
2026-04-03T16:41:07.780337-04:00,read,key3,1.095,60,false
2026-04-03T16:41:07.168856-04:00,write,key6,619.601,60,false
2026-04-03T16:41:07.168895-04:00,write,key2,619.605,47,false
2026-04-03T16:41:07.174046-04:00,write,key6,614.418,61,false
2026-04-03T16:41:07.171772-04:00,write,key5,616.735,63,false
2026-04-03T16:41:07.171785-04:00,write,key7,617.009,55,false
2026-04-03T16:41:07.168879-04:00,write,key3,622.093,60,false
2026-04-03T16:41:07.788582-04:00,read,key9,4.796,59,false
2026-04-03T16:41:07.788585-04:00,read,key2,4.962,46,true
2026-04-03T16:41:07.788499-04:00,read,key2,5.131,46,true
2026-04-03T16:41:07.788519-04:00,read,key9,5.125,59,false
2026-04-03T16:41:07.793651-04:00,read,key2,1.773,47,false
2026-04-03T16:41:07.793564-04:00,read,key3,1.967,58,true
2026-04-03T16:41:07.793666-04:00,read,key1,1.914,45,true
2026-04-03T16:41:07.793405-04:00,read,key8,2.249,60,false
2026-04-03T16:41:07.788818-04:00,read,key9,6.850,59,false
2026-04-03T16:41:07.79104-04:00,read,key7,5.644,54,true
2026-04-03T16:41:07.79568-04:00,read,key0,1.685,59,false
2026-04-03T16:41:07.795673-04:00,read,key1,1.727,45,true
2026-04-03T16:41:07.79555-04:00,read,key2,1.864,46,true
2026-04-03T16:41:07.795592-04:00,read,key7,2.087,54,true
2026-04-03T16:41:07.795446-04:00,read,key3,2.287,60,false
2026-04-03T16:41:07.79738-04:00,read,key4,0.900,60,false
2026-04-03T16:41:07.797714-04:00,read,key8,0.746,59,true
2026-04-03T16:41:07.797412-04:00,read,key4,1.275,60,false
2026-04-03T16:41:07.798486-04:00,read,key2,0.587,46,true
2026-04-03T16:41:07.797744-04:00,read,key9,1.362,59,false
2026-04-03T16:41:07.798296-04:00,read,key9,1.075,59,false
2026-04-03T16:41:07.799388-04:00,read,key4,0.413,60,false
2026-04-03T16:41:07.799084-04:00,read,key4,1.324,60,false
2026-04-03T16:41:07.799815-04:00,read,key9,0.674,59,false
2026-04-03T16:41:07.800426-04:00,read,key0,0.520,58,true
2026-04-03T16:41:07.800958-04:00,read,key5,0.642,62,true
2026-04-03T16:41:07.801615-04:00,read,key9,0.341,59,false
2026-04-03T16:41:07.801968-04:00,read,key2,0.451,46,true
2026-04-03T16:41:07.802434-04:00,read,key2,0.367,46,true
2026-04-03T16:41:07.802815-04:00,read,key3,0.493,60,false
2026-04-03T16:41:07.803324-04:00,read,key4,0.298,60,false
2026-04-03T16:41:07.803631-04:00,read,key0,0.302,58,true
2026-04-03T16:41:07.803942-04:00,read,key9,0.398,59,false
2026-04-03T16:41:07.804351-04:00,read,key0,0.345,59,false
2026-04-03T16:41:07.804713-04:00,read,key6,0.342,61,false
2026-04-03T16:41:07.805071-04:00,read,key8,0.329,59,true
2026-04-03T16:41:07.805412-04:00,read,key2,0.301,47,false
2026-04-03T16:41:07.805723-04:00,read,key7,0.279,55,false
2026-04-03T16:41:07.806011-04:00,read,key3,0.316,60,false
2026-04-03T16:41:07.806335-04:00,read,key2,0.317,46,true
2026-04-03T16:41:07.80666-04:00,read,key3,0.261,60,false
2026-04-03T16:41:07.80693-04:00,read,key0,0.363,59,false
2026-04-03T16:41:07.807303-04:00,read,key6,0.273,61,false
2026-04-03T16:41:07.807585-04:00,read,key7,0.288,54,true
2026-04-03T16:41:07.77043-04:00,write,key8,617.561,61,false
2026-04-03T16:41:07.770448-04:00,write,key6,617.615,62,false
2026-04-03T16:41:07.774019-04:00,write,key6,614.053,63,false
2026-04-03T16:41:08.388052-04:00,read,key6,3.059,64,false
2026-04-03T16:41:08.388134-04:00,read,key3,3.121,60,false
2026-04-03T16:41:07.781468-04:00,write,key9,609.829,60,false
2026-04-03T16:41:08.388094-04:00,read,key5,3.244,63,false
2026-04-03T16:41:08.391358-04:00,read,key4,1.386,60,false
2026-04-03T16:41:08.391276-04:00,read,key2,1.494,47,false
2026-04-03T16:41:08.391311-04:00,read,key6,1.769,64,false
2026-04-03T16:41:08.392765-04:00,read,key6,1.397,64,false
2026-04-03T16:41:08.392787-04:00,read,key2,1.417,49,false
2026-04-03T16:41:08.394181-04:00,read,key6,0.782,60,true
2026-04-03T16:41:08.394222-04:00,read,key3,0.768,60,false
2026-04-03T16:41:08.393093-04:00,read,key0,2.794,60,false
2026-04-03T16:41:08.395005-04:00,read,key0,0.941,59,false
2026-04-03T16:41:08.394979-04:00,read,key6,0.941,60,true
2026-04-03T16:41:08.395997-04:00,read,key1,1.203,46,false
2026-04-03T16:41:08.395932-04:00,read,key2,1.326,49,false
2026-04-03T16:41:08.395957-04:00,read,key5,1.305,63,false
2026-04-03T16:41:08.397278-04:00,read,key5,1.188,63,false
2026-04-03T16:41:08.397219-04:00,read,key8,1.312,61,false
2026-04-03T16:41:08.397275-04:00,read,key4,1.259,60,false
2026-04-03T16:41:08.398485-04:00,read,key1,2.081,46,false
2026-04-03T16:41:08.398773-04:00,read,key0,1.834,60,false
2026-04-03T16:41:08.400622-04:00,read,key8,1.066,61,false
2026-04-03T16:41:08.400583-04:00,read,key0,1.143,60,false
2026-04-03T16:41:08.398829-04:00,read,key1,3.885,46,false
2026-04-03T16:41:08.401705-04:00,read,key0,1.502,59,false
2026-04-03T16:41:08.401738-04:00,read,key1,1.508,46,false
2026-04-03T16:41:08.402787-04:00,read,key7,1.228,55,false
2026-04-03T16:41:08.403257-04:00,read,key8,1.415,61,false
2026-04-03T16:41:08.403221-04:00,read,key1,1.499,46,false
2026-04-03T16:41:08.40403-04:00,read,key4,1.166,60,false
2026-04-03T16:41:07.798706-04:00,write,key2,607.090,49,false
2026-04-03T16:41:08.404686-04:00,read,key9,1.332,59,true
2026-04-03T16:41:08.404731-04:00,read,key5,1.307,64,false
2026-04-03T16:41:07.797435-04:00,write,key5,608.845,64,false
2026-04-03T16:41:07.799122-04:00,write,key0,607.432,60,false
2026-04-03T16:41:08.40521-04:00,read,key6,1.408,61,true
2026-04-03T16:41:07.796717-04:00,write,key2,609.927,48,false
2026-04-03T16:41:08.406052-04:00,read,key9,0.996,59,true
2026-04-03T16:41:08.406031-04:00,read,key7,1.151,55,false
2026-04-03T16:41:08.40658-04:00,read,key5,0.659,63,true
2026-04-03T16:41:08.406289-04:00,read,key1,1.473,46,false
2026-04-03T16:41:08.406625-04:00,read,key1,1.217,46,false
2026-04-03T16:41:08.40706-04:00,read,key9,0.799,60,false
2026-04-03T16:41:08.40725-04:00,read,key9,0.863,59,true
2026-04-03T16:41:08.407194-04:00,read,key1,1.154,46,false
2026-04-03T16:41:07.800508-04:00,write,key4,607.871,61,false
2026-04-03T16:41:08.407852-04:00,read,key0,0.699,60,false
2026-04-03T16:41:08.407867-04:00,read,key2,0.932,48,true
2026-04-03T16:41:08.406676-04:00,read,key0,2.104,60,false
2026-04-03T16:41:08.407778-04:00,read,key3,1.142,60,false
2026-04-03T16:41:08.408392-04:00,read,key4,0.776,60,true
2026-04-03T16:41:08.408124-04:00,read,key1,1.059,46,false
2026-04-03T16:41:08.40836-04:00,read,key6,1.067,64,false
2026-04-03T16:41:08.408927-04:00,read,key7,0.549,55,false
2026-04-03T16:41:08.40856-04:00,read,key6,0.922,64,false
2026-04-03T16:41:08.408807-04:00,read,key5,0.822,63,true
2026-04-03T16:41:08.408808-04:00,read,key6,0.888,60,true
2026-04-03T16:41:08.409489-04:00,read,key9,0.736,59,true
2026-04-03T16:41:08.409637-04:00,read,key1,0.620,46,false
2026-04-03T16:41:08.409201-04:00,read,key3,1.061,60,false
2026-04-03T16:41:08.409492-04:00,read,key0,0.999,59,true
2026-04-03T16:41:08.409705-04:00,read,key2,0.787,48,true
2026-04-03T16:41:08.410265-04:00,read,key1,0.720,46,false
2026-04-03T16:41:08.41028-04:00,read,key8,0.778,60,true
2026-04-03T16:41:08.4105-04:00,read,key5,0.712,64,false
2026-04-03T16:41:08.410998-04:00,read,key5,0.570,63,true
2026-04-03T16:41:08.4105-04:00,read,key6,1.093,61,true
2026-04-03T16:41:08.410252-04:00,read,key4,1.449,60,true
2026-04-03T16:41:08.41122-04:00,read,key4,0.574,61,false
2026-04-03T16:41:08.411071-04:00,read,key9,0.725,59,true
2026-04-03T16:41:08.41171-04:00,read,key9,0.407,59,true
2026-04-03T16:41:08.411606-04:00,read,key3,0.537,60,false
2026-04-03T16:41:08.41158-04:00,read,key2,0.612,47,true
2026-04-03T16:41:08.411807-04:00,read,key3,0.852,60,false
2026-04-03T16:41:08.412215-04:00,read,key1,0.480,46,false
2026-04-03T16:41:08.412153-04:00,read,key0,0.691,60,false
2026-04-03T16:41:08.412125-04:00,read,key0,0.764,60,false
2026-04-03T16:41:08.412681-04:00,read,key1,0.602,46,false
2026-04-03T16:41:08.412851-04:00,read,key2,0.670,47,true
2026-04-03T16:41:08.412702-04:00,read,key5,0.836,64,false
2026-04-03T16:41:08.412898-04:00,read,key5,0.649,64,false
2026-04-03T16:41:08.413292-04:00,read,key9,0.414,60,false
2026-04-03T16:41:08.413555-04:00,read,key0,0.376,60,false
2026-04-03T16:41:08.413532-04:00,read,key4,0.405,61,false
2026-04-03T16:41:08.413549-04:00,read,key1,0.390,46,false
2026-04-03T16:41:08.413946-04:00,read,key4,0.454,60,true
2026-04-03T16:41:08.413938-04:00,read,key8,0.507,60,true
2026-04-03T16:41:08.413715-04:00,read,key4,0.789,61,false
2026-04-03T16:41:08.413949-04:00,read,key2,0.622,48,true
2026-04-03T16:41:08.414411-04:00,read,key3,0.380,60,false
2026-04-03T16:41:08.414511-04:00,read,key6,0.308,61,true
2026-04-03T16:41:08.414453-04:00,read,key3,0.371,60,false
2026-04-03T16:41:08.414582-04:00,read,key5,0.406,63,true
2026-04-03T16:41:08.414798-04:00,read,key3,0.386,60,false
2026-04-03T16:41:08.414996-04:00,read,key0,0.386,60,false
2026-04-03T16:41:08.415193-04:00,read,key3,0.527,60,false
2026-04-03T16:41:08.415388-04:00,read,key0,0.331,60,false
2026-04-03T16:41:08.415729-04:00,read,key1,0.444,46,false
2026-04-03T16:41:08.415728-04:00,read,key1,0.460,46,false
2026-04-03T16:41:07.807894-04:00,write,key6,608.305,64,false
2026-04-03T16:41:08.416184-04:00,read,key0,0.322,59,true
2026-04-03T16:41:08.416207-04:00,read,key9,0.309,59,true
2026-04-03T16:41:08.416197-04:00,read,key0,0.349,59,true
2026-04-03T16:41:08.416556-04:00,read,key0,0.344,60,false
2026-04-03T16:41:08.416907-04:00,read,key2,0.505,47,true
2026-04-03T16:41:08.41742-04:00,read,key8,0.361,61,false
2026-04-03T16:41:08.391191-04:00,write,key3,612.293,61,false
2026-04-03T16:41:09.003537-04:00,read,key0,1.573,62,false
2026-04-03T16:41:08.409441-04:00,write,key2,607.518,50,false
2026-04-03T16:41:08.405859-04:00,write,key3,611.156,62,false
2026-04-03T16:41:08.409194-04:00,write,key3,610.029,63,false
2026-04-03T16:41:09.017011-04:00,read,key7,2.253,55,false
2026-04-03T16:41:09.017063-04:00,read,key9,2.240,60,false
2026-04-03T16:41:08.411822-04:00,write,key1,607.613,47,false
2026-04-03T16:41:09.019275-04:00,read,key9,1.310,61,false
2026-04-03T16:41:09.019281-04:00,read,key4,1.308,61,false
2026-04-03T16:41:09.019471-04:00,read,key1,1.327,47,false
2026-04-03T16:41:09.019322-04:00,read,key0,1.519,61,false
2026-04-03T16:41:09.020853-04:00,read,key8,1.184,61,false
2026-04-03T16:41:09.02081-04:00,read,key9,1.264,60,false
2026-04-03T16:41:09.020608-04:00,read,key4,1.466,61,false
2026-04-03T16:41:09.020602-04:00,read,key7,1.478,55,false
2026-04-03T16:41:08.414831-04:00,write,key3,607.891,64,false
2026-04-03T16:41:08.41652-04:00,write,key0,607.056,62,false
2026-04-03T16:41:08.414848-04:00,write,key0,608.729,61,false
2026-04-03T16:41:08.416529-04:00,write,key9,607.078,61,false
2026-04-03T16:41:09.022104-04:00,read,key3,2.274,60,true
2026-04-03T16:41:08.417794-04:00,write,key3,607.000,65,false
2026-04-03T16:41:09.022115-04:00,read,key5,2.894,64,false
2026-04-03T16:41:09.022052-04:00,read,key2,2.976,50,false
2026-04-03T16:41:09.022732-04:00,read,key1,2.953,47,false
2026-04-03T16:41:09.023609-04:00,read,key0,3.370,60,true
2026-04-03T16:41:09.025697-04:00,read,key8,1.358,61,false
2026-04-03T16:41:09.02361-04:00,read,key8,3.507,61,false
2026-04-03T16:41:09.025046-04:00,read,key0,2.335,62,false
2026-04-03T16:41:09.025023-04:00,read,key4,2.404,61,false
2026-04-03T16:41:09.023638-04:00,read,key9,4.798,61,false
2026-04-03T16:41:09.024392-04:00,read,key9,4.047,61,false
2026-04-03T16:41:09.027393-04:00,read,key9,1.652,60,true
2026-04-03T16:41:09.027441-04:00,read,key8,1.629,61,false
2026-04-03T16:41:09.026998-04:00,read,key7,2.692,55,false
2026-04-03T16:41:09.02713-04:00,read,key0,2.595,61,true
2026-04-03T16:41:09.027067-04:00,read,key3,2.679,60,true
2026-04-03T16:41:09.029074-04:00,read,key5,1.578,64,false
2026-04-03T16:41:09.029737-04:00,read,key1,1.444,46,true
2026-04-03T16:41:09.029701-04:00,read,key0,1.500,61,true
2026-04-03T16:41:09.029762-04:00,read,key3,1.529,60,true
2026-04-03T16:41:09.029081-04:00,read,key3,2.237,60,true
2026-04-03T16:41:09.028448-04:00,read,key6,3.175,64,false
2026-04-03T16:41:09.031234-04:00,read,key8,1.360,61,false
2026-04-03T16:41:09.031301-04:00,read,key6,1.318,64,false
2026-04-03T16:41:09.031193-04:00,read,key7,1.444,55,false
2026-04-03T16:41:09.030667-04:00,read,key4,1.969,61,false
2026-04-03T16:41:09.03266-04:00,read,key7,0.620,55,false
2026-04-03T16:41:09.03134-04:00,read,key7,1.951,55,false
2026-04-03T16:41:09.032638-04:00,read,key4,0.642,61,false
2026-04-03T16:41:09.033317-04:00,read,key3,0.551,60,true
2026-04-03T16:41:09.033291-04:00,read,key9,1.067,60,true
2026-04-03T16:41:09.033881-04:00,read,key6,0.552,64,false
2026-04-03T16:41:09.034372-04:00,read,key3,0.415,60,true
2026-04-03T16:41:09.034797-04:00,read,key0,0.548,60,true
2026-04-03T16:41:09.005158-04:00,write,key0,612.467,63,false
2026-04-03T16:41:09.617743-04:00,read,key1,1.547,47,false
2026-04-03T16:41:09.619336-04:00,read,key6,1.574,65,false
2026-04-03T16:41:09.022097-04:00,write,key9,606.485,62,false
2026-04-03T16:41:09.628602-04:00,read,key6,0.826,65,false
2026-04-03T16:41:09.629447-04:00,read,key5,0.883,64,false
2026-04-03T16:41:09.630346-04:00,read,key5,0.633,64,false
2026-04-03T16:41:09.630996-04:00,read,key0,0.689,62,true
2026-04-03T16:41:09.631698-04:00,read,key3,0.580,64,true
2026-04-03T16:41:09.63229-04:00,read,key9,0.567,63,false
2026-04-03T16:41:09.034445-04:00,write,key1,610.739,48,false
2026-04-03T16:41:09.024818-04:00,write,key4,620.764,62,false
2026-04-03T16:41:09.028467-04:00,write,key7,617.481,56,false
2026-04-03T16:41:09.032651-04:00,write,key6,613.368,65,false
2026-04-03T16:41:09.031637-04:00,write,key9,614.376,63,false
2026-04-03T16:41:09.03261-04:00,write,key3,613.486,66,false
2026-04-03T16:41:09.033311-04:00,write,key3,612.853,67,false
2026-04-03T16:41:09.035361-04:00,write,key8,611.125,62,false
2026-04-03T16:41:09.645606-04:00,read,key2,5.257,50,false
2026-04-03T16:41:09.646007-04:00,read,key1,4.877,47,true
2026-04-03T16:41:09.645224-04:00,read,key6,5.729,65,false
2026-04-03T16:41:09.646071-04:00,read,key9,5.315,61,true
2026-04-03T16:41:09.646165-04:00,read,key8,6.889,62,false
2026-04-03T16:41:09.646537-04:00,read,key8,6.610,61,true
2026-04-03T16:41:09.646068-04:00,read,key5,7.035,64,false
2026-04-03T16:41:09.650968-04:00,read,key1,2.214,47,true
2026-04-03T16:41:09.651401-04:00,read,key1,2.031,48,false
2026-04-03T16:41:09.650904-04:00,read,key9,2.577,63,false
2026-04-03T16:41:09.646206-04:00,read,key8,7.293,62,false
2026-04-03T16:41:09.65089-04:00,read,key8,2.899,61,true
2026-04-03T16:41:09.653223-04:00,read,key7,2.962,55,true
2026-04-03T16:41:09.653534-04:00,read,key1,2.785,48,false
2026-04-03T16:41:09.656207-04:00,read,key2,2.331,50,false
2026-04-03T16:41:09.656334-04:00,read,key6,2.258,64,true
2026-04-03T16:41:09.658608-04:00,read,key7,1.265,55,true
2026-04-03T16:41:09.658562-04:00,read,key0,1.346,63,false
2026-04-03T16:41:09.659922-04:00,read,key3,0.755,67,false
2026-04-03T16:41:09.659893-04:00,read,key8,0.784,62,false
2026-04-03T16:41:09.621126-04:00,write,key1,609.409,49,false
2026-04-03T16:41:10.230633-04:00,read,key5,1.807,64,false
2026-04-03T16:41:10.232466-04:00,read,key0,0.889,65,false
2026-04-03T16:41:10.233379-04:00,read,key4,0.731,63,false
2026-04-03T16:41:10.23413-04:00,read,key1,0.737,48,true
2026-04-03T16:41:10.234886-04:00,read,key7,0.697,56,false
2026-04-03T16:41:10.235599-04:00,read,key6,0.771,65,false
2026-04-03T16:41:10.236389-04:00,read,key6,0.613,65,false
2026-04-03T16:41:10.237018-04:00,read,key0,0.636,65,false
2026-04-03T16:41:10.237667-04:00,read,key0,0.805,65,false
2026-04-03T16:41:09.632876-04:00,write,key9,605.624,64,false
2026-04-03T16:41:10.238515-04:00,read,key6,0.587,65,false
2026-04-03T16:41:10.238488-04:00,read,key5,0.838,64,false
2026-04-03T16:41:10.239116-04:00,read,key9,0.596,63,true
2026-04-03T16:41:10.239338-04:00,read,key9,0.613,63,true
2026-04-03T16:41:10.239726-04:00,read,key9,0.591,63,true
2026-04-03T16:41:10.239961-04:00,read,key5,0.791,64,false
2026-04-03T16:41:10.240328-04:00,read,key1,0.619,48,true
2026-04-03T16:41:10.240958-04:00,read,key0,0.573,63,false
2026-04-03T16:41:10.240763-04:00,read,key0,0.788,65,false
2026-04-03T16:41:10.241542-04:00,read,key3,0.599,68,false
2026-04-03T16:41:10.241562-04:00,read,key1,0.647,50,false
2026-04-03T16:41:10.242223-04:00,read,key5,0.585,64,false
2026-04-03T16:41:10.242167-04:00,read,key1,0.663,48,true
2026-04-03T16:41:10.242821-04:00,read,key8,0.604,63,false
2026-04-03T16:41:10.24284-04:00,read,key1,0.705,50,false
2026-04-03T16:41:10.243554-04:00,read,key8,0.476,62,false
2026-04-03T16:41:10.243444-04:00,read,key3,0.605,66,true
2026-04-03T16:41:10.24404-04:00,read,key7,0.592,56,false
2026-04-03T16:41:10.244061-04:00,read,key0,0.590,63,false
2026-04-03T16:41:10.244661-04:00,read,key4,0.560,63,false
2026-04-03T16:41:10.244645-04:00,read,key1,0.598,50,false
2026-04-03T16:41:10.245233-04:00,read,key1,0.647,48,true
2026-04-03T16:41:10.245252-04:00,read,key1,0.627,50,false
2026-04-03T16:41:10.245896-04:00,read,key9,0.497,63,true
2026-04-03T16:41:10.24589-04:00,read,key0,0.508,63,false
2026-04-03T16:41:10.246407-04:00,read,key8,0.428,62,false
2026-04-03T16:41:10.246405-04:00,read,key6,0.446,65,false
2026-04-03T16:41:10.246858-04:00,read,key9,0.416,63,true
2026-04-03T16:41:10.246847-04:00,read,key4,0.444,62,false
2026-04-03T16:41:10.247299-04:00,read,key4,0.438,63,false
2026-04-03T16:41:10.247287-04:00,read,key7,0.464,57,false
2026-04-03T16:41:10.247749-04:00,read,key4,0.467,62,false
2026-04-03T16:41:10.247759-04:00,read,key9,0.471,63,true
2026-04-03T16:41:10.248237-04:00,read,key2,0.472,50,false
2026-04-03T16:41:10.248721-04:00,read,key5,0.362,64,false
2026-04-03T16:41:10.249093-04:00,read,key7,0.343,56,false
2026-04-03T16:41:09.660697-04:00,write,key7,610.674,57,false
2026-04-03T16:41:09.653194-04:00,write,key1,618.210,51,false
2026-04-03T16:41:09.653092-04:00,write,key1,618.279,50,false
2026-04-03T16:41:09.653168-04:00,write,key3,618.203,68,false
2026-04-03T16:41:09.653805-04:00,write,key8,617.609,63,false
2026-04-03T16:41:09.653537-04:00,write,key0,617.833,64,false
2026-04-03T16:41:09.653451-04:00,write,key0,618.166,65,false
2026-04-03T16:41:09.660696-04:00,write,key4,610.926,63,false
2026-04-03T16:41:10.271464-04:00,read,key3,2.956,68,false
2026-04-03T16:41:10.271445-04:00,read,key8,3.008,62,true
2026-04-03T16:41:10.271462-04:00,read,key9,3.006,64,false
2026-04-03T16:41:10.271427-04:00,read,key1,3.208,50,true
2026-04-03T16:41:10.271476-04:00,read,key0,3.214,63,true
2026-04-03T16:41:10.274649-04:00,read,key1,1.043,48,true
2026-04-03T16:41:10.274459-04:00,read,key4,1.288,63,false
2026-04-03T16:41:10.274481-04:00,read,key9,1.252,64,false
2026-04-03T16:41:10.271636-04:00,read,key9,4.106,64,false
2026-04-03T16:41:10.271498-04:00,read,key9,4.239,63,true
2026-04-03T16:41:10.274468-04:00,read,key2,1.503,50,false
2026-04-03T16:41:10.274707-04:00,read,key6,1.274,65,false
2026-04-03T16:41:10.275709-04:00,read,key2,0.655,50,false
2026-04-03T16:41:10.275759-04:00,read,key4,1.107,62,true
2026-04-03T16:41:10.275788-04:00,read,key1,1.161,48,true
2026-04-03T16:41:10.276881-04:00,read,key1,0.916,48,true
2026-04-03T16:41:10.276969-04:00,read,key4,0.823,62,true
2026-04-03T16:41:10.275992-04:00,read,key9,1.834,63,true
2026-04-03T16:41:10.27579-04:00,read,key2,2.039,50,false
2026-04-03T16:41:10.277851-04:00,read,key7,0.796,57,false
2026-04-03T16:41:10.277808-04:00,read,key4,0.863,62,true
2026-04-03T16:41:10.277864-04:00,read,key8,0.809,63,false
2026-04-03T16:41:10.277808-04:00,read,key5,0.893,64,false
2026-04-03T16:41:10.278664-04:00,read,key8,0.543,63,false
2026-04-03T16:41:10.27875-04:00,read,key5,0.463,64,false
2026-04-03T16:41:10.278709-04:00,read,key8,0.518,62,true
2026-04-03T16:41:10.27922-04:00,read,key5,0.406,64,false
2026-04-03T16:41:10.279234-04:00,read,key9,0.605,63,true
2026-04-03T16:41:10.279219-04:00,read,key8,0.635,62,true
2026-04-03T16:41:10.279849-04:00,read,key1,0.570,50,true
2026-04-03T16:41:10.279862-04:00,read,key8,0.576,62,true
2026-04-03T16:41:10.279637-04:00,read,key9,0.801,63,true
2026-04-03T16:41:10.280449-04:00,read,key9,0.431,63,true
2026-04-03T16:41:10.280434-04:00,read,key5,0.459,64,false
2026-04-03T16:41:10.280901-04:00,read,key4,0.327,62,true
2026-04-03T16:41:10.281237-04:00,read,key4,0.340,62,true
2026-04-03T16:41:10.280892-04:00,read,key7,0.726,56,true
2026-04-03T16:41:10.281624-04:00,read,key4,0.424,62,true
2026-04-03T16:41:10.281585-04:00,read,key1,0.463,48,true
2026-04-03T16:41:10.28206-04:00,read,key8,0.415,63,false
2026-04-03T16:41:10.282485-04:00,read,key7,0.334,57,false
2026-04-03T16:41:10.282831-04:00,read,key1,0.406,50,true
2026-04-03T16:41:10.283252-04:00,read,key9,0.308,64,false
2026-04-03T16:41:10.283568-04:00,read,key9,0.282,63,true
2026-04-03T16:41:10.28386-04:00,read,key8,0.303,63,false
2026-04-03T16:41:10.284176-04:00,read,key5,0.312,64,false
2026-04-03T16:41:10.284501-04:00,read,key7,0.328,57,false
2026-04-03T16:41:10.28484-04:00,read,key9,0.342,64,false
2026-04-03T16:41:10.285196-04:00,read,key0,0.337,65,false
2026-04-03T16:41:10.285546-04:00,read,key6,0.315,65,false
2026-04-03T16:41:10.249453-04:00,write,key8,608.516,64,false
2026-04-03T16:41:10.248238-04:00,write,key3,609.754,69,false
2026-04-03T16:41:10.858052-04:00,read,key3,1.439,68,true
2026-04-03T16:41:10.858051-04:00,read,key0,1.469,64,true
2026-04-03T16:41:10.859523-04:00,read,key0,0.855,65,false
2026-04-03T16:41:10.859539-04:00,read,key9,0.839,64,false
2026-04-03T16:41:10.860399-04:00,read,key6,1.108,66,false
2026-04-03T16:41:10.860399-04:00,read,key4,1.215,64,false
2026-04-03T16:41:10.861529-04:00,read,key8,1.144,67,false
2026-04-03T16:41:10.861645-04:00,read,key2,1.063,50,false
2026-04-03T16:41:10.862698-04:00,read,key5,0.783,64,false
2026-04-03T16:41:10.86272-04:00,read,key3,0.789,68,true
2026-04-03T16:41:10.863496-04:00,read,key1,0.770,50,true
2026-04-03T16:41:10.863522-04:00,read,key8,1.548,67,false
2026-04-03T16:41:10.864283-04:00,read,key0,1.399,67,false
2026-04-03T16:41:10.865087-04:00,read,key7,0.927,57,false
2026-04-03T16:41:10.865702-04:00,read,key7,1.148,57,false
2026-04-03T16:41:10.86603-04:00,read,key2,0.854,50,false
2026-04-03T16:41:10.866864-04:00,read,key9,0.865,64,false
2026-04-03T16:41:10.866903-04:00,read,key2,0.909,50,false
2026-04-03T16:41:10.867765-04:00,read,key7,1.013,57,false
2026-04-03T16:41:10.867824-04:00,read,key3,0.991,69,false
2026-04-03T16:41:10.868795-04:00,read,key1,0.955,50,true
2026-04-03T16:41:10.868828-04:00,read,key6,0.959,66,false
2026-04-03T16:41:10.869774-04:00,read,key2,1.101,50,false
2026-04-03T16:41:10.869798-04:00,read,key8,1.113,67,false
2026-04-03T16:41:10.87089-04:00,read,key6,1.043,65,false
2026-04-03T16:41:10.870941-04:00,read,key6,0.995,66,false
2026-04-03T16:41:10.871947-04:00,read,key8,1.192,63,true
2026-04-03T16:41:10.871948-04:00,read,key5,1.236,65,false
2026-04-03T16:41:10.87316-04:00,read,key9,0.898,64,false
2026-04-03T16:41:10.873195-04:00,read,key4,0.896,64,false
2026-04-03T16:41:10.874072-04:00,read,key9,0.775,64,false
2026-04-03T16:41:10.874103-04:00,read,key0,0.790,65,false
2026-04-03T16:41:10.874862-04:00,read,key7,0.513,57,false
2026-04-03T16:41:10.874904-04:00,read,key0,0.518,64,true
2026-04-03T16:41:10.875432-04:00,read,key9,0.471,64,false
2026-04-03T16:41:10.875914-04:00,read,key9,0.548,64,false
2026-04-03T16:41:10.876474-04:00,read,key6,0.341,65,false
2026-04-03T16:41:10.876825-04:00,read,key5,0.438,65,false
2026-04-03T16:41:10.877274-04:00,read,key1,0.340,50,true
2026-04-03T16:41:10.877622-04:00,read,key0,0.378,67,false
2026-04-03T16:41:10.87801-04:00,read,key9,0.409,64,false
2026-04-03T16:41:10.87843-04:00,read,key0,0.328,65,false
2026-04-03T16:41:10.878768-04:00,read,key6,0.416,66,false
2026-04-03T16:41:10.879195-04:00,read,key7,0.328,57,false
2026-04-03T16:41:10.278691-04:00,write,key8,610.395,66,false
2026-04-03T16:41:10.280455-04:00,write,key0,608.680,67,false
2026-04-03T16:41:10.276378-04:00,write,key0,612.774,66,false
2026-04-03T16:41:10.275769-04:00,write,key4,613.415,64,false
2026-04-03T16:41:10.271653-04:00,write,key6,617.492,66,false
2026-04-03T16:41:10.275997-04:00,write,key8,613.231,65,false
2026-04-03T16:41:10.282072-04:00,write,key8,607.478,67,false
2026-04-03T16:41:10.889201-04:00,read,key7,1.022,57,false
2026-04-03T16:41:10.889194-04:00,read,key1,1.046,50,true
2026-04-03T16:41:10.889143-04:00,read,key3,1.158,68,true
2026-04-03T16:41:10.889148-04:00,read,key2,1.293,50,false
2026-04-03T16:41:10.889243-04:00,read,key0,1.225,67,false
2026-04-03T16:41:10.285878-04:00,write,key5,605.944,65,false
2026-04-03T16:41:10.890243-04:00,read,key7,1.738,57,false
2026-04-03T16:41:10.890319-04:00,read,key3,1.686,68,true
2026-04-03T16:41:10.890452-04:00,read,key1,2.204,50,true
2026-04-03T16:41:10.889559-04:00,read,key0,3.126,67,false
2026-04-03T16:41:10.89048-04:00,read,key6,2.194,65,true
2026-04-03T16:41:10.89185-04:00,read,key6,1.062,65,true
2026-04-03T16:41:10.892016-04:00,read,key0,0.902,64,true
2026-04-03T16:41:10.891993-04:00,read,key9,0.919,64,false
2026-04-03T16:41:10.892669-04:00,read,key0,0.791,67,false
2026-04-03T16:41:10.892694-04:00,read,key9,0.796,64,false
2026-04-03T16:41:10.892695-04:00,read,key1,0.797,50,true
2026-04-03T16:41:10.892921-04:00,read,key8,0.559,63,true
2026-04-03T16:41:10.892926-04:00,read,key4,0.588,63,true
2026-04-03T16:41:10.89293-04:00,read,key8,0.775,63,true
2026-04-03T16:41:10.893474-04:00,read,key0,0.396,67,false
2026-04-03T16:41:10.893498-04:00,read,key6,0.524,66,false
2026-04-03T16:41:10.893501-04:00,read,key3,0.520,69,false
2026-04-03T16:41:10.893524-04:00,read,key5,0.509,64,true
2026-04-03T16:41:10.893711-04:00,read,key7,0.525,57,false
2026-04-03T16:41:10.894029-04:00,read,key3,0.371,69,false
2026-04-03T16:41:10.893878-04:00,read,key0,0.675,67,false
2026-04-03T16:41:10.89404-04:00,read,key8,0.556,67,false
2026-04-03T16:41:10.894245-04:00,read,key7,0.576,57,false
2026-04-03T16:41:10.894408-04:00,read,key2,0.448,50,false
2026-04-03T16:41:10.894563-04:00,read,key4,0.545,63,true
2026-04-03T16:41:10.894621-04:00,read,key1,0.705,50,true
2026-04-03T16:41:10.894861-04:00,read,key4,0.524,63,true
2026-04-03T16:41:10.894036-04:00,read,key9,1.455,64,false
2026-04-03T16:41:10.894837-04:00,read,key0,0.686,65,true
2026-04-03T16:41:10.895336-04:00,read,key9,0.414,64,false
2026-04-03T16:41:10.895118-04:00,read,key0,0.774,65,true
2026-04-03T16:41:10.895518-04:00,read,key4,0.485,64,false
2026-04-03T16:41:10.895541-04:00,read,key9,0.469,64,false
2026-04-03T16:41:10.895757-04:00,read,key3,0.697,68,true
2026-04-03T16:41:10.8959-04:00,read,key7,0.567,57,false
2026-04-03T16:41:10.896009-04:00,read,key3,0.589,69,false
2026-04-03T16:41:10.896017-04:00,read,key8,0.587,67,false
2026-04-03T16:41:10.895392-04:00,read,key5,1.202,64,true
2026-04-03T16:41:10.89661-04:00,read,key5,0.374,65,false
2026-04-03T16:41:10.896483-04:00,read,key3,0.518,69,false
2026-04-03T16:41:10.896479-04:00,read,key4,0.568,63,true
2026-04-03T16:41:10.896622-04:00,read,key5,0.602,65,false
2026-04-03T16:41:10.896996-04:00,read,key1,0.461,50,true
2026-04-03T16:41:10.897053-04:00,read,key8,0.396,63,true
2026-04-03T16:41:10.897009-04:00,read,key0,0.482,67,false
2026-04-03T16:41:10.897496-04:00,read,key0,0.261,67,false
2026-04-03T16:41:10.897467-04:00,read,key6,0.311,65,true
2026-04-03T16:41:10.897466-04:00,read,key9,0.355,64,false
2026-04-03T16:41:10.897232-04:00,read,key9,0.647,64,false
2026-04-03T16:41:10.897785-04:00,read,key4,0.391,64,false
2026-04-03T16:41:10.897766-04:00,read,key8,0.504,67,false
2026-04-03T16:41:10.897885-04:00,read,key7,0.438,57,false
2026-04-03T16:41:10.897828-04:00,read,key6,0.605,66,false
2026-04-03T16:41:10.898184-04:00,read,key7,0.369,57,false
2026-04-03T16:41:10.89829-04:00,read,key7,0.479,57,false
2026-04-03T16:41:10.89833-04:00,read,key5,0.480,65,false
2026-04-03T16:41:10.89844-04:00,read,key5,0.414,64,true
2026-04-03T16:41:10.89856-04:00,read,key8,0.361,67,false
2026-04-03T16:41:10.89886-04:00,read,key4,0.327,64,false
2026-04-03T16:41:10.898817-04:00,read,key7,0.412,57,false
2026-04-03T16:41:10.898928-04:00,read,key4,0.414,64,false
2026-04-03T16:41:10.899347-04:00,read,key6,0.257,65,true
2026-04-03T16:41:10.899235-04:00,read,key1,0.370,50,true
2026-04-03T16:41:10.899196-04:00,read,key0,0.417,64,true
2026-04-03T16:41:10.899611-04:00,read,key7,0.338,57,false
2026-04-03T16:41:10.899613-04:00,read,key3,0.345,69,false
2026-04-03T16:41:10.899619-04:00,read,key4,0.470,63,true
2026-04-03T16:41:10.899965-04:00,read,key8,0.419,67,false
2026-04-03T16:41:10.899959-04:00,read,key7,0.454,57,false
2026-04-03T16:41:10.900419-04:00,read,key4,0.215,63,true
2026-04-03T16:41:10.900392-04:00,read,key3,0.365,68,true
2026-04-03T16:41:10.900647-04:00,read,key4,0.326,63,true
2026-04-03T16:41:10.900764-04:00,read,key4,0.270,63,true
2026-04-03T16:41:10.90104-04:00,read,key9,0.257,64,false
2026-04-03T16:41:10.90098-04:00,read,key1,0.356,50,true
2026-04-03T16:41:10.875407-04:00,write,key9,606.867,65,false
2026-04-03T16:41:11.482359-04:00,read,key3,1.437,69,false
2026-04-03T16:41:10.879544-04:00,write,key5,605.477,66,false
2026-04-03T16:41:11.483833-04:00,read,key9,1.847,66,false
2026-04-03T16:41:11.485702-04:00,read,key3,0.947,69,false
2026-04-03T16:41:11.48505-04:00,read,key3,1.633,69,false
2026-04-03T16:41:11.486671-04:00,read,key7,0.975,57,false
2026-04-03T16:41:11.486698-04:00,read,key4,1.102,65,false
2026-04-03T16:41:11.487667-04:00,read,key4,0.935,64,false
2026-04-03T16:41:11.48862-04:00,read,key0,0.995,68,false
2026-04-03T16:41:11.489631-04:00,read,key3,0.795,69,false
2026-04-03T16:41:11.490439-04:00,read,key4,0.841,65,false
2026-04-03T16:41:11.491296-04:00,read,key9,0.841,64,true
2026-04-03T16:41:11.492152-04:00,read,key7,0.841,58,false
2026-04-03T16:41:11.493008-04:00,read,key5,0.787,66,false
2026-04-03T16:41:11.493808-04:00,read,key6,0.690,66,false
2026-04-03T16:41:11.49451-04:00,read,key3,1.008,69,false
2026-04-03T16:41:11.49554-04:00,read,key8,0.725,68,false
2026-04-03T16:41:11.496277-04:00,read,key8,0.718,67,false
2026-04-03T16:41:11.497005-04:00,read,key9,0.668,64,true
2026-04-03T16:41:10.889247-04:00,write,key7,610.454,58,false
2026-04-03T16:41:10.890262-04:00,write,key2,609.496,51,false
2026-04-03T16:41:10.89353-04:00,write,key0,606.931,68,false
2026-04-03T16:41:11.49977-04:00,read,key8,1.768,67,false
2026-04-03T16:41:10.896611-04:00,write,key1,604.886,52,false
2026-04-03T16:41:11.50054-04:00,read,key2,1.634,50,true
2026-04-03T16:41:11.499717-04:00,read,key7,2.490,57,true
2026-04-03T16:41:11.501553-04:00,read,key7,1.332,58,false
2026-04-03T16:41:11.502189-04:00,read,key9,0.772,66,false
2026-04-03T16:41:11.502217-04:00,read,key1,0.981,52,false
2026-04-03T16:41:11.502896-04:00,read,key5,0.559,65,true
2026-04-03T16:41:11.50321-04:00,read,key5,0.658,66,false
2026-04-03T16:41:11.503465-04:00,read,key5,0.506,65,true
2026-04-03T16:41:11.503876-04:00,read,key9,0.493,66,false
2026-04-03T16:41:11.503977-04:00,read,key1,0.541,52,false
2026-04-03T16:41:11.504376-04:00,read,key6,0.353,66,false
2026-04-03T16:41:11.504525-04:00,read,key5,0.359,66,false
2026-04-03T16:41:11.504892-04:00,read,key6,0.411,66,false
2026-04-03T16:41:11.505311-04:00,read,key6,0.321,66,false
2026-04-03T16:41:11.505639-04:00,read,key1,0.329,50,true
2026-04-03T16:41:10.901345-04:00,write,key8,605.103,69,false
2026-04-03T16:41:10.898781-04:00,write,key4,607.697,65,false
2026-04-03T16:41:11.505976-04:00,read,key1,0.572,52,false
2026-04-03T16:41:10.901309-04:00,write,key8,605.230,68,false
2026-04-03T16:41:10.900099-04:00,write,key9,606.542,66,false
2026-04-03T16:41:11.506485-04:00,read,key5,0.697,66,false
2026-04-03T16:41:11.506458-04:00,read,key0,0.820,67,true
2026-04-03T16:41:11.506554-04:00,read,key6,0.737,66,false
2026-04-03T16:41:11.507287-04:00,read,key1,0.416,50,true
2026-04-03T16:41:11.507302-04:00,read,key4,0.494,64,true
2026-04-03T16:41:11.507711-04:00,read,key6,0.456,66,false
2026-04-03T16:41:11.506657-04:00,read,key1,1.570,50,true
2026-04-03T16:41:11.507804-04:00,read,key6,0.538,66,false
2026-04-03T16:41:11.506562-04:00,read,key8,1.895,67,true
2026-04-03T16:41:11.50825-04:00,read,key1,0.660,50,true
2026-04-03T16:41:11.508178-04:00,read,key3,0.749,69,false
2026-04-03T16:41:11.508474-04:00,read,key3,0.923,69,false
2026-04-03T16:41:11.508922-04:00,read,key4,0.485,65,false
2026-04-03T16:41:11.508934-04:00,read,key0,0.496,67,true
2026-04-03T16:41:11.508351-04:00,read,key7,1.331,57,true
2026-04-03T16:41:11.509408-04:00,read,key7,0.363,57,true
2026-04-03T16:41:11.509418-04:00,read,key8,0.380,69,false
2026-04-03T16:41:11.509439-04:00,read,key0,0.417,67,true
2026-04-03T16:41:11.509804-04:00,read,key8,0.417,69,false
2026-04-03T16:41:11.509689-04:00,read,key9,0.538,64,true
2026-04-03T16:41:11.509777-04:00,read,key6,0.458,66,false
2026-04-03T16:41:11.510229-04:00,read,key0,0.428,68,false
2026-04-03T16:41:11.510243-04:00,read,key1,0.436,52,false
2026-04-03T16:41:11.509863-04:00,read,key3,0.808,69,false
2026-04-03T16:41:11.510667-04:00,read,key9,0.358,66,false
2026-04-03T16:41:11.510692-04:00,read,key3,0.344,69,false
2026-04-03T16:41:11.51069-04:00,read,key1,0.418,52,false
2026-04-03T16:41:11.510258-04:00,read,key9,1.123,66,false
2026-04-03T16:41:11.511032-04:00,read,key2,0.370,50,true
2026-04-03T16:41:11.511043-04:00,read,key1,0.391,52,false
2026-04-03T16:41:11.511115-04:00,read,key7,0.466,57,true
2026-04-03T16:41:11.511389-04:00,read,key6,0.370,66,false
2026-04-03T16:41:11.511442-04:00,read,key7,0.343,57,true
2026-04-03T16:41:11.51141-04:00,read,key5,0.387,65,true
2026-04-03T16:41:11.511791-04:00,read,key9,0.479,66,false
2026-04-03T16:41:11.511803-04:00,read,key5,0.499,66,false
2026-04-03T16:41:11.511776-04:00,read,key8,0.529,69,false
2026-04-03T16:41:11.512279-04:00,read,key3,0.335,69,false
2026-04-03T16:41:11.512309-04:00,read,key9,0.383,66,false
2026-04-03T16:41:11.51231-04:00,read,key8,0.462,68,true
2026-04-03T16:41:11.512779-04:00,read,key7,0.264,57,true
2026-04-03T16:41:11.512698-04:00,read,key7,0.377,57,true
2026-04-03T16:41:11.512621-04:00,read,key4,0.458,65,false
2026-04-03T16:41:11.51305-04:00,read,key1,0.384,50,true
2026-04-03T16:41:11.513081-04:00,read,key6,0.424,66,false
2026-04-03T16:41:11.513096-04:00,read,key1,0.456,52,false
2026-04-03T16:41:11.513442-04:00,read,key1,0.343,52,false
2026-04-03T16:41:11.513511-04:00,read,key1,0.327,52,false
2026-04-03T16:41:11.513827-04:00,read,key4,0.373,65,false
2026-04-03T16:41:11.513844-04:00,read,key7,0.367,58,false
2026-04-03T16:41:11.514218-04:00,read,key5,0.391,65,true
2026-04-03T16:41:11.514207-04:00,read,key2,0.406,50,true
2026-04-03T16:41:11.514615-04:00,read,key4,0.325,64,true
2026-04-03T16:41:11.514619-04:00,read,key7,0.421,58,false
2026-04-03T16:41:11.514946-04:00,read,key0,0.366,67,true
2026-04-03T16:41:11.515049-04:00,read,key5,0.268,65,true
2026-04-03T16:41:11.515319-04:00,read,key6,0.303,66,false
2026-04-03T16:41:11.515323-04:00,read,key3,0.301,69,false
2026-04-03T16:41:11.515629-04:00,read,key3,0.289,69,false
2026-04-03T16:41:11.515632-04:00,read,key4,0.290,64,true
2026-04-03T16:41:11.515925-04:00,read,key0,0.295,67,true
2026-04-03T16:41:11.515928-04:00,read,key8,0.303,68,true
2026-04-03T16:41:11.516237-04:00,read,key6,0.224,66,false
2026-04-03T16:41:11.516472-04:00,read,key8,0.244,69,false
2026-04-03T16:41:11.516724-04:00,read,key6,0.234,66,false
2026-04-03T16:41:11.516964-04:00,read,key6,0.332,66,false
2026-04-03T16:41:11.487838-04:00,write,key9,611.993,67,false
2026-04-03T16:41:12.099922-04:00,read,key5,1.560,68,false
2026-04-03T16:41:12.101523-04:00,read,key7,1.297,58,false
2026-04-03T16:41:12.102846-04:00,read,key8,1.061,70,false
2026-04-03T16:41:12.103928-04:00,read,key5,1.031,68,false
2026-04-03T16:41:12.104981-04:00,read,key6,0.897,66,false
2026-04-03T16:41:11.497692-04:00,write,key0,608.980,69,false
2026-04-03T16:41:12.105894-04:00,read,key6,1.095,66,false
2026-04-03T16:41:12.106696-04:00,read,key8,1.437,68,true
2026-04-03T16:41:12.107006-04:00,read,key4,1.171,65,false
2026-04-03T16:41:12.108196-04:00,read,key3,0.882,69,false
2026-04-03T16:41:12.108152-04:00,read,key2,1.052,51,false
2026-04-03T16:41:11.501573-04:00,write,key4,608.797,66,false
2026-04-03T16:41:12.109216-04:00,read,key4,1.250,65,true
2026-04-03T16:41:11.502975-04:00,write,key0,607.468,70,false
2026-04-03T16:41:12.110478-04:00,read,key9,2.146,67,false
2026-04-03T16:41:12.110389-04:00,read,key2,2.282,52,false
2026-04-03T16:41:12.110505-04:00,read,key2,2.167,51,false
2026-04-03T16:41:12.112646-04:00,read,key0,1.048,71,false
2026-04-03T16:41:12.112687-04:00,read,key8,1.051,70,false
2026-04-03T16:41:12.113755-04:00,read,key5,1.087,68,false
2026-04-03T16:41:12.113711-04:00,read,key2,1.163,51,false
2026-04-03T16:41:12.114886-04:00,read,key5,0.790,68,false
2026-04-03T16:41:12.114856-04:00,read,key4,0.858,65,true
2026-04-03T16:41:12.115732-04:00,read,key7,0.846,58,false
2026-04-03T16:41:12.11569-04:00,read,key7,0.910,58,false
2026-04-03T16:41:12.11659-04:00,read,key7,0.513,58,false
2026-04-03T16:41:12.11661-04:00,read,key0,0.495,71,false
2026-04-03T16:41:11.504741-04:00,write,key5,612.677,67,false
2026-04-03T16:41:11.507201-04:00,write,key0,610.386,71,false
2026-04-03T16:41:11.511593-04:00,write,key5,606.056,68,false
2026-04-03T16:41:11.513562-04:00,write,key8,604.135,70,false
2026-04-03T16:41:12.117111-04:00,read,key9,1.063,66,true
2026-04-03T16:41:12.117112-04:00,read,key0,1.249,68,true
2026-04-03T16:41:12.117665-04:00,read,key0,0.894,68,true
2026-04-03T16:41:12.117428-04:00,read,key0,1.549,68,true
2026-04-03T16:41:12.118196-04:00,read,key5,0.800,66,true
2026-04-03T16:41:12.118373-04:00,read,key2,0.678,52,false
2026-04-03T16:41:12.119006-04:00,read,key0,0.750,71,false
2026-04-03T16:41:12.118568-04:00,read,key3,1.286,69,false
2026-04-03T16:41:12.119006-04:00,read,key3,0.872,69,false
2026-04-03T16:41:12.117714-04:00,read,key0,2.186,68,true
2026-04-03T16:41:12.119057-04:00,read,key9,0.849,67,false
2026-04-03T16:41:12.119885-04:00,read,key6,0.480,66,false
2026-04-03T16:41:12.119914-04:00,read,key8,0.549,70,false
2026-04-03T16:41:12.119866-04:00,read,key1,0.629,52,false
2026-04-03T16:41:12.119769-04:00,read,key9,0.800,67,false
2026-04-03T16:41:12.119909-04:00,read,key6,0.917,66,false
2026-04-03T16:41:12.120377-04:00,read,key5,0.548,66,true
2026-04-03T16:41:12.120508-04:00,read,key8,0.457,70,false
2026-04-03T16:41:12.120471-04:00,read,key6,0.500,66,false
2026-04-03T16:41:12.120581-04:00,read,key8,0.446,70,false
2026-04-03T16:41:12.120936-04:00,read,key9,0.650,67,false
2026-04-03T16:41:12.120979-04:00,read,key5,0.615,66,true
2026-04-03T16:41:12.121033-04:00,read,key7,0.629,58,false
2026-04-03T16:41:12.121597-04:00,read,key7,0.640,58,false
2026-04-03T16:41:12.121669-04:00,read,key1,0.595,52,false
2026-04-03T16:41:11.516229-04:00,write,key4,606.054,67,false
2026-04-03T16:41:12.121602-04:00,read,key1,0.662,52,false
2026-04-03T16:41:11.517305-04:00,write,key2,605.253,52,false
2026-04-03T16:41:12.122303-04:00,read,key8,0.516,70,false
2026-04-03T16:41:12.12225-04:00,read,key9,0.617,67,false
2026-04-03T16:41:12.122564-04:00,read,key9,0.406,67,false
2026-04-03T16:41:12.122274-04:00,read,key4,0.711,65,true
2026-04-03T16:41:12.122992-04:00,read,key7,0.482,58,false
2026-04-03T16:41:12.122876-04:00,read,key1,0.599,52,false
2026-04-03T16:41:12.122978-04:00,read,key2,0.653,52,false
2026-04-03T16:41:12.123488-04:00,read,key8,0.486,69,true
2026-04-03T16:41:12.123498-04:00,read,key3,0.527,69,false
2026-04-03T16:41:12.123637-04:00,read,key9,0.623,66,true
2026-04-03T16:41:12.123985-04:00,read,key6,0.420,66,false
2026-04-03T16:41:12.124413-04:00,read,key3,0.406,69,false
2026-04-03T16:41:12.124271-04:00,read,key3,0.554,69,false
2026-04-03T16:41:12.12483-04:00,read,key7,0.659,58,false
2026-04-03T16:41:12.125499-04:00,read,key3,0.358,69,false
2026-04-03T16:41:12.125866-04:00,read,key8,0.465,69,true
2026-04-03T16:41:12.126339-04:00,read,key1,0.274,52,false
2026-04-03T16:41:12.126621-04:00,read,key3,0.252,69,false
2026-04-03T16:41:12.126879-04:00,read,key4,0.309,65,true
2026-04-03T16:41:12.127195-04:00,read,key2,0.263,52,false
2026-04-03T16:41:12.127465-04:00,read,key1,0.274,52,false
2026-04-03T16:41:12.127746-04:00,read,key1,0.283,52,false
2026-04-03T16:41:12.128035-04:00,read,key8,0.311,68,true
2026-04-03T16:41:12.128353-04:00,read,key9,0.287,66,true
2026-04-03T16:41:12.128647-04:00,read,key7,0.263,58,false
2026-04-03T16:41:12.128915-04:00,read,key1,0.294,52,false
2026-04-03T16:41:12.129216-04:00,read,key8,0.255,68,true
2026-04-03T16:41:12.129477-04:00,read,key9,0.255,67,false
2026-04-03T16:41:12.129738-04:00,read,key1,0.299,52,false
2026-04-03T16:41:12.130044-04:00,read,key1,0.301,52,false
2026-04-03T16:41:12.130352-04:00,read,key1,0.268,52,false
2026-04-03T16:41:12.130627-04:00,read,key4,0.260,67,false
2026-04-03T16:41:12.130893-04:00,read,key7,0.275,58,false
2026-04-03T16:41:12.131176-04:00,read,key7,0.267,58,false
2026-04-03T16:41:12.131449-04:00,read,key8,0.261,68,true
2026-04-03T16:41:12.131716-04:00,read,key2,0.235,52,false
2026-04-03T16:41:12.131958-04:00,read,key9,0.284,67,false
2026-04-03T16:41:12.132249-04:00,read,key2,0.234,52,false
2026-04-03T16:41:12.132489-04:00,read,key1,0.246,52,false
2026-04-03T16:41:12.132741-04:00,read,key3,0.232,69,false
2026-04-03T16:41:12.132979-04:00,read,key0,0.223,68,true
2026-04-03T16:41:12.133209-04:00,read,key1,0.232,52,false
2026-04-03T16:41:12.133447-04:00,read,key0,0.223,71,false
2026-04-03T16:41:12.133676-04:00,read,key2,0.243,51,true
2026-04-03T16:41:12.133932-04:00,read,key4,0.287,67,false
2026-04-03T16:41:12.109111-04:00,write,key5,606.703,69,false
2026-04-03T16:41:12.715893-04:00,read,key5,1.939,71,false
2026-04-03T16:41:12.112696-04:00,write,key6,606.662,67,false
2026-04-03T16:41:12.717868-04:00,read,key0,1.816,72,false
2026-04-03T16:41:12.719386-04:00,read,key1,0.651,52,false
2026-04-03T16:41:12.7197-04:00,read,key1,0.696,52,false
2026-04-03T16:41:12.720411-04:00,read,key9,0.798,68,false
2026-04-03T16:41:12.721226-04:00,read,key7,0.582,59,false
2026-04-03T16:41:12.117636-04:00,write,key5,606.861,70,false
2026-04-03T16:41:12.72451-04:00,read,key5,1.070,71,false
2026-04-03T16:41:12.725592-04:00,read,key4,0.673,67,false
2026-04-03T16:41:12.726276-04:00,read,key7,0.431,58,false
2026-04-03T16:41:12.726716-04:00,read,key2,0.357,53,false
2026-04-03T16:41:12.727081-04:00,read,key9,0.324,68,false
2026-04-03T16:41:12.727413-04:00,read,key0,0.436,72,false
2026-04-03T16:41:12.122298-04:00,write,key2,606.054,53,false
2026-04-03T16:41:12.727861-04:00,read,key6,0.532,66,true
2026-04-03T16:41:12.120844-04:00,write,key6,607.568,68,false
2026-04-03T16:41:12.120993-04:00,write,key4,607.472,68,false
2026-04-03T16:41:12.72849-04:00,read,key4,0.550,67,true
2026-04-03T16:41:12.728428-04:00,read,key9,0.665,68,false
2026-04-03T16:41:12.728362-04:00,read,key2,0.766,53,false
2026-04-03T16:41:12.728452-04:00,read,key6,0.688,68,false
2026-04-03T16:41:12.7291-04:00,read,key0,0.390,72,false
2026-04-03T16:41:12.729139-04:00,read,key1,0.366,52,false
2026-04-03T16:41:12.729198-04:00,read,key8,0.327,70,false
2026-04-03T16:41:12.729054-04:00,read,key0,0.654,71,false
2026-04-03T16:41:12.729527-04:00,read,key1,0.429,52,false
2026-04-03T16:41:12.729501-04:00,read,key8,0.472,70,false
2026-04-03T16:41:12.72954-04:00,read,key2,0.449,52,true
2026-04-03T16:41:12.729716-04:00,read,key0,0.489,71,false
2026-04-03T16:41:12.122833-04:00,write,key0,607.420,72,false
2026-04-03T16:41:12.729983-04:00,read,key7,0.612,58,false
2026-04-03T16:41:12.729965-04:00,read,key1,0.876,52,false
2026-04-03T16:41:12.729997-04:00,read,key0,1.126,71,true
2026-04-03T16:41:12.730604-04:00,read,key4,0.531,67,true
2026-04-03T16:41:12.730276-04:00,read,key7,0.878,59,false
2026-04-03T16:41:12.73085-04:00,read,key5,0.411,71,false
2026-04-03T16:41:12.731132-04:00,read,key7,0.302,58,false
2026-04-03T16:41:12.731143-04:00,read,key2,0.410,53,false
2026-04-03T16:41:12.731268-04:00,read,key8,0.356,70,false
2026-04-03T16:41:12.73144-04:00,read,key2,0.329,52,true
2026-04-03T16:41:12.731161-04:00,read,key2,0.655,52,true
2026-04-03T16:41:12.731562-04:00,read,key7,0.332,59,false
2026-04-03T16:41:12.731631-04:00,read,key0,0.631,71,true
2026-04-03T16:41:12.731905-04:00,read,key4,0.546,67,true
2026-04-03T16:41:12.731779-04:00,read,key0,0.674,72,false
2026-04-03T16:41:12.73229-04:00,read,key4,0.449,67,true
2026-04-03T16:41:12.732461-04:00,read,key6,0.425,68,false
2026-04-03T16:41:12.732459-04:00,read,key7,0.444,58,false
2026-04-03T16:41:12.732893-04:00,read,key9,0.291,68,false
2026-04-03T16:41:12.732748-04:00,read,key8,0.450,70,false
2026-04-03T16:41:12.124038-04:00,write,key9,609.344,68,false
2026-04-03T16:41:12.12484-04:00,write,key7,608.553,59,false
2026-04-03T16:41:12.733192-04:00,read,key0,0.362,71,true
2026-04-03T16:41:12.733205-04:00,read,key7,0.573,59,false
2026-04-03T16:41:12.733388-04:00,read,key9,0.583,67,true
2026-04-03T16:41:12.732911-04:00,read,key6,1.068,68,false
2026-04-03T16:41:12.733399-04:00,read,key6,0.573,66,true
2026-04-03T16:41:12.733787-04:00,read,key1,0.371,52,false
2026-04-03T16:41:12.733979-04:00,read,key8,0.382,70,false
2026-04-03T16:41:12.733988-04:00,read,key7,0.412,59,false
2026-04-03T16:41:12.734003-04:00,read,key5,0.478,71,false
2026-04-03T16:41:12.734165-04:00,read,key2,0.351,53,false
2026-04-03T16:41:12.734407-04:00,read,key7,0.367,58,true
2026-04-03T16:41:12.734487-04:00,read,key0,0.287,71,true
2026-04-03T16:41:12.734795-04:00,read,key5,0.292,68,true
2026-04-03T16:41:12.734782-04:00,read,key0,0.307,72,false
2026-04-03T16:41:12.735095-04:00,read,key2,0.390,53,false
2026-04-03T16:41:12.735096-04:00,read,key3,0.390,69,false
2026-04-03T16:41:12.735494-04:00,read,key7,0.278,59,false
2026-04-03T16:41:12.735505-04:00,read,key1,0.283,52,false
2026-04-03T16:41:12.73578-04:00,read,key0,0.293,71,true
2026-04-03T16:41:12.735795-04:00,read,key6,0.487,66,true
2026-04-03T16:41:12.736081-04:00,read,key6,0.268,66,true
2026-04-03T16:41:12.736289-04:00,read,key7,0.223,58,true
2026-04-03T16:41:12.736357-04:00,read,key3,0.261,69,false
2026-04-03T16:41:12.736521-04:00,read,key6,0.280,68,false
2026-04-03T16:41:12.736625-04:00,read,key8,0.242,70,false
2026-04-03T16:41:12.736809-04:00,read,key7,0.212,59,false
2026-04-03T16:41:12.736874-04:00,read,key3,0.288,69,false
2026-04-03T16:41:12.737027-04:00,read,key7,0.264,59,false
2026-04-03T16:41:12.737169-04:00,read,key9,0.272,67,true
2026-04-03T16:41:12.737298-04:00,read,key9,0.237,68,false
2026-04-03T16:41:12.737447-04:00,read,key9,0.281,68,false
2026-04-03T16:41:12.737541-04:00,read,key3,0.287,69,false
2026-04-03T16:41:12.737735-04:00,read,key7,0.235,59,false
2026-04-03T16:41:12.737834-04:00,read,key5,0.271,71,false
2026-04-03T16:41:12.737976-04:00,read,key4,0.305,68,false
2026-04-03T16:41:12.738112-04:00,read,key7,0.289,59,false
2026-04-03T16:41:12.738409-04:00,read,key6,0.231,66,true
2026-04-03T16:41:12.738647-04:00,read,key9,0.304,67,true
2026-04-03T16:41:12.738958-04:00,read,key5,0.335,71,false
2026-04-03T16:41:12.739301-04:00,read,key9,0.239,68,false
2026-04-03T16:41:12.13423-04:00,write,key5,607.078,71,false
2026-04-03T16:41:12.741316-04:00,read,key5,0.244,68,true
2026-04-03T16:41:12.741567-04:00,read,key7,0.236,59,false
2026-04-03T16:41:12.74181-04:00,read,key2,0.228,53,false
2026-04-03T16:41:12.742044-04:00,read,key3,0.266,69,false
2026-04-03T16:41:12.742317-04:00,read,key2,0.225,53,false
2026-04-03T16:41:12.742549-04:00,read,key1,0.206,52,false
2026-04-03T16:41:12.742761-04:00,read,key0,0.258,71,true
2026-04-03T16:41:12.743035-04:00,read,key6,0.265,66,true
2026-04-03T16:41:12.743307-04:00,read,key2,0.237,53,false
2026-04-03T16:41:12.743551-04:00,read,key3,0.224,69,false
2026-04-03T16:41:12.743781-04:00,read,key3,0.257,69,false
2026-04-03T16:41:12.744053-04:00,read,key7,0.233,59,false
2026-04-03T16:41:12.744292-04:00,read,key6,0.226,66,true
2026-04-03T16:41:12.744524-04:00,read,key5,0.233,71,false
2026-04-03T16:41:12.744764-04:00,read,key0,0.269,72,false
2026-04-03T16:41:12.745047-04:00,read,key9,0.228,67,true
2026-04-03T16:41:12.745282-04:00,read,key4,0.216,68,false
2026-04-03T16:41:12.745504-04:00,read,key9,0.224,68,false
2026-04-03T16:41:12.745743-04:00,read,key7,0.292,58,true
2026-04-03T16:41:12.746052-04:00,read,key1,0.201,52,false
2026-04-03T16:41:12.74626-04:00,read,key7,0.245,58,true
2026-04-03T16:41:12.746512-04:00,read,key0,0.214,71,true
2026-04-03T16:41:12.746732-04:00,read,key0,0.222,72,false
2026-04-03T16:41:12.74696-04:00,read,key0,0.267,71,true
2026-04-03T16:41:12.747233-04:00,read,key1,0.193,52,false
2026-04-03T16:41:12.747433-04:00,read,key2,0.231,53,false
2026-04-03T16:41:12.74767-04:00,read,key0,0.225,72,false
2026-04-03T16:41:12.720072-04:00,write,key4,613.841,69,false
2026-04-03T16:41:12.721824-04:00,write,key4,612.147,70,false
2026-04-03T16:41:13.334004-04:00,read,key4,1.783,68,true
2026-04-03T16:41:13.333989-04:00,read,key4,1.860,68,true
2026-04-03T16:41:12.730243-04:00,write,key1,606.414,53,false
2026-04-03T16:41:13.336685-04:00,read,key6,2.282,68,false
2026-04-03T16:41:13.335883-04:00,read,key8,3.154,70,false
2026-04-03T16:41:12.731829-04:00,write,key8,607.213,71,false
2026-04-03T16:41:13.339058-04:00,read,key7,1.724,59,false
2026-04-03T16:41:12.733565-04:00,write,key1,607.461,54,false
2026-04-03T16:41:13.339001-04:00,read,key2,2.115,53,false
2026-04-03T16:41:12.734375-04:00,write,key4,606.729,71,false
2026-04-03T16:41:13.341158-04:00,read,key9,1.503,69,false
2026-04-03T16:41:13.341133-04:00,read,key8,1.600,70,true
2026-04-03T16:41:12.734527-04:00,write,key0,608.977,73,false
2026-04-03T16:41:13.340804-04:00,read,key6,4.218,68,false
2026-04-03T16:41:13.341047-04:00,read,key4,4.010,71,false
2026-04-03T16:41:13.342683-04:00,read,key2,3.541,53,false
2026-04-03T16:41:13.342755-04:00,read,key8,4.342,70,true
2026-04-03T16:41:13.345074-04:00,read,key7,3.488,59,false
2026-04-03T16:41:13.346257-04:00,read,key3,2.311,69,false
2026-04-03T16:41:12.73955-04:00,write,key9,609.031,69,false
2026-04-03T16:41:12.738291-04:00,write,key3,611.147,70,false
2026-04-03T16:41:13.343546-04:00,read,key1,5.875,52,true
2026-04-03T16:41:13.347116-04:00,read,key0,3.764,74,false
2026-04-03T16:41:13.349482-04:00,read,key4,4.360,68,true
2026-04-03T16:41:13.345044-04:00,read,key2,8.843,53,false
2026-04-03T16:41:13.348597-04:00,read,key3,5.956,70,false
2026-04-03T16:41:13.348581-04:00,read,key2,6.008,53,false
2026-04-03T16:41:13.350898-04:00,read,key4,3.803,71,false
2026-04-03T16:41:13.354571-04:00,read,key3,1.052,69,true
2026-04-03T16:41:13.353872-04:00,read,key3,1.796,69,true
2026-04-03T16:41:12.747914-04:00,write,key0,607.742,74,false
2026-04-03T16:41:13.353948-04:00,read,key7,1.746,59,false
2026-04-03T16:41:13.354604-04:00,read,key1,1.100,54,false
2026-04-03T16:41:13.348581-04:00,read,key0,7.174,74,false
2026-04-03T16:41:13.354714-04:00,read,key1,1.045,54,false
2026-04-03T16:41:13.349481-04:00,read,key3,6.277,70,false
2026-04-03T16:41:13.355677-04:00,read,key4,1.003,68,true
2026-04-03T16:41:13.355765-04:00,read,key1,0.938,52,true
2026-04-03T16:41:13.355641-04:00,read,key2,1.064,53,false
2026-04-03T16:41:13.355787-04:00,read,key5,0.969,71,false
2026-04-03T16:41:13.355702-04:00,read,key3,1.070,69,true
2026-04-03T16:41:13.355711-04:00,read,key7,1.049,59,false
2026-04-03T16:41:13.35577-04:00,read,key3,1.265,70,false
2026-04-03T16:41:13.356714-04:00,read,key7,0.747,59,false
2026-04-03T16:41:13.356798-04:00,read,key7,0.697,59,false
2026-04-03T16:41:13.3567-04:00,read,key3,0.813,70,false
2026-04-03T16:41:13.356714-04:00,read,key4,1.056,71,false
2026-04-03T16:41:13.357519-04:00,read,key6,0.485,68,false
2026-04-03T16:41:13.357793-04:00,read,key3,1.027,69,true
2026-04-03T16:41:13.356781-04:00,read,key1,2.377,54,false
2026-04-03T16:41:13.357502-04:00,read,key9,1.875,69,false
2026-04-03T16:41:13.358834-04:00,read,key6,0.541,68,false
2026-04-03T16:41:13.356762-04:00,read,key4,2.830,71,false
2026-04-03T16:41:13.357044-04:00,read,key5,2.612,71,false
2026-04-03T16:41:13.359169-04:00,read,key9,0.715,68,true
2026-04-03T16:41:13.359401-04:00,read,key4,0.764,68,true
2026-04-03T16:41:13.359602-04:00,read,key6,0.823,68,false
2026-04-03T16:41:13.359895-04:00,read,key8,0.554,71,false
2026-04-03T16:41:13.359685-04:00,read,key5,0.769,71,false
2026-04-03T16:41:13.359406-04:00,read,key8,1.067,71,false
2026-04-03T16:41:13.360177-04:00,read,key0,0.492,74,false
2026-04-03T16:41:13.360435-04:00,read,key5,0.380,71,false
2026-04-03T16:41:13.36048-04:00,read,key6,0.579,68,false
2026-04-03T16:41:13.360822-04:00,read,key2,0.467,53,false
2026-04-03T16:41:13.360468-04:00,read,key4,0.929,71,false
2026-04-03T16:41:13.360687-04:00,read,key8,0.715,71,false
2026-04-03T16:41:13.361067-04:00,read,key2,0.528,53,false
2026-04-03T16:41:13.361417-04:00,read,key4,0.611,71,false
2026-04-03T16:41:13.361299-04:00,read,key2,0.732,53,false
2026-04-03T16:41:13.361604-04:00,read,key7,0.473,59,false
2026-04-03T16:41:13.362083-04:00,read,key0,0.486,72,true
2026-04-03T16:41:13.361404-04:00,read,key6,1.214,68,false
2026-04-03T16:41:13.362048-04:00,read,key9,0.589,68,true
2026-04-03T16:41:13.362038-04:00,read,key3,0.737,69,true
2026-04-03T16:41:13.362581-04:00,read,key9,0.646,69,false
2026-04-03T16:41:13.362631-04:00,read,key3,0.610,70,false
2026-04-03T16:41:13.362785-04:00,read,key6,0.598,68,false
2026-04-03T16:41:13.362645-04:00,read,key9,0.812,68,true
2026-04-03T16:41:13.363237-04:00,read,key3,0.544,69,true
2026-04-03T16:41:13.363252-04:00,read,key0,0.575,74,false
2026-04-03T16:41:13.36339-04:00,read,key1,0.437,54,false
2026-04-03T16:41:13.363464-04:00,read,key2,0.364,53,false
2026-04-03T16:41:13.363835-04:00,read,key8,0.376,71,false
2026-04-03T16:41:13.363834-04:00,read,key7,0.594,59,false
2026-04-03T16:41:13.363836-04:00,read,key4,0.621,68,true
2026-04-03T16:41:13.363803-04:00,read,key4,0.659,71,false
2026-04-03T16:41:13.364465-04:00,read,key3,0.479,70,false
2026-04-03T16:41:13.36447-04:00,read,key6,0.490,68,false
2026-04-03T16:41:13.36422-04:00,read,key4,0.752,71,false
2026-04-03T16:41:13.364436-04:00,read,key3,0.596,69,true
2026-04-03T16:41:13.364953-04:00,read,key1,0.561,52,true
2026-04-03T16:41:13.36499-04:00,read,key4,0.529,71,false
2026-04-03T16:41:13.365038-04:00,read,key0,0.484,74,false
2026-04-03T16:41:13.364968-04:00,read,key7,0.547,59,false
2026-04-03T16:41:13.365529-04:00,read,key8,0.369,71,false
2026-04-03T16:41:13.365527-04:00,read,key1,0.389,52,true
2026-04-03T16:41:13.365548-04:00,read,key5,0.370,71,false
2026-04-03T16:41:13.365523-04:00,read,key2,0.430,53,false
2026-04-03T16:41:13.365905-04:00,read,key5,0.330,71,false
2026-04-03T16:41:13.365926-04:00,read,key5,0.445,71,false
2026-04-03T16:41:13.365925-04:00,read,key2,0.459,53,false
2026-04-03T16:41:13.36596-04:00,read,key1,0.467,54,false
2026-04-03T16:41:13.366432-04:00,read,key9,0.251,68,true
2026-04-03T16:41:13.366243-04:00,read,key5,0.450,71,false
2026-04-03T16:41:13.366377-04:00,read,key5,0.525,71,false
2026-04-03T16:41:13.366708-04:00,read,key6,0.507,68,false
2026-04-03T16:41:13.366909-04:00,read,key1,0.482,52,true
2026-04-03T16:41:13.367223-04:00,read,key4,0.344,71,false
2026-04-03T16:41:13.366693-04:00,read,key0,0.877,72,true
2026-04-03T16:41:13.367402-04:00,read,key4,0.379,68,true
2026-04-03T16:41:13.367575-04:00,read,key3,0.421,70,false
2026-04-03T16:41:13.367576-04:00,read,key3,0.431,70,false
2026-04-03T16:41:13.367788-04:00,read,key4,0.541,71,false
2026-04-03T16:41:13.368003-04:00,read,key2,0.335,53,false
2026-04-03T16:41:13.368014-04:00,read,key8,0.336,70,true
2026-04-03T16:41:13.368356-04:00,read,key4,0.275,68,true
2026-04-03T16:41:13.36864-04:00,read,key6,0.281,68,false
2026-04-03T16:41:13.368929-04:00,read,key0,0.460,72,true
2026-04-03T16:41:13.369398-04:00,read,key8,0.286,70,true
2026-04-03T16:41:13.369691-04:00,read,key5,0.290,71,false
2026-04-03T16:41:13.36999-04:00,read,key1,0.280,52,true
2026-04-03T16:41:13.370278-04:00,read,key2,0.239,53,false
2026-04-03T16:41:13.335858-04:00,write,key2,622.411,54,false
2026-04-03T16:41:13.339131-04:00,write,key8,619.197,72,false
2026-04-03T16:41:13.958379-04:00,read,key9,1.579,69,false
2026-04-03T16:41:13.958348-04:00,read,key3,1.656,70,false
2026-04-03T16:41:13.96-04:00,read,key9,0.999,69,false
2026-04-03T16:41:13.960045-04:00,read,key9,0.990,69,false
2026-04-03T16:41:13.961051-04:00,read,key7,0.796,59,false
2026-04-03T16:41:13.961024-04:00,read,key2,0.861,53,true
2026-04-03T16:41:13.961899-04:00,read,key9,0.792,69,false
2026-04-03T16:41:13.961866-04:00,read,key2,0.995,56,false
2026-04-03T16:41:13.962707-04:00,read,key3,0.620,70,false
2026-04-03T16:41:13.962876-04:00,read,key4,0.900,69,true
2026-04-03T16:41:13.963791-04:00,read,key2,1.229,53,true
2026-04-03T16:41:13.355702-04:00,write,key4,609.364,72,false
2026-04-03T16:41:13.357477-04:00,write,key8,607.652,73,false
2026-04-03T16:41:13.358016-04:00,write,key2,607.088,55,false
2026-04-03T16:41:13.965187-04:00,read,key1,1.845,54,false
2026-04-03T16:41:13.965051-04:00,read,key7,1.981,59,false
2026-04-03T16:41:13.965184-04:00,read,key4,2.056,69,true
2026-04-03T16:41:13.965119-04:00,read,key1,2.212,55,false
2026-04-03T16:41:13.967347-04:00,read,key7,1.248,59,false
2026-04-03T16:41:13.967057-04:00,read,key7,1.582,59,false
2026-04-03T16:41:13.967254-04:00,read,key4,1.673,71,true
2026-04-03T16:41:13.968939-04:00,read,key8,1.303,71,true
2026-04-03T16:41:13.968657-04:00,read,key6,1.625,68,false
2026-04-03T16:41:13.360467-04:00,write,key8,609.979,74,false
2026-04-03T16:41:13.970266-04:00,read,key1,1.515,53,true
2026-04-03T16:41:13.970297-04:00,read,key5,1.522,71,false
2026-04-03T16:41:13.970459-04:00,read,key0,1.371,74,false
2026-04-03T16:41:13.366397-04:00,write,key1,606.316,55,false
2026-04-03T16:41:13.971832-04:00,read,key4,1.921,73,false
2026-04-03T16:41:13.971846-04:00,read,key0,1.972,74,false
2026-04-03T16:41:13.971801-04:00,read,key5,2.429,71,false
2026-04-03T16:41:13.368351-04:00,write,key4,605.849,73,false
2026-04-03T16:41:13.37053-04:00,write,key2,603.866,56,false
2026-04-03T16:41:13.972735-04:00,read,key5,1.996,71,false
2026-04-03T16:41:13.97377-04:00,read,key2,1.001,56,false
2026-04-03T16:41:13.973844-04:00,read,key2,0.961,56,false
2026-04-03T16:41:13.974242-04:00,read,key5,0.916,71,false
2026-04-03T16:41:13.974449-04:00,read,key7,1.077,59,false
2026-04-03T16:41:13.368342-04:00,write,key6,607.193,69,false
2026-04-03T16:41:13.974264-04:00,read,key5,1.269,71,false
2026-04-03T16:41:13.974753-04:00,read,key9,0.814,69,false
2026-04-03T16:41:13.97517-04:00,read,key0,0.883,74,false
2026-04-03T16:41:13.974814-04:00,read,key4,1.239,69,true
2026-04-03T16:41:13.975537-04:00,read,key0,0.876,74,false
2026-04-03T16:41:13.976074-04:00,read,key7,0.530,59,false
2026-04-03T16:41:13.976078-04:00,read,key7,0.693,59,false
2026-04-03T16:41:13.975558-04:00,read,key6,1.250,68,true
2026-04-03T16:41:13.975568-04:00,read,key5,1.380,71,false
2026-04-03T16:41:13.974778-04:00,read,key9,2.316,69,false
2026-04-03T16:41:13.975574-04:00,read,key4,1.630,69,true
2026-04-03T16:41:13.976795-04:00,read,key3,0.464,70,false
2026-04-03T16:41:13.976614-04:00,read,key5,0.906,71,false
2026-04-03T16:41:13.976816-04:00,read,key9,0.702,69,false
2026-04-03T16:41:13.976424-04:00,read,key5,1.135,71,false
2026-04-03T16:41:13.976955-04:00,read,key4,0.845,69,true
2026-04-03T16:41:13.977212-04:00,read,key8,0.614,71,true
2026-04-03T16:41:13.977273-04:00,read,key0,0.615,74,false
2026-04-03T16:41:13.977115-04:00,read,key9,0.975,69,false
2026-04-03T16:41:13.977529-04:00,read,key2,0.613,53,true
2026-04-03T16:41:13.977834-04:00,read,key0,0.814,74,false
2026-04-03T16:41:13.97755-04:00,read,key0,1.098,74,false
2026-04-03T16:41:13.977895-04:00,read,key3,0.829,70,false
2026-04-03T16:41:13.977565-04:00,read,key2,1.190,53,true
2026-04-03T16:41:13.978097-04:00,read,key1,0.706,53,true
2026-04-03T16:41:13.978151-04:00,read,key9,0.755,69,false
2026-04-03T16:41:13.97881-04:00,read,key7,0.565,59,false
2026-04-03T16:41:13.978662-04:00,read,key4,0.800,69,true
2026-04-03T16:41:13.978914-04:00,read,key3,0.659,70,false
2026-04-03T16:41:13.978677-04:00,read,key8,0.972,74,false
2026-04-03T16:41:13.97781-04:00,read,key8,1.840,71,true
2026-04-03T16:41:13.978733-04:00,read,key5,0.945,71,false
2026-04-03T16:41:13.978762-04:00,read,key7,0.938,59,false
2026-04-03T16:41:13.979387-04:00,read,key8,0.637,71,true
2026-04-03T16:41:13.979476-04:00,read,key1,0.676,55,false
2026-04-03T16:41:13.980034-04:00,read,key8,0.489,71,true
2026-04-03T16:41:13.979722-04:00,read,key1,0.788,55,false
2026-04-03T16:41:13.98016-04:00,read,key9,0.655,69,false
2026-04-03T16:41:13.980534-04:00,read,key7,0.640,59,false
2026-04-03T16:41:13.980534-04:00,read,key3,0.679,70,false
2026-04-03T16:41:13.980823-04:00,read,key3,0.636,70,false
2026-04-03T16:41:13.981185-04:00,read,key6,0.479,68,true
2026-04-03T16:41:13.981226-04:00,read,key9,0.439,69,false
2026-04-03T16:41:13.981467-04:00,read,key6,0.599,69,false
2026-04-03T16:41:13.981673-04:00,read,key5,0.453,71,false
2026-04-03T16:41:13.981671-04:00,read,key0,0.591,74,false
2026-04-03T16:41:13.982076-04:00,read,key8,0.496,74,false
2026-04-03T16:41:13.982269-04:00,read,key4,0.360,69,true
2026-04-03T16:41:13.982133-04:00,read,key6,0.496,68,true
2026-04-03T16:41:13.982637-04:00,read,key2,0.306,56,false
2026-04-03T16:41:13.982636-04:00,read,key2,0.321,56,false
2026-04-03T16:41:13.982579-04:00,read,key5,0.381,71,false
2026-04-03T16:41:13.982964-04:00,read,key8,0.341,74,false
2026-04-03T16:41:13.982967-04:00,read,key8,0.392,74,false
2026-04-03T16:41:13.983366-04:00,read,key8,0.310,71,true
2026-04-03T16:41:13.983683-04:00,read,key2,0.370,56,false
2026-04-03T16:41:13.963361-04:00,write,key1,611.187,56,false
2026-04-03T16:41:13.967067-04:00,write,key3,607.486,71,false
2026-04-03T16:41:14.574675-04:00,read,key2,1.737,56,false
2026-04-03T16:41:14.576452-04:00,read,key9,1.183,69,false
2026-04-03T16:41:13.968624-04:00,write,key3,609.281,72,false
2026-04-03T16:41:14.577923-04:00,read,key3,1.151,74,false
2026-04-03T16:41:14.577661-04:00,read,key9,1.460,69,false
2026-04-03T16:41:14.579097-04:00,read,key0,1.299,74,false
2026-04-03T16:41:14.579138-04:00,read,key7,1.257,60,false
2026-04-03T16:41:14.580417-04:00,read,key0,1.042,74,false
2026-04-03T16:41:14.580414-04:00,read,key9,1.330,69,false
2026-04-03T16:41:14.581478-04:00,read,key1,1.012,57,false
2026-04-03T16:41:14.581763-04:00,read,key9,0.841,69,false
2026-04-03T16:41:14.582505-04:00,read,key1,1.036,57,false
2026-04-03T16:41:14.582616-04:00,read,key1,0.965,57,false
2026-04-03T16:41:14.583595-04:00,read,key1,1.066,55,true
2026-04-03T16:41:14.583555-04:00,read,key0,1.141,74,false
2026-04-03T16:41:14.584721-04:00,read,key9,0.929,69,false
2026-04-03T16:41:14.584677-04:00,read,key1,1.017,57,false
2026-04-03T16:41:14.585705-04:00,read,key3,1.022,70,true
2026-04-03T16:41:13.9796-04:00,write,key3,607.784,73,false
2026-04-03T16:41:13.979662-04:00,write,key5,607.828,72,false
2026-04-03T16:41:13.979661-04:00,write,key3,607.950,74,false
2026-04-03T16:41:13.97969-04:00,write,key6,608.130,70,false
2026-04-03T16:41:14.587525-04:00,read,key8,2.687,74,false
2026-04-03T16:41:14.587401-04:00,read,key5,3.086,71,true
2026-04-03T16:41:14.586755-04:00,read,key3,3.818,74,false
2026-04-03T16:41:14.587633-04:00,read,key5,2.939,71,true
2026-04-03T16:41:14.590585-04:00,read,key7,1.676,59,false
2026-04-03T16:41:14.590584-04:00,read,key2,1.780,57,false
2026-04-03T16:41:14.590233-04:00,read,key0,2.327,74,false
2026-04-03T16:41:13.982959-04:00,write,key1,609.706,57,false
2026-04-03T16:41:14.590503-04:00,read,key5,2.206,71,true
2026-04-03T16:41:13.983318-04:00,write,key2,609.387,57,false
2026-04-03T16:41:13.984063-04:00,write,key7,608.618,60,false
2026-04-03T16:41:14.587859-04:00,read,key9,5.367,69,false
2026-04-03T16:41:14.592746-04:00,read,key6,0.785,69,true
2026-04-03T16:41:14.59228-04:00,read,key1,1.253,55,true
2026-04-03T16:41:14.592673-04:00,read,key0,1.070,74,false
2026-04-03T16:41:14.593237-04:00,read,key0,0.767,74,false
2026-04-03T16:41:14.592573-04:00,read,key1,1.517,57,false
2026-04-03T16:41:14.592721-04:00,read,key2,1.420,57,false
2026-04-03T16:41:14.593543-04:00,read,key3,0.739,74,false
2026-04-03T16:41:14.593543-04:00,read,key6,0.743,69,true
2026-04-03T16:41:14.593754-04:00,read,key1,0.704,55,true
2026-04-03T16:41:14.594098-04:00,read,key1,0.607,57,false
2026-04-03T16:41:14.594469-04:00,read,key6,0.310,70,false
2026-04-03T16:41:14.594294-04:00,read,key8,0.508,74,false
2026-04-03T16:41:14.594019-04:00,read,key8,0.794,74,false
2026-04-03T16:41:14.594149-04:00,read,key7,1.002,59,true
2026-04-03T16:41:14.594714-04:00,read,key6,0.958,70,false
2026-04-03T16:41:14.594785-04:00,read,key6,0.891,70,false
2026-04-03T16:41:14.595161-04:00,read,key8,0.563,74,false
2026-04-03T16:41:14.594831-04:00,read,key8,1.259,74,false
2026-04-03T16:41:14.595684-04:00,read,key6,0.650,70,false
2026-04-03T16:41:14.59569-04:00,read,key8,0.683,74,false
2026-04-03T16:41:14.594808-04:00,read,key4,1.595,73,false
2026-04-03T16:41:14.595731-04:00,read,key7,0.850,59,true
2026-04-03T16:41:14.596342-04:00,read,key0,0.497,74,false
2026-04-03T16:41:14.596588-04:00,read,key5,0.556,71,true
2026-04-03T16:41:14.596411-04:00,read,key3,0.749,74,false
2026-04-03T16:41:14.59611-04:00,read,key3,1.054,74,false
2026-04-03T16:41:14.596383-04:00,read,key5,0.837,71,true
2026-04-03T16:41:14.596848-04:00,read,key8,0.529,74,false
2026-04-03T16:41:14.597158-04:00,read,key7,0.680,60,false
2026-04-03T16:41:14.597182-04:00,read,key4,0.683,73,false
2026-04-03T16:41:14.597184-04:00,read,key5,0.716,72,false
2026-04-03T16:41:14.597396-04:00,read,key8,0.548,74,false
2026-04-03T16:41:14.597874-04:00,read,key3,0.570,70,true
2026-04-03T16:41:14.59795-04:00,read,key5,0.494,72,false
2026-04-03T16:41:14.597851-04:00,read,key6,0.640,69,true
2026-04-03T16:41:14.597227-04:00,read,key9,1.650,69,false
2026-04-03T16:41:14.598502-04:00,read,key1,0.462,57,false
2026-04-03T16:41:14.598473-04:00,read,key1,0.514,57,false
2026-04-03T16:41:14.59848-04:00,read,key2,0.696,56,true
2026-04-03T16:41:14.598885-04:00,read,key3,0.519,70,true
2026-04-03T16:41:14.598992-04:00,read,key8,0.536,74,false
2026-04-03T16:41:14.599411-04:00,read,key7,0.386,59,true
2026-04-03T16:41:14.599184-04:00,read,key0,0.626,74,false
2026-04-03T16:41:14.598983-04:00,read,key5,1.020,71,true
2026-04-03T16:41:14.599535-04:00,read,key3,0.486,74,false
2026-04-03T16:41:14.597908-04:00,read,key9,2.167,69,false
2026-04-03T16:41:14.599805-04:00,read,key2,0.496,56,true
2026-04-03T16:41:14.599818-04:00,read,key1,0.502,55,true
2026-04-03T16:41:14.600087-04:00,read,key7,0.430,59,true
2026-04-03T16:41:14.600011-04:00,read,key2,0.566,57,false
2026-04-03T16:41:14.600028-04:00,read,key5,0.656,71,true
2026-04-03T16:41:14.600307-04:00,read,key3,0.419,70,true
2026-04-03T16:41:14.600329-04:00,read,key2,0.418,57,false
2026-04-03T16:41:14.600692-04:00,read,key5,0.452,72,false
2026-04-03T16:41:14.600738-04:00,read,key4,0.430,73,false
2026-04-03T16:41:14.600525-04:00,read,key0,0.679,74,false
2026-04-03T16:41:14.600584-04:00,read,key9,0.654,69,false
2026-04-03T16:41:14.601175-04:00,read,key7,0.378,59,true
2026-04-03T16:41:14.601246-04:00,read,key5,0.499,72,false
2026-04-03T16:41:14.601153-04:00,read,key7,0.633,59,true
2026-04-03T16:41:14.600753-04:00,read,key0,1.097,74,false
2026-04-03T16:41:14.601218-04:00,read,key5,0.632,71,true
2026-04-03T16:41:14.601563-04:00,read,key5,0.370,72,false
2026-04-03T16:41:14.601793-04:00,read,key4,0.332,73,false
2026-04-03T16:41:14.601753-04:00,read,key1,0.379,57,false
2026-04-03T16:41:14.601856-04:00,read,key3,0.456,74,false
2026-04-03T16:41:14.601858-04:00,read,key2,0.478,56,true
2026-04-03T16:41:14.60194-04:00,read,key9,0.454,69,false
2026-04-03T16:41:14.602135-04:00,read,key7,0.387,59,true
2026-04-03T16:41:14.602343-04:00,read,key7,0.428,60,false
2026-04-03T16:41:14.602401-04:00,read,key5,0.384,71,true
2026-04-03T16:41:14.602138-04:00,read,key4,0.652,73,false
2026-04-03T16:41:14.60278-04:00,read,key6,0.357,69,true
2026-04-03T16:41:14.602531-04:00,read,key3,0.733,74,false
2026-04-03T16:41:14.603158-04:00,read,key3,0.538,70,true
2026-04-03T16:41:14.602797-04:00,read,key0,0.904,74,false
2026-04-03T16:41:14.603271-04:00,read,key4,0.424,73,false
2026-04-03T16:41:14.603706-04:00,read,key6,0.438,69,true
2026-04-03T16:41:14.603713-04:00,read,key4,0.428,73,false
2026-04-03T16:41:14.603709-04:00,read,key1,0.433,55,true
2026-04-03T16:41:14.604152-04:00,read,key2,0.397,56,true
2026-04-03T16:41:14.604151-04:00,read,key1,0.411,57,false
2026-04-03T16:41:14.604164-04:00,read,key8,0.405,74,false
2026-04-03T16:41:14.604557-04:00,read,key5,0.306,71,true
2026-04-03T16:41:14.604577-04:00,read,key0,0.313,74,false
2026-04-03T16:41:14.604569-04:00,read,key5,0.334,72,false
2026-04-03T16:41:14.604911-04:00,read,key4,0.507,73,false
2026-04-03T16:41:14.60487-04:00,read,key3,0.552,74,false
2026-04-03T16:41:14.604896-04:00,read,key6,0.529,70,false
2026-04-03T16:41:14.605428-04:00,read,key9,0.293,69,false
2026-04-03T16:41:14.605424-04:00,read,key3,0.312,70,true
2026-04-03T16:41:14.605433-04:00,read,key4,0.306,73,false
2026-04-03T16:41:14.605757-04:00,read,key5,0.263,71,true
2026-04-03T16:41:14.605728-04:00,read,key1,0.293,55,true
2026-04-03T16:41:14.605742-04:00,read,key1,0.292,55,true
2026-04-03T16:41:14.606027-04:00,read,key0,0.308,74,false
2026-04-03T16:41:14.606041-04:00,read,key4,0.353,73,false
2026-04-03T16:41:14.606026-04:00,read,key8,0.379,74,false
2026-04-03T16:41:14.606341-04:00,read,key0,0.259,74,false
2026-04-03T16:41:14.6064-04:00,read,key9,0.287,69,false
2026-04-03T16:41:14.606412-04:00,read,key0,0.296,74,false
2026-04-03T16:41:14.606608-04:00,read,key7,0.255,60,false
2026-04-03T16:41:14.606714-04:00,read,key5,0.326,71,true
2026-04-03T16:41:14.606693-04:00,read,key9,0.350,69,false
2026-04-03T16:41:14.60687-04:00,read,key6,0.342,69,true
2026-04-03T16:41:14.607046-04:00,read,key6,0.307,70,false
2026-04-03T16:41:14.60705-04:00,read,key8,0.307,74,false
2026-04-03T16:41:14.607218-04:00,read,key1,0.305,55,true
2026-04-03T16:41:14.60736-04:00,read,key3,0.373,70,true
2026-04-03T16:41:14.607365-04:00,read,key6,0.379,69,true
2026-04-03T16:41:14.607531-04:00,read,key6,0.231,70,false
2026-04-03T16:41:14.607751-04:00,read,key4,0.242,73,false
2026-04-03T16:41:14.607739-04:00,read,key0,0.321,74,false
2026-04-03T16:41:14.608002-04:00,read,key9,0.344,69,false
2026-04-03T16:41:14.608095-04:00,read,key1,0.292,57,false
2026-04-03T16:41:14.608394-04:00,read,key6,0.315,70,false
2026-04-03T16:41:14.608358-04:00,read,key5,0.349,71,true
2026-04-03T16:41:14.608717-04:00,read,key3,0.260,74,false
2026-04-03T16:41:14.608984-04:00,read,key7,0.399,59,true
2026-04-03T16:41:14.609391-04:00,read,key0,0.238,74,false
2026-04-03T16:41:14.609635-04:00,read,key3,0.249,70,true
2026-04-03T16:41:14.609891-04:00,read,key5,0.284,72,false
2026-04-03T16:41:14.610182-04:00,read,key8,0.255,74,false
2026-04-03T16:41:14.610445-04:00,read,key2,0.216,57,false
2026-04-03T16:41:14.610666-04:00,read,key6,0.273,69,true
2026-04-03T16:41:14.574663-04:00,write,key5,615.151,73,false
2026-04-03T16:41:14.585682-04:00,write,key4,607.945,74,false
2026-04-03T16:41:14.592396-04:00,write,key8,606.665,75,false
2026-04-03T16:41:14.592767-04:00,write,key7,607.051,61,false
2026-04-03T16:41:15.199095-04:00,read,key2,1.741,57,false
2026-04-03T16:41:15.200857-04:00,read,key0,1.555,74,false
2026-04-03T16:41:15.202439-04:00,read,key1,1.076,57,false
2026-04-03T16:41:15.203537-04:00,read,key5,1.210,72,true
2026-04-03T16:41:14.594296-04:00,write,key2,610.494,58,false
2026-04-03T16:41:15.204808-04:00,read,key4,1.159,73,true
2026-04-03T16:41:15.204768-04:00,read,key1,1.236,57,false
2026-04-03T16:41:15.205996-04:00,read,key0,1.045,74,false
2026-04-03T16:41:15.206026-04:00,read,key0,1.215,74,false
2026-04-03T16:41:15.207061-04:00,read,key3,1.037,73,true
2026-04-03T16:41:15.207259-04:00,read,key1,0.877,57,false
2026-04-03T16:41:15.208115-04:00,read,key1,1.070,57,false
2026-04-03T16:41:15.20815-04:00,read,key2,1.066,59,false
2026-04-03T16:41:15.209201-04:00,read,key1,0.992,57,false
2026-04-03T16:41:15.20923-04:00,read,key3,1.005,73,true
2026-04-03T16:41:15.210246-04:00,read,key3,0.828,73,true
2026-04-03T16:41:15.210208-04:00,read,key6,0.903,70,false
2026-04-03T16:41:14.602341-04:00,write,key2,609.360,59,false
2026-04-03T16:41:14.602797-04:00,write,key5,609.157,74,false
2026-04-03T16:41:15.211128-04:00,read,key3,2.026,74,false
2026-04-03T16:41:15.211089-04:00,read,key7,2.020,61,false
2026-04-03T16:41:15.213173-04:00,read,key6,1.950,70,false
2026-04-03T16:41:15.213199-04:00,read,key1,1.965,57,false
2026-04-03T16:41:15.215148-04:00,read,key4,0.950,74,false
2026-04-03T16:41:15.21518-04:00,read,key7,0.947,61,false
2026-04-03T16:41:14.608076-04:00,write,key8,608.179,76,false
2026-04-03T16:41:14.608722-04:00,write,key5,607.764,75,false
2026-04-03T16:41:14.610951-04:00,write,key3,605.551,75,false
2026-04-03T16:41:15.216112-04:00,read,key3,0.706,73,true
2026-04-03T16:41:15.21651-04:00,read,key3,0.555,73,true
2026-04-03T16:41:15.216827-04:00,read,key4,0.717,73,true
2026-04-03T16:41:15.217074-04:00,read,key0,0.501,74,false
2026-04-03T16:41:15.217555-04:00,read,key1,0.456,57,false
2026-04-03T16:41:15.217593-04:00,read,key8,0.605,76,false
2026-04-03T16:41:15.218019-04:00,read,key5,0.438,72,true
2026-04-03T16:41:15.218205-04:00,read,key7,0.396,61,false
2026-04-03T16:41:15.218464-04:00,read,key5,0.329,72,true
2026-04-03T16:41:15.218607-04:00,read,key6,0.329,70,false
2026-04-03T16:41:15.2188-04:00,read,key0,0.351,74,false
2026-04-03T16:41:15.218943-04:00,read,key2,0.451,57,true
2026-04-03T16:41:15.219163-04:00,read,key6,0.444,70,false
2026-04-03T16:41:15.2194-04:00,read,key8,0.313,74,true
2026-04-03T16:41:15.219613-04:00,read,key5,0.424,72,true
2026-04-03T16:41:15.219721-04:00,read,key8,0.320,74,true
2026-04-03T16:41:15.220048-04:00,read,key2,0.397,57,true
2026-04-03T16:41:15.220044-04:00,read,key5,0.414,72,true
2026-04-03T16:41:15.220464-04:00,read,key9,0.354,69,false
2026-04-03T16:41:15.220454-04:00,read,key3,0.400,75,false
2026-04-03T16:41:15.220825-04:00,read,key6,0.328,70,false
2026-04-03T16:41:15.220861-04:00,read,key9,0.464,69,false
2026-04-03T16:41:15.22116-04:00,read,key3,0.350,73,true
2026-04-03T16:41:15.221331-04:00,read,key1,0.341,57,false
2026-04-03T16:41:15.221518-04:00,read,key0,0.334,74,false
2026-04-03T16:41:15.221679-04:00,read,key1,0.246,57,false
2026-04-03T16:41:15.221861-04:00,read,key5,0.463,72,true
2026-04-03T16:41:15.221932-04:00,read,key3,0.417,73,true
2026-04-03T16:41:15.22233-04:00,read,key5,0.362,75,false
2026-04-03T16:41:15.222355-04:00,read,key6,0.351,70,false
2026-04-03T16:41:15.222699-04:00,read,key2,0.354,57,true
2026-04-03T16:41:15.222713-04:00,read,key1,0.356,57,false
2026-04-03T16:41:15.223076-04:00,read,key2,0.356,57,true
2026-04-03T16:41:15.22306-04:00,read,key4,0.385,74,false
2026-04-03T16:41:15.223453-04:00,read,key1,0.279,57,false
2026-04-03T16:41:15.223439-04:00,read,key5,0.306,72,true
2026-04-03T16:41:15.223739-04:00,read,key7,0.258,60,true
2026-04-03T16:41:15.223753-04:00,read,key5,0.342,72,true
2026-04-03T16:41:15.224102-04:00,read,key1,0.283,57,false
2026-04-03T16:41:15.224004-04:00,read,key4,0.393,73,true
2026-04-03T16:41:15.224404-04:00,read,key6,0.293,70,false
2026-04-03T16:41:15.224393-04:00,read,key5,0.349,75,false
2026-04-03T16:41:15.224706-04:00,read,key8,0.264,74,true
2026-04-03T16:41:15.22475-04:00,read,key8,0.270,74,true
2026-04-03T16:41:15.225026-04:00,read,key2,0.272,59,false
2026-04-03T16:41:15.224976-04:00,read,key7,0.372,61,false
2026-04-03T16:41:15.225307-04:00,read,key1,0.308,57,false
2026-04-03T16:41:15.225357-04:00,read,key5,0.295,72,true
2026-04-03T16:41:15.22564-04:00,read,key1,0.266,57,false
2026-04-03T16:41:15.22566-04:00,read,key5,0.274,75,false
2026-04-03T16:41:15.225941-04:00,read,key5,0.401,75,false
2026-04-03T16:41:15.225914-04:00,read,key7,0.460,60,true
2026-04-03T16:41:15.226382-04:00,read,key7,0.309,61,false
2026-04-03T16:41:15.226699-04:00,read,key6,0.308,70,false
2026-04-03T16:41:15.227015-04:00,read,key7,0.339,60,true
2026-04-03T16:41:15.193681-04:00,write,key4,616.210,75,false
2026-04-03T16:41:15.18993-04:00,write,key1,620.191,58,false
2026-04-03T16:41:15.199858-04:00,write,key8,612.142,77,false
2026-04-03T16:41:15.810164-04:00,read,key9,2.013,69,false
2026-04-03T16:41:15.80998-04:00,read,key6,2.211,70,false
2026-04-03T16:41:15.812194-04:00,read,key8,1.661,77,false
2026-04-03T16:41:15.812058-04:00,read,key7,1.836,61,false
2026-04-03T16:41:15.812227-04:00,read,key4,1.729,74,true
2026-04-03T16:41:15.813913-04:00,read,key2,1.276,59,false
2026-04-03T16:41:15.813973-04:00,read,key0,1.306,74,false
2026-04-03T16:41:15.815295-04:00,read,key7,1.202,63,false
2026-04-03T16:41:15.816514-04:00,read,key1,0.822,58,false
2026-04-03T16:41:15.211973-04:00,write,key0,608.925,75,false
2026-04-03T16:41:15.216504-04:00,write,key7,604.897,62,false
2026-04-03T16:41:15.211771-04:00,write,key9,610.069,70,false
2026-04-03T16:41:15.82142-04:00,read,key9,1.746,69,true
2026-04-03T16:41:15.82092-04:00,read,key7,2.337,63,false
2026-04-03T16:41:15.216145-04:00,write,key0,607.780,76,false
2026-04-03T16:41:15.21627-04:00,write,key7,607.701,63,false
2026-04-03T16:41:15.8219-04:00,read,key9,2.268,70,false
2026-04-03T16:41:15.823188-04:00,read,key1,2.548,58,false
2026-04-03T16:41:15.824017-04:00,read,key9,1.728,69,true
2026-04-03T16:41:15.823988-04:00,read,key3,1.773,75,false
2026-04-03T16:41:15.823274-04:00,read,key2,2.566,59,false
2026-04-03T16:41:15.825775-04:00,read,key3,1.599,75,false
2026-04-03T16:41:15.825756-04:00,read,key8,1.659,77,false
2026-04-03T16:41:15.825853-04:00,read,key4,1.661,74,true
2026-04-03T16:41:15.825758-04:00,read,key6,1.863,70,false
2026-04-03T16:41:15.827637-04:00,read,key2,1.076,59,false
2026-04-03T16:41:15.827429-04:00,read,key6,1.268,70,false
2026-04-03T16:41:15.827527-04:00,read,key1,1.205,58,false
2026-04-03T16:41:15.827395-04:00,read,key2,1.399,59,false
2026-04-03T16:41:15.828803-04:00,read,key2,0.952,59,false
2026-04-03T16:41:15.828745-04:00,read,key5,1.044,75,false
2026-04-03T16:41:15.828745-04:00,read,key3,1.066,75,false
2026-04-03T16:41:15.828734-04:00,read,key1,1.085,58,false
2026-04-03T16:41:15.829836-04:00,read,key5,1.020,75,false
2026-04-03T16:41:15.829772-04:00,read,key3,1.125,75,false
2026-04-03T16:41:15.8298-04:00,read,key8,1.093,76,true
2026-04-03T16:41:15.829822-04:00,read,key3,1.071,75,false
2026-04-03T16:41:15.830929-04:00,read,key8,0.729,76,true
2026-04-03T16:41:15.830913-04:00,read,key5,0.748,75,false
2026-04-03T16:41:15.830874-04:00,read,key1,0.834,57,true
2026-04-03T16:41:15.831717-04:00,read,key7,0.553,61,true
2026-04-03T16:41:15.831669-04:00,read,key2,0.690,59,false
2026-04-03T16:41:15.226375-04:00,write,key0,606.034,77,false
2026-04-03T16:41:15.831669-04:00,read,key9,0.767,70,false
2026-04-03T16:41:15.832418-04:00,read,key4,0.485,75,false
2026-04-03T16:41:15.832367-04:00,read,key7,0.569,63,false
2026-04-03T16:41:15.832281-04:00,read,key2,0.667,59,false
2026-04-03T16:41:15.227368-04:00,write,key5,605.657,76,false
2026-04-03T16:41:15.832444-04:00,read,key4,0.604,75,false
2026-04-03T16:41:15.832915-04:00,read,key6,0.636,70,false
2026-04-03T16:41:15.832963-04:00,read,key7,0.603,61,true
2026-04-03T16:41:15.832956-04:00,read,key6,0.745,70,false
2026-04-03T16:41:15.833573-04:00,read,key7,0.375,61,true
2026-04-03T16:41:15.833565-04:00,read,key4,0.611,75,false
2026-04-03T16:41:15.833034-04:00,read,key4,1.391,75,false
2026-04-03T16:41:15.833957-04:00,read,key2,0.540,59,false
2026-04-03T16:41:15.834504-04:00,read,key3,0.434,75,false
2026-04-03T16:41:15.834433-04:00,read,key5,0.502,75,true
2026-04-03T16:41:15.833709-04:00,read,key1,1.225,58,false
2026-04-03T16:41:15.834183-04:00,read,key7,0.808,63,false
2026-04-03T16:41:15.834948-04:00,read,key3,0.565,75,false
2026-04-03T16:41:15.834947-04:00,read,key0,0.565,77,false
2026-04-03T16:41:15.834957-04:00,read,key8,0.654,77,false
2026-04-03T16:41:15.835002-04:00,read,key7,0.625,63,false
2026-04-03T16:41:15.835542-04:00,read,key1,0.503,57,true
2026-04-03T16:41:15.835618-04:00,read,key4,0.461,75,false
2026-04-03T16:41:15.835633-04:00,read,key7,0.451,61,true
2026-04-03T16:41:15.835523-04:00,read,key9,0.568,70,false
2026-04-03T16:41:15.836091-04:00,read,key0,0.486,74,true
2026-04-03T16:41:15.836056-04:00,read,key8,0.528,76,true
2026-04-03T16:41:15.836591-04:00,read,key3,0.478,75,false
2026-04-03T16:41:15.836587-04:00,read,key9,0.500,69,true
2026-04-03T16:41:15.836098-04:00,read,key1,1.182,58,false
2026-04-03T16:41:15.836106-04:00,read,key6,1.175,70,false
2026-04-03T16:41:15.837095-04:00,read,key7,0.507,61,true
2026-04-03T16:41:15.837077-04:00,read,key5,0.691,75,true
2026-04-03T16:41:15.83729-04:00,read,key3,0.555,75,false
2026-04-03T16:41:15.837776-04:00,read,key0,0.424,74,true
2026-04-03T16:41:15.837852-04:00,read,key2,0.526,59,false
2026-04-03T16:41:15.83821-04:00,read,key1,0.486,58,false
2026-04-03T16:41:15.838386-04:00,read,key6,0.373,70,false
2026-04-03T16:41:15.838704-04:00,read,key0,0.294,74,true
2026-04-03T16:41:15.838765-04:00,read,key1,0.265,58,false
2026-04-03T16:41:15.839037-04:00,read,key0,0.309,77,false
2026-04-03T16:41:15.839005-04:00,read,key9,0.373,69,true
2026-04-03T16:41:15.839385-04:00,read,key2,0.243,59,false
2026-04-03T16:41:15.83964-04:00,read,key2,0.282,59,false
2026-04-03T16:41:15.839931-04:00,read,key0,0.477,74,true
2026-04-03T16:41:15.840416-04:00,read,key6,0.261,70,false
2026-04-03T16:41:15.840683-04:00,read,key2,0.269,59,false
2026-04-03T16:41:15.840961-04:00,read,key4,0.358,75,false
2026-04-03T16:41:15.841324-04:00,read,key2,0.258,59,false
2026-04-03T16:41:15.841589-04:00,read,key1,0.274,58,false
2026-04-03T16:41:15.84187-04:00,read,key7,0.324,61,true
2026-04-03T16:41:15.8422-04:00,read,key4,0.236,74,true
2026-04-03T16:41:15.842443-04:00,read,key4,0.284,74,true
2026-04-03T16:41:15.842734-04:00,read,key9,0.296,70,false
2026-04-03T16:41:15.843037-04:00,read,key7,0.253,61,true
2026-04-03T16:41:15.843297-04:00,read,key6,0.259,70,false
2026-04-03T16:41:15.843562-04:00,read,key9,0.233,69,true
2026-04-03T16:41:15.843801-04:00,read,key7,0.284,61,true
2026-04-03T16:41:15.844091-04:00,read,key7,0.270,63,false
2026-04-03T16:41:15.813897-04:00,write,key8,610.332,78,false
2026-04-03T16:41:15.81522-04:00,write,key4,609.100,76,false
2026-04-03T16:41:16.424371-04:00,read,key2,1.700,59,false
2026-04-03T16:41:16.42435-04:00,read,key4,1.782,75,true
2026-04-03T16:41:16.426115-04:00,read,key7,1.471,63,false
2026-04-03T16:41:16.426172-04:00,read,key2,1.449,61,false
2026-04-03T16:41:16.427614-04:00,read,key9,1.271,70,false
2026-04-03T16:41:15.817356-04:00,write,key1,612.029,59,false
2026-04-03T16:41:16.428907-04:00,read,key8,1.960,77,true
2026-04-03T16:41:16.429405-04:00,read,key8,1.463,79,false
2026-04-03T16:41:15.824191-04:00,write,key0,606.690,78,false
2026-04-03T16:41:16.43096-04:00,read,key8,1.512,77,true
2026-04-03T16:41:16.430889-04:00,read,key8,1.629,77,true
2026-04-03T16:41:16.43254-04:00,read,key6,0.986,70,false
2026-04-03T16:41:16.432496-04:00,read,key4,1.066,75,true
2026-04-03T16:41:16.433576-04:00,read,key4,0.961,75,true
2026-04-03T16:41:16.434554-04:00,read,key9,1.015,70,false
2026-04-03T16:41:16.435584-04:00,read,key8,0.842,77,true
2026-04-03T16:41:16.436438-04:00,read,key8,0.746,79,false
2026-04-03T16:41:15.830995-04:00,write,key4,606.695,77,false
2026-04-03T16:41:16.437198-04:00,read,key5,1.116,76,false
2026-04-03T16:41:16.437708-04:00,read,key0,1.165,78,false
2026-04-03T16:41:16.438329-04:00,read,key9,0.794,70,false
2026-04-03T16:41:16.438887-04:00,read,key0,0.828,77,true
2026-04-03T16:41:16.439135-04:00,read,key0,0.849,77,true
2026-04-03T16:41:15.833063-04:00,write,key2,607.633,60,false
2026-04-03T16:41:16.439994-04:00,read,key8,1.179,79,false
2026-04-03T16:41:16.439728-04:00,read,key4,1.876,78,false
2026-04-03T16:41:16.441187-04:00,read,key9,0.870,70,false
2026-04-03T16:41:16.44071-04:00,read,key9,1.369,70,false
2026-04-03T16:41:16.441616-04:00,read,key2,0.541,59,true
2026-04-03T16:41:16.442066-04:00,read,key1,0.856,58,true
2026-04-03T16:41:16.442102-04:00,read,key2,0.821,59,true
2026-04-03T16:41:16.442163-04:00,read,key5,0.771,76,false
2026-04-03T16:41:16.442957-04:00,read,key0,0.502,78,false
2026-04-03T16:41:16.442935-04:00,read,key7,0.567,63,false
2026-04-03T16:41:16.442949-04:00,read,key0,0.760,77,true
2026-04-03T16:41:16.443467-04:00,read,key5,0.416,76,false
2026-04-03T16:41:16.443509-04:00,read,key6,0.515,70,false
2026-04-03T16:41:16.443717-04:00,read,key6,0.569,70,false
2026-04-03T16:41:16.443892-04:00,read,key4,0.549,78,false
2026-04-03T16:41:15.837295-04:00,write,key8,607.201,79,false
2026-04-03T16:41:15.839357-04:00,write,key4,605.204,78,false
2026-04-03T16:41:15.837619-04:00,write,key3,606.952,76,false
2026-04-03T16:41:16.444395-04:00,read,key8,0.414,79,false
2026-04-03T16:41:16.444517-04:00,read,key5,0.765,76,false
2026-04-03T16:41:16.444632-04:00,read,key2,0.676,59,true
2026-04-03T16:41:16.444577-04:00,read,key3,0.772,75,true
2026-04-03T16:41:16.444032-04:00,read,key1,1.773,59,false
2026-04-03T16:41:16.445294-04:00,read,key0,0.539,78,false
2026-04-03T16:41:16.445316-04:00,read,key4,0.518,75,true
2026-04-03T16:41:16.445359-04:00,read,key6,0.485,70,false
2026-04-03T16:41:16.444488-04:00,read,key6,1.394,70,false
2026-04-03T16:41:16.444817-04:00,read,key9,1.085,70,false
2026-04-03T16:41:16.445815-04:00,read,key1,0.600,59,false
2026-04-03T16:41:16.445852-04:00,read,key8,0.580,77,true
2026-04-03T16:41:16.445843-04:00,read,key0,0.602,78,false
2026-04-03T16:41:16.445841-04:00,read,key1,0.584,59,false
2026-04-03T16:41:16.446425-04:00,read,key6,0.506,70,false
2026-04-03T16:41:16.446451-04:00,read,key8,0.489,79,false
2026-04-03T16:41:16.445889-04:00,read,key4,1.546,78,false
2026-04-03T16:41:16.446949-04:00,read,key8,0.836,79,false
2026-04-03T16:41:16.446942-04:00,read,key2,0.854,59,true
2026-04-03T16:41:16.445909-04:00,read,key8,1.876,79,false
2026-04-03T16:41:16.446439-04:00,read,key2,1.346,61,false
2026-04-03T16:41:16.44745-04:00,read,key9,0.623,70,false
2026-04-03T16:41:16.447796-04:00,read,key5,0.558,76,false
2026-04-03T16:41:16.447805-04:00,read,key8,0.601,79,false
2026-04-03T16:41:16.447832-04:00,read,key4,0.623,78,false
2026-04-03T16:41:16.448083-04:00,read,key4,0.431,75,true
2026-04-03T16:41:16.448364-04:00,read,key1,0.451,59,false
2026-04-03T16:41:16.448463-04:00,read,key2,0.517,61,false
2026-04-03T16:41:16.448412-04:00,read,key4,0.921,78,false
2026-04-03T16:41:16.448987-04:00,read,key6,0.454,70,false
2026-04-03T16:41:16.448839-04:00,read,key0,0.644,77,true
2026-04-03T16:41:16.448521-04:00,read,key5,0.967,76,false
2026-04-03T16:41:16.449345-04:00,read,key0,0.513,77,true
2026-04-03T16:41:16.449456-04:00,read,key8,0.491,79,false
2026-04-03T16:41:16.449495-04:00,read,key1,0.634,59,false
2026-04-03T16:41:16.44949-04:00,read,key4,0.657,75,true
2026-04-03T16:41:16.449953-04:00,read,key0,0.380,78,false
2026-04-03T16:41:16.449869-04:00,read,key4,0.510,75,true
2026-04-03T16:41:16.450154-04:00,read,key4,0.481,78,false
2026-04-03T16:41:16.450341-04:00,read,key4,0.380,75,true
2026-04-03T16:41:16.450386-04:00,read,key9,0.560,70,false
2026-04-03T16:41:16.450728-04:00,read,key6,0.437,70,false
2026-04-03T16:41:16.450643-04:00,read,key8,0.665,79,false
2026-04-03T16:41:16.450954-04:00,read,key4,0.516,78,false
2026-04-03T16:41:15.844371-04:00,write,key2,607.304,61,false
2026-04-03T16:41:16.451173-04:00,read,key6,0.729,70,false
2026-04-03T16:41:16.451315-04:00,read,key4,0.733,78,false
2026-04-03T16:41:16.45168-04:00,read,key8,0.670,79,false
2026-04-03T16:41:16.45191-04:00,read,key2,0.557,59,true
2026-04-03T16:41:16.452056-04:00,read,key4,0.489,75,true
2026-04-03T16:41:16.452361-04:00,read,key7,0.348,63,false
2026-04-03T16:41:16.452473-04:00,read,key9,0.433,70,false
2026-04-03T16:41:16.452716-04:00,read,key9,0.309,70,false
2026-04-03T16:41:16.452552-04:00,read,key5,0.491,76,false
2026-04-03T16:41:16.453052-04:00,read,key4,0.355,78,false
2026-04-03T16:41:16.453033-04:00,read,key3,0.441,76,false
2026-04-03T16:41:16.453481-04:00,read,key3,0.392,76,false
2026-04-03T16:41:16.452923-04:00,read,key6,0.953,70,false
2026-04-03T16:41:16.453884-04:00,read,key7,0.378,63,false
2026-04-03T16:41:16.453881-04:00,read,key1,0.422,58,true
2026-04-03T16:41:16.45431-04:00,read,key2,0.284,61,false
2026-04-03T16:41:16.454269-04:00,read,key1,0.336,58,true
2026-04-03T16:41:16.454612-04:00,read,key4,0.307,78,false
2026-04-03T16:41:16.454602-04:00,read,key6,0.321,70,false
2026-04-03T16:41:16.454926-04:00,read,key7,0.392,63,false
2026-04-03T16:41:16.454931-04:00,read,key7,0.395,63,false
2026-04-03T16:41:16.455326-04:00,read,key3,0.299,76,false
2026-04-03T16:41:16.455346-04:00,read,key2,0.334,59,true
2026-04-03T16:41:16.455631-04:00,read,key4,0.200,75,true
2026-04-03T16:41:16.455687-04:00,read,key1,0.246,58,true
2026-04-03T16:41:16.455939-04:00,read,key0,0.361,78,false
2026-04-03T16:41:16.456307-04:00,read,key7,1.075,63,false
2026-04-03T16:41:16.457395-04:00,read,key1,0.912,59,false
2026-04-03T16:41:16.458319-04:00,read,key5,0.310,76,false
2026-04-03T16:41:16.45864-04:00,read,key6,0.401,70,false
2026-04-03T16:41:16.427653-04:00,write,key1,609.017,60,false
2026-04-03T16:41:16.430896-04:00,write,key6,605.817,71,false
2026-04-03T16:41:16.433549-04:00,write,key3,607.495,77,false
2026-04-03T16:41:17.041083-04:00,read,key4,0.879,78,false
2026-04-03T16:41:17.041989-04:00,read,key0,0.991,79,false
2026-04-03T16:41:17.043009-04:00,read,key0,0.680,78,false
2026-04-03T16:41:17.043716-04:00,read,key5,0.778,76,false
2026-04-03T16:41:17.044522-04:00,read,key9,0.543,70,false
2026-04-03T16:41:17.045084-04:00,read,key0,0.823,78,false
2026-04-03T16:41:17.045927-04:00,read,key3,0.579,76,true
2026-04-03T16:41:16.446574-04:00,write,key8,607.793,80,false
2026-04-03T16:41:16.447828-04:00,write,key4,606.576,79,false
2026-04-03T16:41:17.054397-04:00,read,key9,1.392,70,false
2026-04-03T16:41:17.054427-04:00,read,key8,1.392,79,true
2026-04-03T16:41:16.450147-04:00,write,key8,606.975,81,false
2026-04-03T16:41:16.451481-04:00,write,key6,605.686,72,false
2026-04-03T16:41:16.453421-04:00,write,key0,603.773,79,false
2026-04-03T16:41:17.055838-04:00,read,key7,2.063,63,false
2026-04-03T16:41:17.057245-04:00,read,key7,1.586,63,false
2026-04-03T16:41:17.057216-04:00,read,key9,2.285,70,false
2026-04-03T16:41:17.057144-04:00,read,key4,2.590,78,true
2026-04-03T16:41:17.057917-04:00,read,key1,1.828,61,false
2026-04-03T16:41:17.059517-04:00,read,key4,1.126,79,false
2026-04-03T16:41:17.058859-04:00,read,key1,1.815,59,true
2026-04-03T16:41:17.059758-04:00,read,key4,1.095,79,false
2026-04-03T16:41:17.059748-04:00,read,key0,1.200,79,false
2026-04-03T16:41:17.06096-04:00,read,key5,1.061,76,false
2026-04-03T16:41:17.060658-04:00,read,key3,1.403,76,true
2026-04-03T16:41:17.060869-04:00,read,key5,1.206,76,false
2026-04-03T16:41:17.062072-04:00,read,key5,1.142,76,false
2026-04-03T16:41:17.062037-04:00,read,key8,1.219,81,false
2026-04-03T16:41:17.062086-04:00,read,key6,1.387,72,false
2026-04-03T16:41:16.459056-04:00,write,key1,605.575,61,false
2026-04-03T16:41:17.063488-04:00,read,key6,1.170,70,true
2026-04-03T16:41:17.063231-04:00,read,key4,1.523,78,true
2026-04-03T16:41:16.455841-04:00,write,key3,608.918,78,false
2026-04-03T16:41:17.064771-04:00,read,key0,0.932,79,false
2026-04-03T16:41:17.064648-04:00,read,key6,1.072,72,false
2026-04-03T16:41:17.06477-04:00,read,key5,1.138,76,false
2026-04-03T16:41:17.065721-04:00,read,key4,0.530,79,false
2026-04-03T16:41:17.065729-04:00,read,key2,0.735,61,false
2026-04-03T16:41:17.065916-04:00,read,key7,0.545,63,false
2026-04-03T16:41:17.066261-04:00,read,key0,0.487,78,true
2026-04-03T16:41:17.066472-04:00,read,key3,0.517,78,false
2026-04-03T16:41:17.066481-04:00,read,key4,0.654,78,true
2026-04-03T16:41:17.066997-04:00,read,key9,0.391,70,false
2026-04-03T16:41:17.066758-04:00,read,key8,0.643,81,false
2026-04-03T16:41:17.067142-04:00,read,key7,0.466,63,false
2026-04-03T16:41:17.067415-04:00,read,key1,0.416,59,true
2026-04-03T16:41:17.067617-04:00,read,key6,0.393,72,false
2026-04-03T16:41:17.067395-04:00,read,key2,0.638,61,false
2026-04-03T16:41:17.06804-04:00,read,key0,0.468,79,false
2026-04-03T16:41:17.067839-04:00,read,key2,0.689,61,false
2026-04-03T16:41:17.068017-04:00,read,key2,0.612,61,false
2026-04-03T16:41:17.068539-04:00,read,key0,0.468,79,false
2026-04-03T16:41:17.068519-04:00,read,key6,0.505,72,false
2026-04-03T16:41:17.068636-04:00,read,key4,0.392,78,true
2026-04-03T16:41:17.069031-04:00,read,key2,0.505,61,false
2026-04-03T16:41:17.069016-04:00,read,key4,0.517,79,false
2026-04-03T16:41:17.069546-04:00,read,key2,0.439,61,false
2026-04-03T16:41:17.069548-04:00,read,key4,0.442,79,false
2026-04-03T16:41:17.07-04:00,read,key9,0.449,70,false
2026-04-03T16:41:17.069995-04:00,read,key7,0.524,63,false
2026-04-03T16:41:17.070529-04:00,read,key0,0.342,78,true
2026-04-03T16:41:17.070882-04:00,read,key5,0.365,76,false
2026-04-03T16:41:17.071257-04:00,read,key1,0.325,61,false
2026-04-03T16:41:17.036804-04:00,write,key3,617.458,79,false
2026-04-03T16:41:17.046536-04:00,write,key9,607.782,71,false
2026-04-03T16:41:17.036773-04:00,write,key1,617.760,62,false
2026-04-03T16:41:17.654584-04:00,read,key6,2.022,72,false
2026-04-03T16:41:17.654354-04:00,read,key5,2.295,76,false
2026-04-03T16:41:17.654345-04:00,read,key1,2.341,62,false
2026-04-03T16:41:17.656639-04:00,read,key9,1.168,70,true
2026-04-03T16:41:17.656705-04:00,read,key7,1.143,63,false
2026-04-03T16:41:17.656666-04:00,read,key8,1.225,81,false
2026-04-03T16:41:17.657832-04:00,read,key0,1.286,79,false
2026-04-03T16:41:17.657868-04:00,read,key3,1.353,78,true
2026-04-03T16:41:17.657904-04:00,read,key7,1.422,63,false
2026-04-03T16:41:17.65934-04:00,read,key1,1.247,62,false
2026-04-03T16:41:17.659235-04:00,read,key2,1.388,61,false
2026-04-03T16:41:17.66064-04:00,read,key4,1.031,79,false
2026-04-03T16:41:17.660611-04:00,read,key7,1.094,64,false
2026-04-03T16:41:17.661691-04:00,read,key9,0.976,74,false
2026-04-03T16:41:17.661719-04:00,read,key4,0.991,79,false
2026-04-03T16:41:17.662685-04:00,read,key7,1.213,63,false
2026-04-03T16:41:17.055828-04:00,write,key9,608.235,72,false
2026-04-03T16:41:17.662724-04:00,read,key9,1.436,70,true
2026-04-03T16:41:17.664077-04:00,read,key3,1.550,81,false
2026-04-03T16:41:17.663916-04:00,read,key3,1.756,81,false
2026-04-03T16:41:17.664169-04:00,read,key6,1.522,72,false
2026-04-03T16:41:17.665707-04:00,read,key6,1.040,72,false
2026-04-03T16:41:17.665684-04:00,read,key8,1.114,81,false
2026-04-03T16:41:17.665652-04:00,read,key2,1.148,61,false
2026-04-03T16:41:17.666815-04:00,read,key1,1.255,61,true
2026-04-03T16:41:17.666768-04:00,read,key0,1.341,79,false
2026-04-03T16:41:17.666812-04:00,read,key1,1.313,62,false
2026-04-03T16:41:17.060697-04:00,write,key9,608.405,73,false
2026-04-03T16:41:17.668125-04:00,read,key7,1.108,64,false
2026-04-03T16:41:17.668086-04:00,read,key9,1.189,70,true
2026-04-03T16:41:17.668137-04:00,read,key9,1.432,74,false
2026-04-03T16:41:17.669183-04:00,read,key9,0.854,74,false
2026-04-03T16:41:17.669286-04:00,read,key5,0.751,76,false
2026-04-03T16:41:17.669249-04:00,read,key1,0.789,61,true
2026-04-03T16:41:17.669583-04:00,read,key0,0.804,79,false
2026-04-03T16:41:17.670051-04:00,read,key9,0.669,74,false
2026-04-03T16:41:17.670063-04:00,read,key6,0.655,72,false
2026-04-03T16:41:17.670069-04:00,read,key1,0.657,61,true
2026-04-03T16:41:17.670396-04:00,read,key1,0.454,62,false
2026-04-03T16:41:17.670857-04:00,read,key6,0.409,72,false
2026-04-03T16:41:17.670731-04:00,read,key3,0.553,78,true
2026-04-03T16:41:17.670729-04:00,read,key0,0.672,79,false
2026-04-03T16:41:17.671291-04:00,read,key5,0.636,77,false
2026-04-03T16:41:17.671408-04:00,read,key8,0.526,81,false
2026-04-03T16:41:17.063279-04:00,write,key9,608.768,74,false
2026-04-03T16:41:17.06468-04:00,write,key5,607.637,77,false
2026-04-03T16:41:17.67194-04:00,read,key9,0.647,70,true
2026-04-03T16:41:17.672055-04:00,read,key4,0.551,79,false
2026-04-03T16:41:17.67195-04:00,read,key4,0.709,79,false
2026-04-03T16:41:17.672599-04:00,read,key0,0.650,79,false
2026-04-03T16:41:17.672326-04:00,read,key1,0.947,61,true
2026-04-03T16:41:17.672669-04:00,read,key0,0.613,79,false
2026-04-03T16:41:17.672614-04:00,read,key8,0.694,81,false
2026-04-03T16:41:17.673289-04:00,read,key4,0.478,79,false
2026-04-03T16:41:17.673281-04:00,read,key6,0.512,72,false
2026-04-03T16:41:17.673314-04:00,read,key9,0.470,74,false
2026-04-03T16:41:17.673263-04:00,read,key4,0.627,79,false
2026-04-03T16:41:17.673802-04:00,read,key7,0.470,64,false
2026-04-03T16:41:17.673813-04:00,read,key2,0.482,61,false
2026-04-03T16:41:17.673786-04:00,read,key6,0.555,72,false
2026-04-03T16:41:17.674347-04:00,read,key7,0.477,63,false
2026-04-03T16:41:17.674282-04:00,read,key2,0.607,61,false
2026-04-03T16:41:17.673897-04:00,read,key9,1.115,74,false
2026-04-03T16:41:17.069045-04:00,write,key3,606.301,80,false
2026-04-03T16:41:17.67502-04:00,read,key6,0.763,72,false
2026-04-03T16:41:17.674913-04:00,read,key4,1.046,79,false
2026-04-03T16:41:17.675354-04:00,read,key8,0.640,81,false
2026-04-03T16:41:17.674837-04:00,read,key6,1.591,72,false
2026-04-03T16:41:17.675795-04:00,read,key6,0.635,72,false
2026-04-03T16:41:17.676001-04:00,read,key0,0.473,79,false
2026-04-03T16:41:17.675985-04:00,read,key8,0.605,81,false
2026-04-03T16:41:17.676438-04:00,read,key1,0.690,62,false
2026-04-03T16:41:17.676482-04:00,read,key4,1.064,79,false
2026-04-03T16:41:17.67661-04:00,read,key1,0.992,61,true
2026-04-03T16:41:17.677611-04:00,read,key9,0.504,74,false
2026-04-03T16:41:17.677141-04:00,read,key0,1.004,79,false
2026-04-03T16:41:17.070473-04:00,write,key3,607.686,81,false
2026-04-03T16:41:17.071596-04:00,write,key7,606.740,64,false
2026-04-03T16:41:17.678154-04:00,read,key1,0.613,62,false
2026-04-03T16:41:17.678127-04:00,read,key9,0.715,70,true
2026-04-03T16:41:17.678171-04:00,read,key2,0.835,61,false
2026-04-03T16:41:17.679016-04:00,read,key1,0.467,62,false
2026-04-03T16:41:17.678865-04:00,read,key1,0.650,61,true
2026-04-03T16:41:17.679496-04:00,read,key5,0.294,76,true
2026-04-03T16:41:17.679524-04:00,read,key5,0.348,76,true
2026-04-03T16:41:17.679797-04:00,read,key3,0.345,78,true
2026-04-03T16:41:17.679878-04:00,read,key0,0.267,79,false
2026-04-03T16:41:17.680153-04:00,read,key4,0.269,79,false
2026-04-03T16:41:17.68043-04:00,read,key0,0.302,79,false
2026-04-03T16:41:17.68074-04:00,read,key4,0.435,79,false
2026-04-03T16:41:17.659161-04:00,write,key3,615.424,82,false
2026-04-03T16:41:17.67075-04:00,write,key0,604.751,80,false
2026-04-03T16:41:18.274681-04:00,read,key2,2.673,61,false
2026-04-03T16:41:17.671286-04:00,write,key8,607.040,82,false
2026-04-03T16:41:18.275536-04:00,read,key8,3.589,83,false
2026-04-03T16:41:18.27739-04:00,read,key7,2.622,64,false
2026-04-03T16:41:18.279145-04:00,read,key0,2.022,79,true
2026-04-03T16:41:18.278394-04:00,read,key2,2.980,61,false
2026-04-03T16:41:18.280034-04:00,read,key9,1.812,74,false
2026-04-03T16:41:17.674314-04:00,write,key6,608.276,73,false
2026-04-03T16:41:18.28119-04:00,read,key0,2.145,80,false
2026-04-03T16:41:18.28186-04:00,read,key5,2.039,77,false
2026-04-03T16:41:18.281391-04:00,read,key7,2.546,66,false
2026-04-03T16:41:17.676448-04:00,write,key9,608.893,75,false
2026-04-03T16:41:17.677565-04:00,write,key7,607.850,65,false
2026-04-03T16:41:17.678347-04:00,write,key5,607.157,78,false
2026-04-03T16:41:17.678789-04:00,write,key7,607.104,66,false
2026-04-03T16:41:18.282646-04:00,read,key5,3.381,77,true
2026-04-03T16:41:18.283914-04:00,read,key6,3.876,73,false
2026-04-03T16:41:17.68119-04:00,write,key8,606.565,83,false
2026-04-03T16:41:17.680154-04:00,write,key1,609.321,63,false
2026-04-03T16:41:18.283356-04:00,read,key4,6.206,79,false
2026-04-03T16:41:18.283962-04:00,read,key9,6.181,74,true
2026-04-03T16:41:18.285552-04:00,read,key8,5.055,80,true
2026-04-03T16:41:18.285402-04:00,read,key0,5.262,79,true
2026-04-03T16:41:18.285938-04:00,read,key7,5.031,66,false
2026-04-03T16:41:18.287817-04:00,read,key5,3.179,78,false
2026-04-03T16:41:18.290163-04:00,read,key3,1.205,81,true
2026-04-03T16:41:18.290983-04:00,read,key0,0.975,79,true
2026-04-03T16:41:18.285473-04:00,read,key7,6.487,64,true
2026-04-03T16:41:18.287808-04:00,read,key1,4.150,62,true
2026-04-03T16:41:18.290681-04:00,read,key2,1.327,61,false
2026-04-03T16:41:18.290624-04:00,read,key2,1.451,61,false
2026-04-03T16:41:18.291005-04:00,read,key8,1.414,81,true
2026-04-03T16:41:18.291378-04:00,read,key5,1.046,78,false
2026-04-03T16:41:18.286065-04:00,read,key8,6.369,80,true
2026-04-03T16:41:18.28953-04:00,read,key8,3.162,83,false
2026-04-03T16:41:18.292435-04:00,read,key8,0.775,81,true
2026-04-03T16:41:18.292429-04:00,read,key1,0.783,63,false
2026-04-03T16:41:18.291994-04:00,read,key1,1.237,62,true
2026-04-03T16:41:18.292085-04:00,read,key3,1.191,82,false
2026-04-03T16:41:18.291994-04:00,read,key3,1.354,81,true
2026-04-03T16:41:18.292016-04:00,read,key3,1.353,81,true
2026-04-03T16:41:18.292702-04:00,read,key0,0.889,80,false
2026-04-03T16:41:18.292446-04:00,read,key0,1.208,80,false
2026-04-03T16:41:18.293377-04:00,read,key1,0.644,62,true
2026-04-03T16:41:18.293232-04:00,read,key4,0.771,79,false
2026-04-03T16:41:18.293287-04:00,read,key4,0.933,79,false
2026-04-03T16:41:18.29324-04:00,read,key0,0.997,79,true
2026-04-03T16:41:18.293663-04:00,read,key5,1.075,78,false
2026-04-03T16:41:18.293375-04:00,read,key3,1.406,82,false
2026-04-03T16:41:18.294031-04:00,read,key2,1.141,61,false
2026-04-03T16:41:18.293615-04:00,read,key4,2.090,79,false
2026-04-03T16:41:18.29475-04:00,read,key7,0.976,66,false
2026-04-03T16:41:18.294033-04:00,read,key1,1.703,63,false
2026-04-03T16:41:18.294788-04:00,read,key8,1.000,83,false
2026-04-03T16:41:18.295735-04:00,read,key8,0.752,83,false
2026-04-03T16:41:18.294263-04:00,read,key6,2.252,73,false
2026-04-03T16:41:18.295794-04:00,read,key4,0.789,79,false
2026-04-03T16:41:18.29575-04:00,read,key8,0.854,80,true
2026-04-03T16:41:18.295737-04:00,read,key9,0.929,75,false
2026-04-03T16:41:18.296504-04:00,read,key0,0.641,79,true
2026-04-03T16:41:18.296533-04:00,read,key0,0.917,80,false
2026-04-03T16:41:18.296613-04:00,read,key5,0.878,78,false
2026-04-03T16:41:18.296591-04:00,read,key5,0.908,78,false
2026-04-03T16:41:18.29746-04:00,read,key1,0.906,63,false
2026-04-03T16:41:18.297524-04:00,read,key7,0.913,66,false
2026-04-03T16:41:18.296676-04:00,read,key6,1.904,73,false
2026-04-03T16:41:18.298379-04:00,read,key6,0.614,73,false
2026-04-03T16:41:18.298447-04:00,read,key9,0.585,74,true
2026-04-03T16:41:18.298637-04:00,read,key0,0.538,80,false
2026-04-03T16:41:18.299045-04:00,read,key4,0.547,79,false
2026-04-03T16:41:18.299-04:00,read,key9,0.609,74,true
2026-04-03T16:41:18.299182-04:00,read,key3,0.429,82,false
2026-04-03T16:41:18.299603-04:00,read,key1,0.377,63,false
2026-04-03T16:41:18.299618-04:00,read,key8,0.363,83,false
2026-04-03T16:41:18.299617-04:00,read,key9,0.363,75,false
2026-04-03T16:41:18.300002-04:00,read,key4,0.330,79,false
2026-04-03T16:41:18.29999-04:00,read,key6,0.353,72,true
2026-04-03T16:41:18.300339-04:00,read,key8,0.335,80,true
2026-04-03T16:41:18.30035-04:00,read,key1,0.493,63,false
2026-04-03T16:41:18.300687-04:00,read,key5,0.507,78,false
2026-04-03T16:41:18.30085-04:00,read,key7,0.393,64,true
2026-04-03T16:41:18.301204-04:00,read,key9,0.285,75,false
2026-04-03T16:41:18.30125-04:00,read,key7,0.285,64,true
2026-04-03T16:41:18.301499-04:00,read,key9,0.270,75,false
2026-04-03T16:41:18.301542-04:00,read,key4,0.248,79,false
2026-04-03T16:41:18.301775-04:00,read,key6,0.255,73,false
2026-04-03T16:41:18.301802-04:00,read,key1,0.379,62,true
2026-04-03T16:41:18.302039-04:00,read,key6,0.345,72,true
2026-04-03T16:41:18.302188-04:00,read,key5,0.285,77,true
2026-04-03T16:41:18.302479-04:00,read,key4,0.274,79,false
2026-04-03T16:41:18.302391-04:00,read,key4,0.376,79,false
2026-04-03T16:41:18.302774-04:00,read,key3,0.328,82,false
2026-04-03T16:41:18.302761-04:00,read,key4,0.356,79,false
2026-04-03T16:41:18.303125-04:00,read,key4,0.273,79,false
2026-04-03T16:41:18.303405-04:00,read,key4,0.277,79,false
2026-04-03T16:41:18.30369-04:00,read,key2,0.284,61,false
2026-04-03T16:41:18.303982-04:00,read,key7,0.247,64,true
2026-04-03T16:41:18.304236-04:00,read,key7,0.279,64,true
2026-04-03T16:41:18.304523-04:00,read,key0,0.233,79,true
2026-04-03T16:41:18.304764-04:00,read,key5,0.255,78,false
2026-04-03T16:41:18.305027-04:00,read,key6,0.237,73,false
2026-04-03T16:41:18.305271-04:00,read,key9,0.250,74,true
2026-04-03T16:41:18.30553-04:00,read,key3,0.247,81,true
2026-04-03T16:41:18.305785-04:00,read,key2,0.338,61,false
2026-04-03T16:41:18.306133-04:00,read,key7,0.268,64,true
2026-04-03T16:41:18.306413-04:00,read,key3,0.284,81,true
2026-04-03T16:41:18.306708-04:00,read,key9,0.257,75,false
2026-04-03T16:41:18.306976-04:00,read,key0,0.380,79,true
2026-04-03T16:41:18.307366-04:00,read,key4,0.277,79,false
2026-04-03T16:41:18.307654-04:00,read,key6,0.277,73,false
2026-04-03T16:41:18.307939-04:00,read,key5,0.313,77,true
2026-04-03T16:41:18.289595-04:00,write,key4,606.876,80,false
2026-04-03T16:41:18.896553-04:00,read,key7,1.491,65,true
2026-04-03T16:41:18.291987-04:00,write,key4,606.683,81,false
2026-04-03T16:41:18.898104-04:00,read,key1,1.404,64,false
2026-04-03T16:41:18.898691-04:00,read,key0,0.849,80,false
2026-04-03T16:41:18.899561-04:00,read,key7,1.419,65,true
2026-04-03T16:41:18.899528-04:00,read,key5,1.492,78,false
2026-04-03T16:41:18.293239-04:00,write,key1,609.065,64,false
2026-04-03T16:41:18.295197-04:00,write,key2,607.184,62,false
2026-04-03T16:41:18.901039-04:00,read,key3,1.453,83,false
2026-04-03T16:41:18.901002-04:00,read,key9,1.533,76,false
2026-04-03T16:41:18.294234-04:00,write,key6,608.531,74,false
2026-04-03T16:41:18.297512-04:00,write,key3,610.204,83,false
2026-04-03T16:41:18.297164-04:00,write,key9,613.279,76,false
2026-04-03T16:41:18.902421-04:00,read,key2,8.888,63,false
2026-04-03T16:41:18.300004-04:00,write,key7,611.413,67,false
2026-04-03T16:41:18.902513-04:00,read,key5,8.960,78,false
2026-04-03T16:41:18.902376-04:00,read,key7,9.189,65,true
2026-04-03T16:41:18.90255-04:00,read,key4,9.042,82,false
2026-04-03T16:41:18.911453-04:00,read,key1,2.232,63,true
2026-04-03T16:41:18.303123-04:00,write,key2,610.619,63,false
2026-04-03T16:41:18.91161-04:00,read,key7,2.221,65,true
2026-04-03T16:41:18.911499-04:00,read,key9,3.022,76,false
2026-04-03T16:41:18.910542-04:00,read,key5,4.010,78,false
2026-04-03T16:41:18.911326-04:00,read,key5,3.228,78,false
2026-04-03T16:41:18.907743-04:00,read,key3,6.812,82,true
2026-04-03T16:41:18.911576-04:00,read,key5,3.391,78,false
2026-04-03T16:41:18.913754-04:00,read,key1,1.239,64,false
2026-04-03T16:41:18.914567-04:00,read,key3,0.977,82,true
2026-04-03T16:41:18.913842-04:00,read,key3,1.730,83,false
2026-04-03T16:41:18.91454-04:00,read,key9,1.248,75,true
2026-04-03T16:41:18.914563-04:00,read,key0,1.268,80,false
2026-04-03T16:41:18.914565-04:00,read,key2,1.322,63,false
2026-04-03T16:41:18.915004-04:00,read,key3,0.901,83,false
2026-04-03T16:41:18.308272-04:00,write,key4,608.071,82,false
2026-04-03T16:41:18.915847-04:00,read,key8,1.028,83,false
2026-04-03T16:41:18.915912-04:00,read,key5,0.976,78,false
2026-04-03T16:41:18.915582-04:00,read,key4,1.342,82,false
2026-04-03T16:41:18.915797-04:00,read,key3,1.169,82,true
2026-04-03T16:41:18.915894-04:00,read,key6,1.089,74,false
2026-04-03T16:41:18.916373-04:00,read,key1,0.996,64,false
2026-04-03T16:41:18.914983-04:00,read,key1,2.895,64,false
2026-04-03T16:41:18.916973-04:00,read,key9,0.925,75,true
2026-04-03T16:41:18.915556-04:00,read,key2,2.401,63,false
2026-04-03T16:41:18.916899-04:00,read,key1,1.096,63,true
2026-04-03T16:41:18.916894-04:00,read,key3,1.108,82,true
2026-04-03T16:41:18.917001-04:00,read,key2,1.809,61,true
2026-04-03T16:41:18.91801-04:00,read,key9,0.823,76,false
2026-04-03T16:41:18.917906-04:00,read,key3,1.115,82,true
2026-04-03T16:41:18.917389-04:00,read,key8,1.646,83,false
2026-04-03T16:41:18.916933-04:00,read,key5,2.117,78,false
2026-04-03T16:41:18.919043-04:00,read,key3,0.841,82,true
2026-04-03T16:41:18.919059-04:00,read,key2,0.840,61,true
2026-04-03T16:41:18.91903-04:00,read,key0,0.855,80,false
2026-04-03T16:41:18.918839-04:00,read,key1,1.098,63,true
2026-04-03T16:41:18.918842-04:00,read,key9,1.102,76,false
2026-04-03T16:41:18.917976-04:00,read,key7,1.991,66,true
2026-04-03T16:41:18.919944-04:00,read,key3,0.672,83,false
2026-04-03T16:41:18.919914-04:00,read,key5,0.693,78,false
2026-04-03T16:41:18.919983-04:00,read,key1,0.657,63,true
2026-04-03T16:41:18.9199-04:00,read,key0,0.941,80,false
2026-04-03T16:41:18.919952-04:00,read,key4,0.909,82,false
2026-04-03T16:41:18.920633-04:00,read,key7,0.607,66,true
2026-04-03T16:41:18.920649-04:00,read,key9,0.786,76,false
2026-04-03T16:41:18.920869-04:00,read,key7,0.614,67,false
2026-04-03T16:41:18.92063-04:00,read,key0,0.864,80,false
2026-04-03T16:41:18.920849-04:00,read,key5,0.681,78,false
2026-04-03T16:41:18.921252-04:00,read,key8,0.673,83,false
2026-04-03T16:41:18.921445-04:00,read,key1,0.495,63,true
2026-04-03T16:41:18.921501-04:00,read,key0,0.445,80,false
2026-04-03T16:41:18.921538-04:00,read,key7,0.418,65,true
2026-04-03T16:41:18.921968-04:00,read,key4,0.527,79,true
2026-04-03T16:41:18.921949-04:00,read,key2,0.558,63,false
2026-04-03T16:41:18.92194-04:00,read,key4,0.593,82,false
2026-04-03T16:41:18.922546-04:00,read,key3,0.422,83,false
2026-04-03T16:41:18.922507-04:00,read,key0,0.461,80,false
2026-04-03T16:41:18.922516-04:00,read,key2,0.452,61,true
2026-04-03T16:41:18.922986-04:00,read,key8,0.524,83,false
2026-04-03T16:41:18.92298-04:00,read,key8,0.541,83,false
2026-04-03T16:41:18.92352-04:00,read,key1,0.323,63,true
2026-04-03T16:41:18.923528-04:00,read,key0,0.347,80,false
2026-04-03T16:41:18.923856-04:00,read,key9,0.427,76,false
2026-04-03T16:41:18.923881-04:00,read,key6,0.500,73,true
2026-04-03T16:41:18.924297-04:00,read,key1,0.309,64,false
2026-04-03T16:41:18.924388-04:00,read,key3,0.249,83,false
2026-04-03T16:41:18.924614-04:00,read,key9,0.249,76,false
2026-04-03T16:41:18.924647-04:00,read,key7,0.290,65,true
2026-04-03T16:41:18.92487-04:00,read,key8,0.245,83,false
2026-04-03T16:41:18.924943-04:00,read,key0,0.322,80,false
2026-04-03T16:41:18.925123-04:00,read,key0,0.322,80,false
2026-04-03T16:41:18.925272-04:00,read,key4,0.289,79,true
2026-04-03T16:41:18.925568-04:00,read,key2,0.270,63,false
2026-04-03T16:41:18.925453-04:00,read,key7,0.417,66,true
2026-04-03T16:41:18.925879-04:00,read,key2,0.259,61,true
2026-04-03T16:41:18.925848-04:00,read,key9,0.344,76,false
2026-04-03T16:41:18.926198-04:00,read,key0,0.281,80,false
2026-04-03T16:41:18.926145-04:00,read,key4,0.347,79,true
2026-04-03T16:41:18.926488-04:00,read,key8,0.277,83,false
2026-04-03T16:41:18.926499-04:00,read,key3,0.283,82,true
2026-04-03T16:41:18.926789-04:00,read,key8,0.260,83,false
2026-04-03T16:41:18.927057-04:00,read,key2,0.246,61,true
2026-04-03T16:41:18.92731-04:00,read,key7,0.399,67,false
2026-04-03T16:41:18.927715-04:00,read,key2,0.299,61,true
2026-04-03T16:41:18.928021-04:00,read,key1,0.270,64,false
2026-04-03T16:41:18.928297-04:00,read,key7,0.238,67,false
2026-04-03T16:41:18.928541-04:00,read,key4,0.236,82,false
2026-04-03T16:41:18.928784-04:00,read,key3,0.331,82,true
2026-04-03T16:41:18.929124-04:00,read,key7,0.243,67,false
2026-04-03T16:41:18.929375-04:00,read,key5,0.225,78,false
2026-04-03T16:41:18.929608-04:00,read,key2,0.230,61,true
2026-04-03T16:41:18.929844-04:00,read,key7,0.268,67,false
2026-04-03T16:41:18.93012-04:00,read,key4,0.231,82,false
2026-04-03T16:41:18.930357-04:00,read,key2,0.229,63,false
2026-04-03T16:41:18.930592-04:00,read,key2,0.202,63,false
2026-04-03T16:41:18.930801-04:00,read,key4,0.258,82,false
2026-04-03T16:41:18.931065-04:00,read,key8,0.245,83,false
2026-04-03T16:41:18.931317-04:00,read,key7,0.236,65,true
2026-04-03T16:41:18.93156-04:00,read,key9,0.219,76,false
2026-04-03T16:41:18.931786-04:00,read,key9,0.305,76,false
2026-04-03T16:41:18.932098-04:00,read,key5,0.244,78,false
2026-04-03T16:41:18.93235-04:00,read,key0,0.225,80,false
2026-04-03T16:41:18.932582-04:00,read,key1,0.231,63,true
2026-04-03T16:41:18.93282-04:00,read,key2,0.262,61,true
2026-04-03T16:41:18.933089-04:00,read,key2,0.229,63,false
2026-04-03T16:41:18.933325-04:00,read,key0,0.234,80,false
2026-04-03T16:41:18.933566-04:00,read,key6,0.232,73,true
2026-04-03T16:41:18.933805-04:00,read,key8,0.264,83,false
2026-04-03T16:41:18.934076-04:00,read,key9,0.238,76,false
2026-04-03T16:41:18.934321-04:00,read,key7,0.223,65,true
2026-04-03T16:41:18.934551-04:00,read,key5,0.209,78,false
2026-04-03T16:41:18.934767-04:00,read,key7,0.203,67,false
2026-04-03T16:41:18.934977-04:00,read,key8,0.230,83,false
2026-04-03T16:41:18.935213-04:00,read,key7,0.213,67,false
2026-04-03T16:41:18.935433-04:00,read,key7,0.216,67,false
2026-04-03T16:41:18.935655-04:00,read,key8,0.221,83,false
2026-04-03T16:41:18.935882-04:00,read,key4,0.259,79,true
2026-04-03T16:41:18.936147-04:00,read,key5,0.211,78,false
2026-04-03T16:41:18.936365-04:00,read,key0,0.202,80,false
2026-04-03T16:41:18.936574-04:00,read,key7,0.201,67,false
2026-04-03T16:41:18.936782-04:00,read,key8,0.210,83,false
2026-04-03T16:41:18.936999-04:00,read,key3,0.230,83,false
2026-04-03T16:41:18.937237-04:00,read,key0,0.219,80,false
2026-04-03T16:41:18.937463-04:00,read,key2,0.209,61,true
2026-04-03T16:41:18.937679-04:00,read,key7,0.257,67,false
2026-04-03T16:41:18.937944-04:00,read,key2,0.210,63,false
2026-04-03T16:41:18.938161-04:00,read,key3,0.216,83,false
2026-04-03T16:41:18.938384-04:00,read,key4,0.210,79,true
2026-04-03T16:41:18.9386-04:00,read,key3,0.204,82,true
2026-04-03T16:41:18.938811-04:00,read,key6,0.276,73,true
2026-04-03T16:41:18.939094-04:00,read,key6,0.214,73,true
2026-04-03T16:41:18.939317-04:00,read,key9,0.230,76,false
2026-04-03T16:41:18.939554-04:00,read,key1,0.213,64,false
2026-04-03T16:41:18.939773-04:00,read,key8,0.206,83,false
2026-04-03T16:41:18.939986-04:00,read,key3,0.203,82,true
2026-04-03T16:41:18.913722-04:00,write,key4,605.528,84,false
2026-04-03T16:41:18.902828-04:00,write,key4,616.489,83,false
2026-04-03T16:41:19.519352-04:00,read,key9,1.522,77,false
2026-04-03T16:41:19.519329-04:00,read,key3,1.571,83,false
2026-04-03T16:41:19.520916-04:00,read,key8,1.110,83,false
2026-04-03T16:41:19.520903-04:00,read,key0,1.165,80,false
2026-04-03T16:41:19.522089-04:00,read,key1,0.814,64,false
2026-04-03T16:41:19.522047-04:00,read,key2,0.883,63,false
2026-04-03T16:41:19.522924-04:00,read,key8,0.871,83,false
2026-04-03T16:41:19.522945-04:00,read,key3,0.892,83,false
2026-04-03T16:41:19.523811-04:00,read,key6,0.973,74,false
2026-04-03T16:41:19.523855-04:00,read,key8,1.034,83,false
2026-04-03T16:41:19.524901-04:00,read,key9,0.841,76,false
2026-04-03T16:41:19.524799-04:00,read,key9,0.970,76,false
2026-04-03T16:41:18.918009-04:00,write,key9,608.690,77,false
2026-04-03T16:41:18.917928-04:00,write,key0,608.814,81,false
2026-04-03T16:41:18.919915-04:00,write,key1,607.129,65,false
2026-04-03T16:41:19.525783-04:00,read,key4,1.798,85,false
2026-04-03T16:41:19.525758-04:00,read,key5,1.818,78,false
2026-04-03T16:41:19.52679-04:00,read,key4,1.686,82,true
2026-04-03T16:41:18.921956-04:00,write,key7,606.584,68,false
2026-04-03T16:41:19.526773-04:00,read,key1,1.918,64,true
2026-04-03T16:41:18.921498-04:00,write,key0,608.252,82,false
2026-04-03T16:41:18.922996-04:00,write,key4,606.974,85,false
2026-04-03T16:41:19.527077-04:00,read,key1,3.222,64,true
2026-04-03T16:41:18.926779-04:00,write,key7,605.967,69,false
2026-04-03T16:41:19.528703-04:00,read,key6,4.800,74,false
2026-04-03T16:41:19.529769-04:00,read,key9,3.923,77,false
2026-04-03T16:41:19.527592-04:00,read,key8,6.300,83,false
2026-04-03T16:41:19.527594-04:00,read,key2,6.304,63,false
2026-04-03T16:41:19.528496-04:00,read,key8,5.684,83,false
2026-04-03T16:41:19.532812-04:00,read,key7,2.439,69,false
2026-04-03T16:41:19.534194-04:00,read,key7,1.538,69,false
2026-04-03T16:41:19.533908-04:00,read,key2,1.880,63,false
2026-04-03T16:41:19.533521-04:00,read,key0,2.461,83,false
2026-04-03T16:41:19.533707-04:00,read,key8,2.363,83,false
2026-04-03T16:41:19.533907-04:00,read,key8,2.295,83,false
2026-04-03T16:41:19.530315-04:00,read,key4,6.788,85,false
2026-04-03T16:41:19.536079-04:00,read,key6,1.047,74,false
2026-04-03T16:41:19.530006-04:00,read,key7,7.120,67,true
2026-04-03T16:41:19.536007-04:00,read,key7,1.166,69,false
2026-04-03T16:41:19.535748-04:00,read,key9,1.424,76,true
2026-04-03T16:41:19.535802-04:00,read,key9,1.358,76,true
2026-04-03T16:41:19.537189-04:00,read,key8,0.637,83,false
2026-04-03T16:41:19.537139-04:00,read,key5,0.721,78,false
2026-04-03T16:41:19.537181-04:00,read,key5,0.748,78,false
2026-04-03T16:41:19.53621-04:00,read,key6,1.809,74,false
2026-04-03T16:41:19.537137-04:00,read,key1,0.919,65,false
2026-04-03T16:41:19.537182-04:00,read,key4,0.890,82,true
2026-04-03T16:41:19.537838-04:00,read,key5,0.708,78,false
2026-04-03T16:41:19.537944-04:00,read,key5,0.628,78,false
2026-04-03T16:41:19.537868-04:00,read,key0,0.705,83,false
2026-04-03T16:41:19.538028-04:00,read,key3,0.765,83,false
2026-04-03T16:41:19.538063-04:00,read,key8,0.748,83,false
2026-04-03T16:41:19.538085-04:00,read,key4,1.128,85,false
2026-04-03T16:41:19.538582-04:00,read,key2,0.729,63,false
2026-04-03T16:41:19.538578-04:00,read,key9,0.835,76,true
2026-04-03T16:41:19.538803-04:00,read,key0,0.722,83,false
2026-04-03T16:41:19.538818-04:00,read,key1,0.734,64,true
2026-04-03T16:41:19.537129-04:00,read,key2,2.442,63,false
2026-04-03T16:41:19.538557-04:00,read,key0,1.037,80,true
2026-04-03T16:41:19.539223-04:00,read,key7,0.857,67,true
2026-04-03T16:41:19.539544-04:00,read,key6,0.572,74,false
2026-04-03T16:41:19.539581-04:00,read,key6,0.583,74,false
2026-04-03T16:41:19.539606-04:00,read,key1,0.573,64,true
2026-04-03T16:41:19.539559-04:00,read,key2,0.820,63,false
2026-04-03T16:41:19.539319-04:00,read,key6,1.079,74,false
2026-04-03T16:41:19.540125-04:00,read,key0,0.603,80,true
2026-04-03T16:41:19.540174-04:00,read,key8,0.739,83,false
2026-04-03T16:41:19.540406-04:00,read,key2,0.601,63,false
2026-04-03T16:41:19.540188-04:00,read,key3,0.835,83,false
2026-04-03T16:41:19.540387-04:00,read,key9,0.691,76,true
2026-04-03T16:41:19.540102-04:00,read,key6,1.073,74,false
2026-04-03T16:41:19.540822-04:00,read,key6,0.482,74,false
2026-04-03T16:41:19.541032-04:00,read,key9,0.738,77,false
2026-04-03T16:41:19.541198-04:00,read,key9,0.582,77,false
2026-04-03T16:41:19.541016-04:00,read,key3,0.775,83,false
2026-04-03T16:41:19.541088-04:00,read,key9,0.734,76,true
2026-04-03T16:41:19.541789-04:00,read,key8,0.650,83,false
2026-04-03T16:41:19.541781-04:00,read,key2,0.662,63,false
2026-04-03T16:41:19.541828-04:00,read,key6,0.688,74,false
2026-04-03T16:41:19.541809-04:00,read,key1,0.744,65,false
2026-04-03T16:41:19.54245-04:00,read,key8,0.473,83,false
2026-04-03T16:41:19.541321-04:00,read,key4,1.620,85,false
2026-04-03T16:41:19.542525-04:00,read,key3,0.620,83,false
2026-04-03T16:41:19.542559-04:00,read,key6,0.764,74,false
2026-04-03T16:41:19.543154-04:00,read,key2,0.428,63,false
2026-04-03T16:41:19.542952-04:00,read,key0,0.650,80,true
2026-04-03T16:41:19.542934-04:00,read,key5,0.790,78,false
2026-04-03T16:41:19.543331-04:00,read,key3,0.630,83,false
2026-04-03T16:41:19.543592-04:00,read,key1,0.374,64,true
2026-04-03T16:41:19.543973-04:00,read,key8,0.511,83,false
2026-04-03T16:41:19.543735-04:00,read,key8,0.828,83,false
2026-04-03T16:41:19.543973-04:00,read,key2,0.680,63,false
2026-04-03T16:41:19.544495-04:00,read,key2,0.348,63,false
2026-04-03T16:41:19.544571-04:00,read,key5,0.429,78,false
2026-04-03T16:41:19.543609-04:00,read,key4,1.488,82,true
2026-04-03T16:41:19.544661-04:00,read,key7,0.631,67,true
2026-04-03T16:41:19.54485-04:00,read,key0,0.469,80,true
2026-04-03T16:41:19.545008-04:00,read,key1,0.426,65,false
2026-04-03T16:41:19.545335-04:00,read,key3,0.368,83,false
2026-04-03T16:41:19.5453-04:00,read,key1,0.403,65,false
2026-04-03T16:41:19.545442-04:00,read,key7,0.454,67,true
2026-04-03T16:41:18.940201-04:00,write,key0,605.940,83,false
2026-04-03T16:41:19.54571-04:00,read,key3,0.440,83,false
2026-04-03T16:41:19.545712-04:00,read,key9,0.442,77,false
2026-04-03T16:41:19.546161-04:00,read,key0,0.754,83,false
2026-04-03T16:41:19.545903-04:00,read,key3,1.014,83,false
2026-04-03T16:41:19.546157-04:00,read,key5,0.832,78,false
2026-04-03T16:41:19.54615-04:00,read,key4,1.105,82,true
2026-04-03T16:41:19.546934-04:00,read,key6,0.385,74,false
2026-04-03T16:41:19.546926-04:00,read,key3,0.505,83,false
2026-04-03T16:41:19.547439-04:00,read,key1,0.351,64,true
2026-04-03T16:41:19.547327-04:00,read,key4,0.465,82,true
2026-04-03T16:41:19.547001-04:00,read,key9,0.785,76,true
2026-04-03T16:41:19.547798-04:00,read,key0,0.381,80,true
2026-04-03T16:41:19.547803-04:00,read,key5,0.377,78,false
2026-04-03T16:41:19.547263-04:00,read,key0,1.124,80,true
2026-04-03T16:41:19.547799-04:00,read,key5,0.590,78,false
2026-04-03T16:41:19.548186-04:00,read,key2,0.307,63,false
2026-04-03T16:41:19.548187-04:00,read,key6,0.338,74,false
2026-04-03T16:41:19.548394-04:00,read,key4,0.334,82,true
2026-04-03T16:41:19.548396-04:00,read,key2,0.336,63,false
2026-04-03T16:41:19.548531-04:00,read,key1,0.305,65,false
2026-04-03T16:41:19.5485-04:00,read,key5,0.370,78,false
2026-04-03T16:41:19.548842-04:00,read,key4,0.317,82,true
2026-04-03T16:41:19.548756-04:00,read,key9,0.505,76,true
2026-04-03T16:41:19.548734-04:00,read,key4,0.545,85,false
2026-04-03T16:41:19.548875-04:00,read,key9,0.410,77,false
2026-04-03T16:41:19.549167-04:00,read,key3,0.305,83,false
2026-04-03T16:41:19.549293-04:00,read,key0,0.350,80,true
2026-04-03T16:41:19.549269-04:00,read,key3,0.380,83,false
2026-04-03T16:41:19.549285-04:00,read,key3,0.399,83,false
2026-04-03T16:41:19.549478-04:00,read,key7,0.561,67,true
2026-04-03T16:41:19.549649-04:00,read,key9,0.445,77,false
2026-04-03T16:41:19.549661-04:00,read,key0,0.456,83,false
2026-04-03T16:41:19.550103-04:00,read,key5,0.396,78,false
2026-04-03T16:41:19.550123-04:00,read,key8,0.388,83,false
2026-04-03T16:41:19.550054-04:00,read,key7,0.492,67,true
2026-04-03T16:41:19.550508-04:00,read,key8,0.324,83,false
2026-04-03T16:41:19.550562-04:00,read,key5,0.294,78,false
2026-04-03T16:41:19.550519-04:00,read,key6,0.341,74,false
2026-04-03T16:41:19.550839-04:00,read,key4,0.388,82,true
2026-04-03T16:41:19.550862-04:00,read,key8,0.399,83,false
2026-04-03T16:41:19.550866-04:00,read,key1,0.377,64,true
2026-04-03T16:41:19.551235-04:00,read,key9,0.337,77,false
2026-04-03T16:41:19.551269-04:00,read,key2,0.307,63,false
2026-04-03T16:41:19.551267-04:00,read,key1,0.308,64,true
2026-04-03T16:41:19.551583-04:00,read,key3,0.277,83,false
2026-04-03T16:41:19.551591-04:00,read,key9,0.316,77,false
2026-04-03T16:41:19.551579-04:00,read,key5,0.339,78,false
2026-04-03T16:41:19.551866-04:00,read,key2,0.287,63,false
2026-04-03T16:41:19.551924-04:00,read,key4,0.353,85,false
2026-04-03T16:41:19.55216-04:00,read,key2,0.244,63,false
2026-04-03T16:41:19.552283-04:00,read,key1,0.351,64,true
2026-04-03T16:41:19.552411-04:00,read,key8,0.398,83,false
2026-04-03T16:41:19.552642-04:00,read,key4,0.369,82,true
2026-04-03T16:41:19.552816-04:00,read,key5,0.381,78,false
2026-04-03T16:41:19.553018-04:00,read,key8,0.439,83,false
2026-04-03T16:41:19.553203-04:00,read,key2,0.290,63,false
2026-04-03T16:41:19.553464-04:00,read,key1,0.222,65,false
2026-04-03T16:41:19.5535-04:00,read,key6,0.249,74,false
2026-04-03T16:41:19.553692-04:00,read,key0,0.245,83,false
2026-04-03T16:41:19.528571-04:00,write,key5,611.713,79,false
2026-04-03T16:41:20.140365-04:00,read,key5,1.506,78,true
2026-04-03T16:41:19.535281-04:00,write,key5,607.387,80,false
2026-04-03T16:41:20.141925-04:00,read,key7,1.348,68,true
2026-04-03T16:41:20.142694-04:00,read,key4,1.416,86,false
2026-04-03T16:41:20.143297-04:00,read,key9,1.271,77,false
2026-04-03T16:41:20.144133-04:00,read,key2,0.953,64,false
2026-04-03T16:41:20.144585-04:00,read,key8,0.960,84,false
2026-04-03T16:41:20.145106-04:00,read,key0,0.921,83,false
2026-04-03T16:41:20.145559-04:00,read,key7,1.062,71,false
2026-04-03T16:41:19.539436-04:00,write,key5,607.281,81,false
2026-04-03T16:41:19.54093-04:00,write,key7,606.749,70,false
2026-04-03T16:41:19.542458-04:00,write,key5,605.261,82,false
2026-04-03T16:41:20.146045-04:00,read,key7,2.770,69,true
2026-04-03T16:41:20.146637-04:00,read,key8,2.322,84,false
2026-04-03T16:41:20.147757-04:00,read,key9,2.116,77,false
2026-04-03T16:41:20.1477-04:00,read,key3,2.414,83,false
2026-04-03T16:41:20.148979-04:00,read,key7,1.431,68,true
2026-04-03T16:41:20.148838-04:00,read,key9,1.610,77,false
2026-04-03T16:41:20.150424-04:00,read,key1,1.242,65,false
2026-04-03T16:41:20.150129-04:00,read,key1,1.549,65,false
2026-04-03T16:41:20.149895-04:00,read,key2,1.793,63,false
2026-04-03T16:41:20.150461-04:00,read,key5,1.445,78,true
2026-04-03T16:41:19.545111-04:00,write,key2,607.145,64,false
2026-04-03T16:41:20.151692-04:00,read,key6,2.100,74,false
2026-04-03T16:41:20.151685-04:00,read,key3,2.216,83,false
2026-04-03T16:41:20.151921-04:00,read,key7,2.013,71,false
2026-04-03T16:41:20.151703-04:00,read,key8,2.477,83,false
2026-04-03T16:41:20.152275-04:00,read,key6,1.958,75,false
2026-04-03T16:41:20.154194-04:00,read,key3,2.183,83,false
2026-04-03T16:41:20.153947-04:00,read,key9,2.477,77,false
2026-04-03T16:41:20.153915-04:00,read,key7,2.567,71,false
2026-04-03T16:41:20.153813-04:00,read,key8,2.689,83,false
2026-04-03T16:41:19.549696-04:00,write,key7,607.479,71,false
2026-04-03T16:41:20.156517-04:00,read,key1,0.963,65,false
2026-04-03T16:41:20.156397-04:00,read,key6,1.437,74,false
2026-04-03T16:41:20.156495-04:00,read,key9,1.359,77,false
2026-04-03T16:41:20.156437-04:00,read,key1,1.418,65,false
2026-04-03T16:41:20.154245-04:00,read,key9,3.665,77,false
2026-04-03T16:41:20.157869-04:00,read,key7,0.702,71,false
2026-04-03T16:41:20.157844-04:00,read,key8,0.744,83,false
2026-04-03T16:41:20.157919-04:00,read,key7,0.871,69,true
2026-04-03T16:41:20.157491-04:00,read,key8,1.468,84,false
2026-04-03T16:41:20.158611-04:00,read,key4,0.915,85,false
2026-04-03T16:41:20.158798-04:00,read,key5,0.729,82,false
2026-04-03T16:41:20.158585-04:00,read,key9,0.990,77,false
2026-04-03T16:41:20.15898-04:00,read,key1,0.952,65,false
2026-04-03T16:41:20.159545-04:00,read,key7,0.387,68,true
2026-04-03T16:41:20.159586-04:00,read,key0,0.579,83,false
2026-04-03T16:41:20.159971-04:00,read,key8,0.573,84,false
2026-04-03T16:41:20.159942-04:00,read,key2,0.642,63,true
2026-04-03T16:41:20.160174-04:00,read,key9,0.678,77,false
2026-04-03T16:41:19.551919-04:00,write,key6,609.216,75,false
2026-04-03T16:41:20.160553-04:00,read,key4,0.617,86,false
2026-04-03T16:41:19.553956-04:00,write,key4,607.453,86,false
2026-04-03T16:41:19.553758-04:00,write,key8,607.654,84,false
2026-04-03T16:41:20.160862-04:00,read,key8,0.621,83,true
2026-04-03T16:41:20.161179-04:00,read,key5,0.762,78,true
2026-04-03T16:41:20.161144-04:00,read,key1,0.897,65,false
2026-04-03T16:41:20.161419-04:00,read,key1,0.767,65,false
2026-04-03T16:41:20.161435-04:00,read,key0,0.811,83,false
2026-04-03T16:41:20.16149-04:00,read,key6,1.384,75,false
2026-04-03T16:41:20.162049-04:00,read,key1,0.807,65,false
2026-04-03T16:41:20.162262-04:00,read,key2,0.666,63,true
2026-04-03T16:41:20.162214-04:00,read,key2,0.722,64,false
2026-04-03T16:41:20.1629-04:00,read,key7,0.592,68,true
2026-04-03T16:41:20.162886-04:00,read,key5,0.617,82,false
2026-04-03T16:41:20.162936-04:00,read,key0,0.614,83,false
2026-04-03T16:41:20.162944-04:00,read,key2,0.619,64,false
2026-04-03T16:41:20.163569-04:00,read,key8,0.582,84,false
2026-04-03T16:41:20.163503-04:00,read,key2,0.698,63,true
2026-04-03T16:41:20.164208-04:00,read,key3,0.336,83,false
2026-04-03T16:41:20.164165-04:00,read,key6,0.559,74,true
2026-04-03T16:41:20.164553-04:00,read,key8,0.403,84,false
2026-04-03T16:41:20.164731-04:00,read,key3,0.598,83,false
2026-04-03T16:41:20.164963-04:00,read,key5,0.368,78,true
2026-04-03T16:41:20.165338-04:00,read,key4,0.316,85,true
2026-04-03T16:41:20.165661-04:00,read,key2,0.288,63,true
2026-04-03T16:41:20.165956-04:00,read,key9,0.389,77,false
2026-04-03T16:41:20.146762-04:00,write,key8,607.061,85,false
2026-04-03T16:41:20.753873-04:00,read,key7,0.534,71,false
2026-04-03T16:41:20.75442-04:00,read,key6,0.316,75,false
2026-04-03T16:41:20.754746-04:00,read,key9,0.497,77,false
2026-04-03T16:41:20.157229-04:00,write,key6,603.655,76,false
2026-04-03T16:41:20.760903-04:00,read,key5,0.446,81,true
2026-04-03T16:41:20.761358-04:00,read,key5,0.336,81,true
2026-04-03T16:41:20.761701-04:00,read,key1,0.364,65,false
2026-04-03T16:41:20.762072-04:00,read,key3,0.292,83,false
2026-04-03T16:41:20.762372-04:00,read,key1,0.392,65,false
2026-04-03T16:41:20.762771-04:00,read,key1,0.441,66,false
2026-04-03T16:41:20.157871-04:00,write,key4,605.364,87,false
2026-04-03T16:41:20.76322-04:00,read,key6,0.436,75,true
2026-04-03T16:41:20.763243-04:00,read,key3,0.416,84,false
2026-04-03T16:41:20.763664-04:00,read,key1,0.338,66,false
2026-04-03T16:41:20.764009-04:00,read,key1,0.297,66,false
2026-04-03T16:41:20.764314-04:00,read,key4,0.258,87,false
2026-04-03T16:41:20.159558-04:00,write,key3,606.068,84,false
2026-04-03T16:41:20.765632-04:00,read,key6,0.353,75,true
2026-04-03T16:41:20.765991-04:00,read,key2,0.380,64,false
2026-04-03T16:41:20.766379-04:00,read,key2,0.296,64,false
2026-04-03T16:41:20.766682-04:00,read,key5,0.258,82,false
2026-04-03T16:41:20.766945-04:00,read,key5,0.300,82,false
2026-04-03T16:41:20.767251-04:00,read,key8,0.300,84,true
2026-04-03T16:41:20.767559-04:00,read,key8,0.250,84,true
2026-04-03T16:41:20.767817-04:00,read,key1,0.375,65,false
2026-04-03T16:41:20.161959-04:00,write,key0,606.253,84,false
2026-04-03T16:41:20.1606-04:00,write,key7,607.719,72,false
2026-04-03T16:41:20.7682-04:00,read,key9,0.429,77,false
2026-04-03T16:41:20.163516-04:00,write,key0,605.288,85,false
2026-04-03T16:41:20.768324-04:00,read,key9,0.515,77,false
2026-04-03T16:41:20.165342-04:00,write,key6,603.585,77,false
2026-04-03T16:41:20.768638-04:00,read,key1,0.529,66,false
2026-04-03T16:41:20.768829-04:00,read,key0,0.426,85,false
2026-04-03T16:41:20.768847-04:00,read,key0,0.491,83,true
2026-04-03T16:41:20.769265-04:00,read,key7,0.502,73,false
2026-04-03T16:41:20.769176-04:00,read,key9,0.607,77,false
2026-04-03T16:41:20.769791-04:00,read,key3,0.436,84,false
2026-04-03T16:41:20.769776-04:00,read,key3,0.515,83,true
2026-04-03T16:41:20.769346-04:00,read,key2,0.925,64,false
2026-04-03T16:41:20.770235-04:00,read,key4,0.329,87,false
2026-04-03T16:41:20.770298-04:00,read,key5,0.405,82,false
2026-04-03T16:41:20.770299-04:00,read,key2,0.408,64,false
2026-04-03T16:41:20.770572-04:00,read,key6,0.336,75,true
2026-04-03T16:41:20.77071-04:00,read,key9,0.365,77,false
2026-04-03T16:41:20.16356-04:00,write,key7,607.556,73,false
2026-04-03T16:41:20.770714-04:00,read,key9,0.561,77,false
2026-04-03T16:41:20.770915-04:00,read,key9,0.428,77,false
2026-04-03T16:41:20.166355-04:00,write,key1,605.125,66,false
2026-04-03T16:41:20.7711-04:00,read,key2,0.536,64,false
2026-04-03T16:41:20.771282-04:00,read,key9,0.449,77,false
2026-04-03T16:41:20.771127-04:00,read,key6,0.615,75,true
2026-04-03T16:41:20.771494-04:00,read,key2,0.461,64,false
2026-04-03T16:41:20.771352-04:00,read,key8,0.626,85,false
2026-04-03T16:41:20.771643-04:00,read,key0,0.659,85,false
2026-04-03T16:41:20.771984-04:00,read,key0,0.365,83,true
2026-04-03T16:41:20.771757-04:00,read,key8,0.680,84,true
2026-04-03T16:41:20.771737-04:00,read,key1,0.721,66,false
2026-04-03T16:41:20.771964-04:00,read,key8,0.576,85,false
2026-04-03T16:41:20.77231-04:00,read,key3,0.534,84,false
2026-04-03T16:41:20.772465-04:00,read,key5,0.403,81,true
2026-04-03T16:41:20.772547-04:00,read,key1,0.323,66,false
2026-04-03T16:41:20.772357-04:00,read,key2,0.526,64,false
2026-04-03T16:41:20.77286-04:00,read,key5,0.566,81,true
2026-04-03T16:41:20.772877-04:00,read,key9,0.553,77,false
2026-04-03T16:41:20.772888-04:00,read,key3,0.543,83,true
2026-04-03T16:41:20.773434-04:00,read,key4,0.281,86,true
2026-04-03T16:41:20.772444-04:00,read,key4,1.430,87,false
2026-04-03T16:41:20.773437-04:00,read,key6,0.468,77,false
2026-04-03T16:41:20.773438-04:00,read,key9,0.644,77,false
2026-04-03T16:41:20.773723-04:00,read,key8,0.483,84,true
2026-04-03T16:41:20.772875-04:00,read,key3,1.346,84,false
2026-04-03T16:41:20.773882-04:00,read,key0,0.362,83,true
2026-04-03T16:41:20.774109-04:00,read,key5,0.542,81,true
2026-04-03T16:41:20.774235-04:00,read,key8,0.431,84,true
2026-04-03T16:41:20.774255-04:00,read,key9,0.614,77,false
2026-04-03T16:41:20.774677-04:00,read,key7,0.347,73,false
2026-04-03T16:41:20.774661-04:00,read,key2,0.396,64,false
2026-04-03T16:41:20.775031-04:00,read,key2,0.302,64,false
2026-04-03T16:41:20.775066-04:00,read,key2,0.290,64,false
2026-04-03T16:41:20.774877-04:00,read,key1,0.492,66,false
2026-04-03T16:41:20.77534-04:00,read,key7,0.244,71,true
2026-04-03T16:41:20.775591-04:00,read,key2,0.232,64,false
2026-04-03T16:41:20.775829-04:00,read,key3,0.304,84,false
2026-04-03T16:41:20.776141-04:00,read,key4,0.292,86,true
2026-04-03T16:41:20.77644-04:00,read,key5,0.252,81,true
2026-04-03T16:41:20.776698-04:00,read,key7,0.203,73,false
2026-04-03T16:41:20.763671-04:00,write,key1,610.557,68,false
2026-04-03T16:41:20.764582-04:00,write,key9,609.708,78,false
2026-04-03T16:41:20.755261-04:00,write,key1,618.967,67,false
2026-04-03T16:41:20.768222-04:00,write,key1,607.658,69,false
2026-04-03T16:41:20.768947-04:00,write,key4,608.002,88,false
2026-04-03T16:41:21.375974-04:00,read,key4,2.703,87,true
2026-04-03T16:41:21.374306-04:00,read,key1,4.486,66,true
2026-04-03T16:41:21.374474-04:00,read,key7,4.313,73,false
2026-04-03T16:41:21.374322-04:00,read,key3,4.586,84,false
2026-04-03T16:41:21.378935-04:00,read,key0,1.682,86,false
2026-04-03T16:41:21.378807-04:00,read,key6,1.864,77,false
2026-04-03T16:41:21.378702-04:00,read,key7,1.984,73,false
2026-04-03T16:41:21.378804-04:00,read,key2,1.880,64,false
2026-04-03T16:41:21.380702-04:00,read,key1,1.738,69,false
2026-04-03T16:41:20.774216-04:00,write,key4,608.242,89,false
2026-04-03T16:41:21.380701-04:00,read,key6,1.983,77,false
2026-04-03T16:41:20.775366-04:00,write,key0,607.447,86,false
2026-04-03T16:41:20.77392-04:00,write,key8,609.039,86,false
2026-04-03T16:41:20.775378-04:00,write,key5,607.773,83,false
2026-04-03T16:41:21.380641-04:00,read,key3,3.500,84,false
2026-04-03T16:41:20.776912-04:00,write,key6,608.956,78,false
2026-04-03T16:41:21.382697-04:00,read,key6,4.727,77,true
2026-04-03T16:41:21.382471-04:00,read,key9,5.324,77,true
2026-04-03T16:41:21.382471-04:00,read,key8,6.035,85,true
2026-04-03T16:41:21.382828-04:00,read,key3,5.681,84,false
2026-04-03T16:41:21.384189-04:00,read,key2,5.807,64,false
2026-04-03T16:41:21.387449-04:00,read,key8,2.579,85,true
2026-04-03T16:41:21.385884-04:00,read,key5,4.927,81,true
2026-04-03T16:41:21.382988-04:00,read,key2,7.999,64,false
2026-04-03T16:41:21.388521-04:00,read,key3,2.507,84,false
2026-04-03T16:41:21.388521-04:00,read,key5,2.670,81,true
2026-04-03T16:41:21.390037-04:00,read,key9,1.689,77,true
2026-04-03T16:41:21.391-04:00,read,key5,0.983,83,false
2026-04-03T16:41:21.39104-04:00,read,key6,1.209,78,false
2026-04-03T16:41:21.391203-04:00,read,key2,1.067,64,false
2026-04-03T16:41:21.390045-04:00,read,key5,2.231,81,true
2026-04-03T16:41:21.392261-04:00,read,key5,0.851,82,true
2026-04-03T16:41:21.392287-04:00,read,key1,0.849,66,true
2026-04-03T16:41:21.392279-04:00,read,key5,1.073,83,false
2026-04-03T16:41:21.393129-04:00,read,key1,0.616,66,true
2026-04-03T16:41:21.393146-04:00,read,key3,0.621,84,false
2026-04-03T16:41:21.393362-04:00,read,key0,0.468,86,false
2026-04-03T16:41:21.393775-04:00,read,key7,0.406,73,false
2026-04-03T16:41:21.393836-04:00,read,key1,0.399,69,false
2026-04-03T16:41:21.394243-04:00,read,key3,0.360,84,false
2026-04-03T16:41:21.39419-04:00,read,key0,0.416,85,true
2026-04-03T16:41:21.394611-04:00,read,key2,0.519,64,false
2026-04-03T16:41:21.377032-04:00,write,key0,617.123,87,false
2026-04-03T16:41:21.380703-04:00,write,key8,613.573,87,false
2026-04-03T16:41:21.994238-04:00,read,key9,1.476,78,false
2026-04-03T16:41:21.994338-04:00,read,key0,1.408,86,true
2026-04-03T16:41:21.995763-04:00,read,key0,1.535,86,true
2026-04-03T16:41:21.390837-04:00,write,key8,606.510,88,false
2026-04-03T16:41:21.387818-04:00,write,key0,609.607,88,false
2026-04-03T16:41:21.995742-04:00,read,key4,1.973,89,false
2026-04-03T16:41:21.383217-04:00,write,key7,614.501,74,false
2026-04-03T16:41:21.997443-04:00,read,key2,2.243,64,false
2026-04-03T16:41:21.997327-04:00,read,key3,2.658,85,false
2026-04-03T16:41:21.997752-04:00,read,key6,3.170,78,false
2026-04-03T16:41:21.997401-04:00,read,key6,3.924,79,false
2026-04-03T16:41:21.999711-04:00,read,key5,2.826,83,false
2026-04-03T16:41:22.00134-04:00,read,key8,1.199,88,false
2026-04-03T16:41:22.000939-04:00,read,key0,1.678,89,false
2026-04-03T16:41:21.391759-04:00,write,key1,611.296,70,false
2026-04-03T16:41:21.394618-04:00,write,key6,608.477,79,false
2026-04-03T16:41:22.000323-04:00,read,key5,2.889,83,false
2026-04-03T16:41:21.39376-04:00,write,key7,610.082,75,false
2026-04-03T16:41:21.392006-04:00,write,key3,611.872,85,false
2026-04-03T16:41:21.395144-04:00,write,key0,608.836,89,false
2026-04-03T16:41:22.002591-04:00,read,key3,4.014,85,false
2026-04-03T16:41:22.003105-04:00,read,key6,3.509,78,true
2026-04-03T16:41:22.003226-04:00,read,key9,3.620,78,false
2026-04-03T16:41:22.00257-04:00,read,key3,4.332,84,true
2026-04-03T16:41:22.003067-04:00,read,key4,3.910,89,false
2026-04-03T16:41:22.003918-04:00,read,key9,3.838,78,false
2026-04-03T16:41:22.006629-04:00,read,key7,2.544,73,true
2026-04-03T16:41:22.006915-04:00,read,key9,2.347,78,false
2026-04-03T16:41:22.003897-04:00,read,key0,5.366,86,true
2026-04-03T16:41:22.003999-04:00,read,key0,5.263,86,true
2026-04-03T16:41:22.007774-04:00,read,key8,1.562,88,false
2026-04-03T16:41:22.006629-04:00,read,key3,2.711,84,true
2026-04-03T16:41:22.006989-04:00,read,key3,2.522,85,false
2026-04-03T16:41:22.009191-04:00,read,key5,0.726,83,false
2026-04-03T16:41:22.009343-04:00,read,key2,0.985,64,false
2026-04-03T16:41:22.009348-04:00,read,key9,1.180,78,false
2026-04-03T16:41:22.009271-04:00,read,key3,1.256,84,true
2026-04-03T16:41:22.009304-04:00,read,key3,1.247,84,true
2026-04-03T16:41:22.009519-04:00,read,key8,1.715,86,true
2026-04-03T16:41:22.010559-04:00,read,key7,0.674,75,false
2026-04-03T16:41:22.010349-04:00,read,key6,0.963,78,true
2026-04-03T16:41:22.010537-04:00,read,key7,0.963,73,true
2026-04-03T16:41:22.010538-04:00,read,key8,0.967,86,true
2026-04-03T16:41:22.00994-04:00,read,key3,1.641,84,true
2026-04-03T16:41:22.011247-04:00,read,key1,0.664,70,false
2026-04-03T16:41:22.011322-04:00,read,key8,0.588,86,true
2026-04-03T16:41:22.011529-04:00,read,key6,0.801,79,false
2026-04-03T16:41:22.011519-04:00,read,key4,0.841,89,false
2026-04-03T16:41:22.011596-04:00,read,key7,0.769,75,false
2026-04-03T16:41:22.01192-04:00,read,key4,0.932,89,false
2026-04-03T16:41:22.012369-04:00,read,key5,0.676,83,false
2026-04-03T16:41:22.012374-04:00,read,key2,0.711,64,false
2026-04-03T16:41:22.012341-04:00,read,key7,0.745,73,true
2026-04-03T16:41:22.011928-04:00,read,key1,1.421,70,false
2026-04-03T16:41:22.012864-04:00,read,key7,0.508,75,false
2026-04-03T16:41:22.013094-04:00,read,key0,0.569,89,false
2026-04-03T16:41:22.013053-04:00,read,key5,0.612,83,false
2026-04-03T16:41:22.013117-04:00,read,key1,0.755,67,true
2026-04-03T16:41:22.013366-04:00,read,key0,0.605,86,true
2026-04-03T16:41:22.013672-04:00,read,key0,0.580,89,false
2026-04-03T16:41:22.013881-04:00,read,key1,0.848,70,false
2026-04-03T16:41:22.01338-04:00,read,key3,1.338,84,true
2026-04-03T16:41:22.013986-04:00,read,key7,0.768,75,false
2026-04-03T16:41:22.014262-04:00,read,key9,0.571,78,false
2026-04-03T16:41:22.014761-04:00,read,key9,0.455,78,false
2026-04-03T16:41:22.014739-04:00,read,key1,0.539,68,true
2026-04-03T16:41:22.014841-04:00,read,key9,0.627,78,false
2026-04-03T16:41:22.014739-04:00,read,key6,0.759,78,true
2026-04-03T16:41:22.015286-04:00,read,key3,0.480,85,false
2026-04-03T16:41:22.015227-04:00,read,key6,0.546,79,false
2026-04-03T16:41:22.015505-04:00,read,key9,0.531,78,false
2026-04-03T16:41:22.016045-04:00,read,key9,0.353,78,false
2026-04-03T16:41:22.015781-04:00,read,key4,0.632,89,false
2026-04-03T16:41:22.015475-04:00,read,key1,0.963,70,false
2026-04-03T16:41:22.015773-04:00,read,key5,0.767,83,false
2026-04-03T16:41:22.016547-04:00,read,key9,0.289,78,false
2026-04-03T16:41:22.016409-04:00,read,key1,0.461,70,false
2026-04-03T16:41:22.01689-04:00,read,key2,0.441,64,false
2026-04-03T16:41:22.016843-04:00,read,key9,0.501,78,false
2026-04-03T16:41:22.017354-04:00,read,key2,0.427,64,false
2026-04-03T16:41:22.017338-04:00,read,key2,0.458,64,false
2026-04-03T16:41:22.01779-04:00,read,key2,0.388,64,false
2026-04-03T16:41:22.017804-04:00,read,key6,0.387,79,false
2026-04-03T16:41:22.018186-04:00,read,key2,0.341,64,false
2026-04-03T16:41:22.018198-04:00,read,key3,0.391,84,true
2026-04-03T16:41:22.018596-04:00,read,key2,0.373,64,false
2026-04-03T16:41:22.018534-04:00,read,key4,0.641,89,false
2026-04-03T16:41:22.018981-04:00,read,key2,0.385,64,false
2026-04-03T16:41:22.019182-04:00,read,key0,0.407,89,false
2026-04-03T16:41:22.019597-04:00,read,key9,0.343,78,false
2026-04-03T16:41:21.99775-04:00,write,key7,617.511,76,false
2026-04-03T16:41:22.002645-04:00,write,key3,612.674,86,false
2026-04-03T16:41:22.615353-04:00,read,key8,1.554,89,false
2026-04-03T16:41:22.61534-04:00,read,key5,1.600,83,false
2026-04-03T16:41:22.61694-04:00,read,key7,1.040,78,false
2026-04-03T16:41:22.006871-04:00,write,key7,611.245,77,false
2026-04-03T16:41:22.009312-04:00,write,key2,608.919,65,false
2026-04-03T16:41:22.616961-04:00,read,key1,1.887,70,false
2026-04-03T16:41:22.61825-04:00,read,key1,1.637,70,false
2026-04-03T16:41:22.618007-04:00,read,key6,1.947,79,false
2026-04-03T16:41:22.619908-04:00,read,key3,1.335,88,false
2026-04-03T16:41:22.61887-04:00,read,key9,2.439,78,false
2026-04-03T16:41:22.619969-04:00,read,key9,1.344,78,false
2026-04-03T16:41:22.011257-04:00,write,key7,610.680,78,false
2026-04-03T16:41:22.621351-04:00,read,key6,1.727,79,false
2026-04-03T16:41:22.621261-04:00,read,key9,1.875,78,false
2026-04-03T16:41:22.621327-04:00,read,key7,1.820,75,true
2026-04-03T16:41:22.016449-04:00,write,key6,608.754,80,false
2026-04-03T16:41:22.622012-04:00,read,key0,3.244,89,false
2026-04-03T16:41:22.013679-04:00,write,key3,611.607,87,false
2026-04-03T16:41:22.016427-04:00,write,key3,608.988,88,false
2026-04-03T16:41:22.019949-04:00,write,key8,607.948,89,false
2026-04-03T16:41:22.625271-04:00,read,key2,2.625,64,true
2026-04-03T16:41:22.019377-04:00,write,key5,608.559,84,false
2026-04-03T16:41:22.62316-04:00,read,key1,4.846,70,false
2026-04-03T16:41:22.623151-04:00,read,key2,4.860,65,false
2026-04-03T16:41:22.6231-04:00,read,key7,5.431,78,false
2026-04-03T16:41:22.625265-04:00,read,key3,3.317,87,true
2026-04-03T16:41:22.627929-04:00,read,key0,2.979,89,false
2026-04-03T16:41:22.627919-04:00,read,key3,3.090,88,false
2026-04-03T16:41:22.628026-04:00,read,key4,3.040,89,false
2026-04-03T16:41:22.628549-04:00,read,key0,2.836,89,false
2026-04-03T16:41:22.628003-04:00,read,key6,3.835,79,true
2026-04-03T16:41:22.628601-04:00,read,key6,3.278,79,true
2026-04-03T16:41:22.631026-04:00,read,key0,1.947,89,false
2026-04-03T16:41:22.630976-04:00,read,key5,2.067,84,false
2026-04-03T16:41:22.631404-04:00,read,key0,1.637,89,false
2026-04-03T16:41:22.631851-04:00,read,key3,1.189,85,true
2026-04-03T16:41:22.632991-04:00,read,key9,0.738,78,false
2026-04-03T16:41:22.633053-04:00,read,key7,0.745,78,false
2026-04-03T16:41:22.63306-04:00,read,key9,0.862,78,false
2026-04-03T16:41:22.631889-04:00,read,key2,2.097,65,false
2026-04-03T16:41:22.633075-04:00,read,key4,1.127,89,false
2026-04-03T16:41:22.631106-04:00,read,key9,3.205,78,false
2026-04-03T16:41:22.633743-04:00,read,key0,0.796,89,false
2026-04-03T16:41:22.633931-04:00,read,key6,0.621,79,true
2026-04-03T16:41:22.63381-04:00,read,key1,0.790,70,false
2026-04-03T16:41:22.633994-04:00,read,key5,0.610,84,false
2026-04-03T16:41:22.634332-04:00,read,key3,0.486,85,true
2026-04-03T16:41:22.63421-04:00,read,key5,0.610,83,true
2026-04-03T16:41:22.634607-04:00,read,key7,0.597,75,true
2026-04-03T16:41:22.63456-04:00,read,key5,0.895,83,true
2026-04-03T16:41:22.634548-04:00,read,key1,0.916,70,false
2026-04-03T16:41:22.634829-04:00,read,key8,0.646,89,false
2026-04-03T16:41:22.634826-04:00,read,key5,0.722,84,false
2026-04-03T16:41:22.635476-04:00,read,key8,0.767,89,false
2026-04-03T16:41:22.635214-04:00,read,key7,1.049,78,false
2026-04-03T16:41:22.635483-04:00,read,key9,0.817,78,false
2026-04-03T16:41:22.635564-04:00,read,key0,0.740,89,false
2026-04-03T16:41:22.634623-04:00,read,key8,1.770,87,true
2026-04-03T16:41:22.635481-04:00,read,key0,1.088,89,false
2026-04-03T16:41:22.636269-04:00,read,key9,0.765,78,false
2026-04-03T16:41:22.636308-04:00,read,key1,0.751,70,false
2026-04-03T16:41:22.636312-04:00,read,key7,0.773,78,false
2026-04-03T16:41:22.6364-04:00,read,key3,0.703,87,true
2026-04-03T16:41:22.63628-04:00,read,key0,0.902,89,false
2026-04-03T16:41:22.637093-04:00,read,key2,0.557,65,false
2026-04-03T16:41:22.637112-04:00,read,key7,0.761,75,true
2026-04-03T16:41:22.637075-04:00,read,key3,0.817,88,false
2026-04-03T16:41:22.636577-04:00,read,key5,1.833,84,false
2026-04-03T16:41:22.637661-04:00,read,key0,0.764,89,false
2026-04-03T16:41:22.637914-04:00,read,key4,0.585,89,false
2026-04-03T16:41:22.637881-04:00,read,key0,0.772,89,false
2026-04-03T16:41:22.638433-04:00,read,key9,0.496,78,false
2026-04-03T16:41:22.638421-04:00,read,key0,0.732,89,false
2026-04-03T16:41:22.63853-04:00,read,key3,0.680,88,false
2026-04-03T16:41:22.63866-04:00,read,key9,0.541,78,false
2026-04-03T16:41:22.639173-04:00,read,key1,0.471,70,false
2026-04-03T16:41:22.639221-04:00,read,key1,0.423,70,false
2026-04-03T16:41:22.638938-04:00,read,key2,0.707,65,false
2026-04-03T16:41:22.639655-04:00,read,key8,0.547,88,true
2026-04-03T16:41:22.639661-04:00,read,key8,0.624,89,false
2026-04-03T16:41:22.639221-04:00,read,key5,1.097,83,true
2026-04-03T16:41:22.640326-04:00,read,key3,0.382,85,true
2026-04-03T16:41:22.640292-04:00,read,key9,0.436,78,false
2026-04-03T16:41:22.640212-04:00,read,key1,0.527,70,false
2026-04-03T16:41:22.640717-04:00,read,key3,0.363,88,false
2026-04-03T16:41:22.640745-04:00,read,key9,0.575,78,false
2026-04-03T16:41:22.640746-04:00,read,key5,0.574,83,true
2026-04-03T16:41:22.641086-04:00,read,key9,0.398,78,false
2026-04-03T16:41:22.641328-04:00,read,key3,0.320,87,true
2026-04-03T16:41:22.641327-04:00,read,key7,0.360,78,false
2026-04-03T16:41:22.641492-04:00,read,key9,0.372,78,false
2026-04-03T16:41:22.641694-04:00,read,key1,0.396,70,false
2026-04-03T16:41:22.641654-04:00,read,key4,0.439,89,false
2026-04-03T16:41:22.64187-04:00,read,key7,0.581,75,true
2026-04-03T16:41:22.642096-04:00,read,key0,0.375,89,false
2026-04-03T16:41:22.642101-04:00,read,key1,0.380,70,false
2026-04-03T16:41:22.642488-04:00,read,key6,0.286,80,false
2026-04-03T16:41:22.642478-04:00,read,key1,0.438,70,false
2026-04-03T16:41:22.642781-04:00,read,key9,0.343,78,false
2026-04-03T16:41:22.642923-04:00,read,key9,0.327,78,false
2026-04-03T16:41:22.618194-04:00,write,key7,610.748,79,false
2026-04-03T16:41:23.22903-04:00,read,key7,1.585,79,false
2026-04-03T16:41:23.230659-04:00,read,key6,1.044,80,false
2026-04-03T16:41:23.231739-04:00,read,key7,1.192,78,true
2026-04-03T16:41:22.62534-04:00,write,key0,608.226,90,false
2026-04-03T16:41:23.232958-04:00,read,key5,1.600,84,false
2026-04-03T16:41:23.233584-04:00,read,key8,1.350,89,false
2026-04-03T16:41:23.234579-04:00,read,key8,0.987,89,false
2026-04-03T16:41:23.234956-04:00,read,key5,1.209,84,false
2026-04-03T16:41:22.62803-04:00,write,key4,608.818,90,false
2026-04-03T16:41:22.62543-04:00,write,key5,611.460,85,false
2026-04-03T16:41:23.236182-04:00,read,key4,1.621,89,true
2026-04-03T16:41:23.236866-04:00,read,key8,2.120,89,false
2026-04-03T16:41:23.236917-04:00,read,key6,2.191,80,false
2026-04-03T16:41:23.237836-04:00,read,key3,1.783,87,true
2026-04-03T16:41:23.239006-04:00,read,key0,1.548,91,false
2026-04-03T16:41:23.239634-04:00,read,key1,1.279,70,false
2026-04-03T16:41:23.240935-04:00,read,key0,0.926,89,true
2026-04-03T16:41:23.240574-04:00,read,key4,1.324,89,true
2026-04-03T16:41:23.241911-04:00,read,key0,0.935,91,false
2026-04-03T16:41:23.24188-04:00,read,key1,0.999,70,false
2026-04-03T16:41:23.242862-04:00,read,key8,0.931,89,false
2026-04-03T16:41:23.24289-04:00,read,key8,0.936,89,false
2026-04-03T16:41:23.243841-04:00,read,key6,0.998,80,false
2026-04-03T16:41:23.244855-04:00,read,key6,1.211,80,false
2026-04-03T16:41:22.639682-04:00,write,key5,606.400,86,false
2026-04-03T16:41:22.637062-04:00,write,key2,609.027,66,false
2026-04-03T16:41:22.637203-04:00,write,key9,608.950,79,false
2026-04-03T16:41:23.246095-04:00,read,key2,0.855,66,false
2026-04-03T16:41:23.246099-04:00,read,key6,0.850,80,false
2026-04-03T16:41:23.246169-04:00,read,key1,0.794,70,false
2026-04-03T16:41:23.24609-04:00,read,key8,0.904,89,false
2026-04-03T16:41:23.246967-04:00,read,key0,0.671,89,true
2026-04-03T16:41:23.246973-04:00,read,key2,0.696,65,true
2026-04-03T16:41:23.247655-04:00,read,key1,0.820,70,false
2026-04-03T16:41:23.247002-04:00,read,key0,1.449,89,true
2026-04-03T16:41:23.247681-04:00,read,key3,0.814,87,true
2026-04-03T16:41:23.248489-04:00,read,key4,0.544,91,false
2026-04-03T16:41:23.24849-04:00,read,key7,0.570,78,true
2026-04-03T16:41:23.248503-04:00,read,key7,0.574,79,false
2026-04-03T16:41:23.249085-04:00,read,key3,0.604,87,true
2026-04-03T16:41:23.249054-04:00,read,key9,0.683,78,true
2026-04-03T16:41:23.249747-04:00,read,key9,0.426,80,false
2026-04-03T16:41:23.249696-04:00,read,key4,0.481,91,false
2026-04-03T16:41:23.250185-04:00,read,key7,0.337,79,false
2026-04-03T16:41:23.25018-04:00,read,key9,0.359,80,false
2026-04-03T16:41:23.250546-04:00,read,key2,0.294,66,false
2026-04-03T16:41:23.25053-04:00,read,key0,0.444,89,true
2026-04-03T16:41:23.250847-04:00,read,key6,0.381,80,false
2026-04-03T16:41:23.250983-04:00,read,key1,0.329,70,false
2026-04-03T16:41:23.251235-04:00,read,key0,0.417,89,true
2026-04-03T16:41:23.251319-04:00,read,key0,0.346,91,false
2026-04-03T16:41:23.251672-04:00,read,key1,0.403,70,false
2026-04-03T16:41:23.25166-04:00,read,key7,0.429,79,false
2026-04-03T16:41:22.643258-04:00,write,key0,609.074,91,false
2026-04-03T16:41:22.643134-04:00,write,key9,609.220,80,false
2026-04-03T16:41:22.642472-04:00,write,key4,609.938,91,false
2026-04-03T16:41:23.252096-04:00,read,key1,0.503,70,false
2026-04-03T16:41:23.252083-04:00,read,key7,0.841,79,false
2026-04-03T16:41:23.252361-04:00,read,key5,0.595,86,false
2026-04-03T16:41:23.252342-04:00,read,key0,0.630,89,true
2026-04-03T16:41:23.252964-04:00,read,key4,0.756,91,false
2026-04-03T16:41:23.252421-04:00,read,key4,1.352,91,false
2026-04-03T16:41:23.253184-04:00,read,key2,0.666,65,true
2026-04-03T16:41:23.25386-04:00,read,key7,0.441,79,false
2026-04-03T16:41:23.253793-04:00,read,key5,0.519,86,false
2026-04-03T16:41:23.25432-04:00,read,key9,0.388,78,true
2026-04-03T16:41:23.254311-04:00,read,key8,0.523,89,false
2026-04-03T16:41:23.254841-04:00,read,key8,0.393,89,false
2026-04-03T16:41:23.254716-04:00,read,key7,0.711,78,true
2026-04-03T16:41:23.255243-04:00,read,key7,0.438,79,false
2026-04-03T16:41:23.239148-04:00,write,key1,614.176,71,false
2026-04-03T16:41:23.243817-04:00,write,key8,609.566,90,false
2026-04-03T16:41:23.235599-04:00,write,key7,617.816,80,false
2026-04-03T16:41:23.853415-04:00,read,key1,1.743,70,true
2026-04-03T16:41:23.855193-04:00,read,key9,0.997,82,false
2026-04-03T16:41:23.246974-04:00,write,key9,609.859,81,false
2026-04-03T16:41:23.856217-04:00,read,key0,1.410,92,false
2026-04-03T16:41:23.856855-04:00,read,key4,1.551,91,false
2026-04-03T16:41:23.85765-04:00,read,key1,1.088,70,true
2026-04-03T16:41:23.858429-04:00,read,key0,0.798,91,false
2026-04-03T16:41:23.252614-04:00,write,key0,607.177,92,false
2026-04-03T16:41:23.858753-04:00,read,key6,1.080,80,false
2026-04-03T16:41:23.252938-04:00,write,key6,607.035,81,false
2026-04-03T16:41:23.249075-04:00,write,key9,611.644,82,false
2026-04-03T16:41:23.859987-04:00,read,key3,2.139,87,true
2026-04-03T16:41:23.25544-04:00,write,key2,606.746,67,false
2026-04-03T16:41:23.253741-04:00,write,key5,608.674,87,false
2026-04-03T16:41:23.859849-04:00,read,key1,2.628,70,true
2026-04-03T16:41:23.255697-04:00,write,key6,606.774,82,false
2026-04-03T16:41:23.859807-04:00,read,key1,3.677,71,false
2026-04-03T16:41:23.860827-04:00,read,key7,2.676,79,true
2026-04-03T16:41:23.862228-04:00,read,key8,9.896,90,false
2026-04-03T16:41:23.863498-04:00,read,key6,8.663,80,true
2026-04-03T16:41:23.862459-04:00,read,key0,9.716,91,true
2026-04-03T16:41:23.862148-04:00,read,key5,10.010,86,true
2026-04-03T16:41:23.8625-04:00,read,key5,9.660,86,true
2026-04-03T16:41:23.86252-04:00,read,key9,9.907,82,false
2026-04-03T16:41:23.872214-04:00,read,key1,0.777,71,false
2026-04-03T16:41:23.872188-04:00,read,key7,0.834,80,false
2026-04-03T16:41:23.872157-04:00,read,key2,0.889,66,true
2026-04-03T16:41:23.873055-04:00,read,key4,0.806,91,false
2026-04-03T16:41:23.873037-04:00,read,key1,0.910,70,true
2026-04-03T16:41:23.873005-04:00,read,key7,1.041,79,true
2026-04-03T16:41:23.873956-04:00,read,key6,0.693,80,true
2026-04-03T16:41:23.873876-04:00,read,key8,0.774,90,false
2026-04-03T16:41:23.87224-04:00,read,key1,2.785,71,false
2026-04-03T16:41:23.872438-04:00,read,key7,2.574,80,false
2026-04-03T16:41:23.874054-04:00,read,key3,0.986,87,true
2026-04-03T16:41:23.874664-04:00,read,key6,0.627,82,false
2026-04-03T16:41:23.8753-04:00,read,key3,0.572,87,true
2026-04-03T16:41:23.875059-04:00,read,key0,1.107,92,false
2026-04-03T16:41:23.875052-04:00,read,key2,1.136,66,true
2026-04-03T16:41:23.875047-04:00,read,key9,1.147,82,false
2026-04-03T16:41:23.875887-04:00,read,key3,0.541,87,true
2026-04-03T16:41:23.876178-04:00,read,key2,0.490,66,true
2026-04-03T16:41:23.876203-04:00,read,key6,0.729,82,false
2026-04-03T16:41:23.876199-04:00,read,key6,0.739,82,false
2026-04-03T16:41:23.876448-04:00,read,key5,0.484,87,false
2026-04-03T16:41:23.876677-04:00,read,key5,0.675,87,false
2026-04-03T16:41:23.876942-04:00,read,key0,0.651,92,false
2026-04-03T16:41:23.876948-04:00,read,key2,0.669,66,true
2026-04-03T16:41:23.877364-04:00,read,key0,0.407,92,false
2026-04-03T16:41:23.877778-04:00,read,key3,0.424,87,true
2026-04-03T16:41:23.87763-04:00,read,key2,0.855,66,true
2026-04-03T16:41:23.877602-04:00,read,key5,0.979,86,true
2026-04-03T16:41:23.878587-04:00,read,key3,0.471,87,true
2026-04-03T16:41:23.878216-04:00,read,key7,0.935,79,true
2026-04-03T16:41:23.879074-04:00,read,key7,0.804,79,true
2026-04-03T16:41:23.879166-04:00,read,key0,0.799,91,true
2026-04-03T16:41:23.879894-04:00,read,key4,0.474,91,false
2026-04-03T16:41:23.880002-04:00,read,key0,0.407,92,false
2026-04-03T16:41:23.880374-04:00,read,key0,0.267,91,true
2026-04-03T16:41:23.880414-04:00,read,key5,0.259,86,true
2026-04-03T16:41:23.880651-04:00,read,key2,0.321,67,false
2026-04-03T16:41:23.880679-04:00,read,key5,0.307,86,true
2026-04-03T16:41:23.880992-04:00,read,key1,0.368,71,false
2026-04-03T16:41:23.88098-04:00,read,key8,0.395,90,false
2026-04-03T16:41:23.88137-04:00,read,key2,0.321,66,true
2026-04-03T16:41:23.881382-04:00,read,key5,0.324,87,false
2026-04-03T16:41:23.881712-04:00,read,key3,0.264,87,true
2026-04-03T16:41:23.881983-04:00,read,key2,0.281,67,false
2026-04-03T16:41:23.88227-04:00,read,key7,0.342,80,false
2026-04-03T16:41:23.882619-04:00,read,key3,0.283,87,true
2026-04-03T16:41:23.882909-04:00,read,key0,0.332,91,true
2026-04-03T16:41:23.883247-04:00,read,key8,0.268,89,true
2026-04-03T16:41:23.883521-04:00,read,key3,0.257,88,false
2026-04-03T16:41:23.883784-04:00,read,key5,0.308,87,false
2026-04-03T16:41:23.884098-04:00,read,key5,0.256,86,true
2026-04-03T16:41:23.884361-04:00,read,key9,0.249,80,true
2026-04-03T16:41:23.884617-04:00,read,key8,0.245,89,true
2026-04-03T16:41:23.884868-04:00,read,key9,0.248,82,false
2026-04-03T16:41:23.885123-04:00,read,key1,0.274,70,true
2026-04-03T16:41:23.885404-04:00,read,key9,0.262,80,true
2026-04-03T16:41:23.885674-04:00,read,key7,0.236,80,false
2026-04-03T16:41:23.885918-04:00,read,key3,0.285,87,true
2026-04-03T16:41:23.88621-04:00,read,key1,0.225,70,true
2026-04-03T16:41:23.886443-04:00,read,key5,0.233,87,false
2026-04-03T16:41:23.886683-04:00,read,key1,0.242,70,true
2026-04-03T16:41:23.886934-04:00,read,key1,0.233,70,true
2026-04-03T16:41:23.887173-04:00,read,key3,0.244,88,false
2026-04-03T16:41:23.887424-04:00,read,key4,0.237,91,false
2026-04-03T16:41:23.853505-04:00,write,key1,615.052,72,false
2026-04-03T16:41:23.853425-04:00,write,key7,615.199,81,false
2026-04-03T16:41:24.468665-04:00,read,key4,1.599,91,false
2026-04-03T16:41:24.46864-04:00,read,key7,1.663,80,true
2026-04-03T16:41:24.470327-04:00,read,key3,1.028,87,true
2026-04-03T16:41:24.470299-04:00,read,key5,1.222,87,false
2026-04-03T16:41:24.471382-04:00,read,key9,0.934,82,false
2026-04-03T16:41:24.471534-04:00,read,key6,1.120,84,false
2026-04-03T16:41:24.47267-04:00,read,key3,1.003,90,false
2026-04-03T16:41:24.473687-04:00,read,key4,0.926,91,false
2026-04-03T16:41:24.474629-04:00,read,key6,0.807,82,false
2026-04-03T16:41:24.47545-04:00,read,key7,0.821,80,true
2026-04-03T16:41:24.476286-04:00,read,key4,0.842,92,false
2026-04-03T16:41:24.477142-04:00,read,key1,0.691,72,false
2026-04-03T16:41:24.477845-04:00,read,key3,0.680,87,true
2026-04-03T16:41:24.478538-04:00,read,key5,0.873,87,false
2026-04-03T16:41:24.479425-04:00,read,key2,0.678,68,false
2026-04-03T16:41:24.480115-04:00,read,key7,0.639,80,true
2026-04-03T16:41:23.863525-04:00,write,key6,618.393,83,false
2026-04-03T16:41:23.872189-04:00,write,key8,609.756,91,false
2026-04-03T16:41:23.874675-04:00,write,key3,607.342,89,false
2026-04-03T16:41:23.859256-04:00,write,key4,622.748,92,false
2026-04-03T16:41:24.480765-04:00,read,key8,1.520,91,false
2026-04-03T16:41:23.876952-04:00,write,key6,605.344,84,false
2026-04-03T16:41:24.481934-04:00,read,key6,3.161,84,false
2026-04-03T16:41:24.482351-04:00,read,key8,2.743,90,true
2026-04-03T16:41:23.878498-04:00,write,key2,606.710,68,false
2026-04-03T16:41:24.482055-04:00,read,key9,3.180,82,false
2026-04-03T16:41:24.482002-04:00,read,key3,3.316,90,false
2026-04-03T16:41:24.482052-04:00,read,key2,3.746,68,false
2026-04-03T16:41:24.482299-04:00,read,key6,3.666,84,false
2026-04-03T16:41:24.485149-04:00,read,key8,0.823,91,false
2026-04-03T16:41:24.48525-04:00,read,key2,0.764,68,false
2026-04-03T16:41:24.485221-04:00,read,key9,0.833,82,false
2026-04-03T16:41:24.485331-04:00,read,key4,0.717,91,true
2026-04-03T16:41:24.48599-04:00,read,key4,0.863,91,true
2026-04-03T16:41:24.486031-04:00,read,key3,0.833,90,false
2026-04-03T16:41:24.486089-04:00,read,key1,0.797,72,false
2026-04-03T16:41:24.486014-04:00,read,key8,0.894,91,false
2026-04-03T16:41:24.48606-04:00,read,key2,0.855,67,true
2026-04-03T16:41:24.485813-04:00,read,key8,1.122,90,true
2026-04-03T16:41:24.486916-04:00,read,key2,0.607,68,false
2026-04-03T16:41:24.486876-04:00,read,key2,0.678,68,false
2026-04-03T16:41:24.486943-04:00,read,key4,0.657,91,true
2026-04-03T16:41:24.486868-04:00,read,key7,0.753,82,false
2026-04-03T16:41:23.881703-04:00,write,key7,606.169,82,false
2026-04-03T16:41:24.487535-04:00,read,key2,0.757,68,false
2026-04-03T16:41:24.487561-04:00,read,key0,1.039,92,false
2026-04-03T16:41:24.487607-04:00,read,key5,0.993,87,false
2026-04-03T16:41:24.487648-04:00,read,key4,0.988,91,true
2026-04-03T16:41:24.488619-04:00,read,key5,0.462,87,false
2026-04-03T16:41:24.486924-04:00,read,key7,2.138,82,false
2026-04-03T16:41:24.488645-04:00,read,key9,0.458,82,false
2026-04-03T16:41:24.487881-04:00,read,key3,1.473,87,true
2026-04-03T16:41:24.488302-04:00,read,key3,1.100,90,false
2026-04-03T16:41:24.488609-04:00,read,key5,0.841,87,false
2026-04-03T16:41:24.489089-04:00,read,key7,0.377,80,true
2026-04-03T16:41:24.489363-04:00,read,key6,0.305,82,true
2026-04-03T16:41:24.489091-04:00,read,key4,0.592,91,true
2026-04-03T16:41:24.489119-04:00,read,key7,0.583,80,true
2026-04-03T16:41:24.489409-04:00,read,key0,0.562,92,false
2026-04-03T16:41:24.489475-04:00,read,key5,0.917,87,false
2026-04-03T16:41:24.489708-04:00,read,key4,0.721,92,false
2026-04-03T16:41:24.489676-04:00,read,key5,0.754,87,false
2026-04-03T16:41:24.489472-04:00,read,key7,1.081,80,true
2026-04-03T16:41:24.490405-04:00,read,key4,0.580,91,true
2026-04-03T16:41:24.49044-04:00,read,key6,0.579,84,false
2026-04-03T16:41:24.4897-04:00,read,key7,1.342,80,true
2026-04-03T16:41:24.49056-04:00,read,key5,0.474,87,false
2026-04-03T16:41:24.48998-04:00,read,key9,1.560,82,false
2026-04-03T16:41:24.491065-04:00,read,key8,0.479,91,false
2026-04-03T16:41:24.491002-04:00,read,key1,0.639,71,true
2026-04-03T16:41:24.490437-04:00,read,key7,1.213,80,true
2026-04-03T16:41:24.491044-04:00,read,key0,0.684,92,false
2026-04-03T16:41:24.491619-04:00,read,key1,0.683,71,true
2026-04-03T16:41:24.491737-04:00,read,key5,0.579,87,false
2026-04-03T16:41:24.491554-04:00,read,key6,0.803,84,false
2026-04-03T16:41:24.491648-04:00,read,key8,0.763,91,false
2026-04-03T16:41:23.887682-04:00,write,key3,604.891,90,false
2026-04-03T16:41:24.492314-04:00,read,key3,0.393,90,false
2026-04-03T16:41:24.492336-04:00,read,key0,0.526,92,false
2026-04-03T16:41:24.492418-04:00,read,key9,0.507,82,false
2026-04-03T16:41:24.49258-04:00,read,key3,0.598,90,false
2026-04-03T16:41:24.492932-04:00,read,key6,0.553,84,false
2026-04-03T16:41:24.492716-04:00,read,key3,0.772,90,false
2026-04-03T16:41:24.493187-04:00,read,key2,0.510,67,true
2026-04-03T16:41:24.492366-04:00,read,key6,1.361,84,false
2026-04-03T16:41:24.492879-04:00,read,key2,1.076,68,false
2026-04-03T16:41:24.493506-04:00,read,key9,0.453,82,false
2026-04-03T16:41:24.493493-04:00,read,key9,0.578,82,false
2026-04-03T16:41:24.493974-04:00,read,key6,0.469,84,false
2026-04-03T16:41:24.493734-04:00,read,key3,0.723,90,false
2026-04-03T16:41:24.493704-04:00,read,key9,0.775,82,false
2026-04-03T16:41:24.493963-04:00,read,key8,0.527,90,true
2026-04-03T16:41:24.494079-04:00,read,key3,0.454,87,true
2026-04-03T16:41:24.494496-04:00,read,key1,0.347,72,false
2026-04-03T16:41:24.494485-04:00,read,key0,0.360,92,false
2026-04-03T16:41:24.494451-04:00,read,key9,0.424,82,false
2026-04-03T16:41:24.494467-04:00,read,key9,0.428,82,false
2026-04-03T16:41:24.49488-04:00,read,key7,0.468,82,false
2026-04-03T16:41:24.494539-04:00,read,key0,0.818,92,false
2026-04-03T16:41:24.494851-04:00,read,key6,0.644,84,false
2026-04-03T16:41:24.494853-04:00,read,key0,0.677,92,false
2026-04-03T16:41:24.495356-04:00,read,key0,0.556,92,false
2026-04-03T16:41:24.495508-04:00,read,key6,0.547,82,true
2026-04-03T16:41:24.495536-04:00,read,key8,0.553,91,false
2026-04-03T16:41:24.495377-04:00,read,key2,0.818,67,true
2026-04-03T16:41:24.495921-04:00,read,key8,0.397,91,false
2026-04-03T16:41:24.496097-04:00,read,key9,0.414,82,false
2026-04-03T16:41:24.496062-04:00,read,key0,0.451,92,false
2026-04-03T16:41:24.496201-04:00,read,key5,0.458,87,false
2026-04-03T16:41:24.496325-04:00,read,key8,0.349,91,false
2026-04-03T16:41:24.496668-04:00,read,key1,0.266,71,true
2026-04-03T16:41:24.496682-04:00,read,key4,0.272,91,true
2026-04-03T16:41:24.496941-04:00,read,key9,0.368,82,false
2026-04-03T16:41:24.49696-04:00,read,key1,0.484,71,true
2026-04-03T16:41:24.497452-04:00,read,key4,0.365,91,true
2026-04-03T16:41:24.497317-04:00,read,key1,0.504,72,false
2026-04-03T16:41:24.497832-04:00,read,key0,0.351,92,false
2026-04-03T16:41:24.497825-04:00,read,key5,0.401,87,false
2026-04-03T16:41:24.49819-04:00,read,key1,0.309,72,false
2026-04-03T16:41:24.498233-04:00,read,key1,0.283,71,true
2026-04-03T16:41:24.498505-04:00,read,key8,0.248,91,false
2026-04-03T16:41:24.498529-04:00,read,key8,0.236,91,false
2026-04-03T16:41:24.49876-04:00,read,key0,0.265,92,false
2026-04-03T16:41:24.498772-04:00,read,key4,0.279,92,false
2026-04-03T16:41:24.499031-04:00,read,key4,0.271,92,false
2026-04-03T16:41:24.499058-04:00,read,key3,0.249,87,true
2026-04-03T16:41:24.499308-04:00,read,key7,0.215,82,false
2026-04-03T16:41:24.49953-04:00,read,key1,0.244,71,true
2026-04-03T16:41:24.499781-04:00,read,key4,0.337,91,true
2026-04-03T16:41:24.472347-04:00,write,key0,615.445,93,false
2026-04-03T16:41:25.087875-04:00,read,key9,1.806,84,false
2026-04-03T16:41:24.48513-04:00,write,key0,605.526,94,false
2026-04-03T16:41:25.089718-04:00,read,key8,1.304,92,false
2026-04-03T16:41:25.090683-04:00,read,key0,1.210,94,false
2026-04-03T16:41:25.091039-04:00,read,key2,1.571,68,false
2026-04-03T16:41:25.091918-04:00,read,key6,1.291,85,false
2026-04-03T16:41:25.092632-04:00,read,key2,1.076,68,false
2026-04-03T16:41:25.093225-04:00,read,key9,1.409,82,false
2026-04-03T16:41:25.093732-04:00,read,key0,1.926,94,false
2026-04-03T16:41:24.486907-04:00,write,key6,608.774,85,false
2026-04-03T16:41:25.095681-04:00,read,key7,2.120,82,false
2026-04-03T16:41:25.095714-04:00,read,key8,2.168,91,false
2026-04-03T16:41:24.491081-04:00,write,key1,607.296,73,false
2026-04-03T16:41:24.491675-04:00,write,key8,607.259,92,false
2026-04-03T16:41:25.097899-04:00,read,key6,2.178,85,false
2026-04-03T16:41:25.097826-04:00,read,key2,2.237,68,false
2026-04-03T16:41:25.098423-04:00,read,key4,2.063,92,false
2026-04-03T16:41:24.494907-04:00,write,key4,605.608,93,false
2026-04-03T16:41:25.098973-04:00,read,key6,4.230,84,true
2026-04-03T16:41:25.10009-04:00,read,key3,3.364,90,false
2026-04-03T16:41:25.10009-04:00,read,key8,3.365,91,true
2026-04-03T16:41:25.103493-04:00,read,key6,1.585,84,true
2026-04-03T16:41:24.496521-04:00,write,key9,608.517,83,false
2026-04-03T16:41:25.103479-04:00,read,key0,1.998,94,false
2026-04-03T16:41:24.496522-04:00,write,key4,609.175,94,false
2026-04-03T16:41:25.1005-04:00,read,key4,7.754,92,true
2026-04-03T16:41:25.103224-04:00,read,key9,5.083,84,false
2026-04-03T16:41:24.499317-04:00,write,key9,609.332,84,false
2026-04-03T16:41:24.500128-04:00,write,key5,608.161,88,false
2026-04-03T16:41:25.10062-04:00,read,key6,8.546,84,true
2026-04-03T16:41:25.105492-04:00,read,key5,3.708,87,true
2026-04-03T16:41:25.105097-04:00,read,key1,4.126,72,true
2026-04-03T16:41:25.108275-04:00,read,key8,0.958,91,true
2026-04-03T16:41:25.105096-04:00,read,key1,4.436,73,false
2026-04-03T16:41:25.108721-04:00,read,key5,0.890,88,false
2026-04-03T16:41:25.10574-04:00,read,key2,3.992,68,false
2026-04-03T16:41:25.108323-04:00,read,key8,1.422,92,false
2026-04-03T16:41:25.10921-04:00,read,key4,0.850,94,false
2026-04-03T16:41:25.109178-04:00,read,key4,1.325,94,false
2026-04-03T16:41:25.10954-04:00,read,key8,0.966,91,true
2026-04-03T16:41:25.109242-04:00,read,key7,1.266,82,false
2026-04-03T16:41:25.10974-04:00,read,key5,0.836,87,true
2026-04-03T16:41:25.110071-04:00,read,key1,0.805,73,false
2026-04-03T16:41:25.110518-04:00,read,key9,0.753,84,false
2026-04-03T16:41:25.110516-04:00,read,key3,0.804,90,false
2026-04-03T16:41:25.109249-04:00,read,key5,2.262,88,false
2026-04-03T16:41:25.110584-04:00,read,key8,1.142,91,true
2026-04-03T16:41:25.111293-04:00,read,key1,0.733,73,false
2026-04-03T16:41:25.111528-04:00,read,key5,0.514,88,false
2026-04-03T16:41:25.111327-04:00,read,key0,0.905,92,true
2026-04-03T16:41:25.111734-04:00,read,key6,0.680,84,true
2026-04-03T16:41:25.11205-04:00,read,key9,0.456,82,true
2026-04-03T16:41:25.112239-04:00,read,key9,0.656,84,false
2026-04-03T16:41:25.112037-04:00,read,key0,0.881,94,false
2026-04-03T16:41:25.112514-04:00,read,key1,0.455,72,true
2026-04-03T16:41:25.112906-04:00,read,key5,0.606,87,true
2026-04-03T16:41:25.112926-04:00,read,key6,0.606,85,false
2026-04-03T16:41:25.112979-04:00,read,key7,0.554,82,false
2026-04-03T16:41:25.113521-04:00,read,key9,0.378,84,false
2026-04-03T16:41:25.113541-04:00,read,key4,0.360,92,true
2026-04-03T16:41:25.113541-04:00,read,key1,0.396,73,false
2026-04-03T16:41:25.113907-04:00,read,key3,0.537,90,false
2026-04-03T16:41:25.11391-04:00,read,key7,0.555,82,false
2026-04-03T16:41:25.113943-04:00,read,key7,0.522,82,false
2026-04-03T16:41:25.114452-04:00,read,key9,0.408,84,false
2026-04-03T16:41:25.114475-04:00,read,key3,0.414,90,false
2026-04-03T16:41:25.114476-04:00,read,key4,0.414,94,false
2026-04-03T16:41:25.114867-04:00,read,key1,0.519,73,false
2026-04-03T16:41:25.114895-04:00,read,key5,0.506,87,true
2026-04-03T16:41:25.114896-04:00,read,key7,0.508,82,false
2026-04-03T16:41:25.115395-04:00,read,key3,0.415,90,false
2026-04-03T16:41:25.115408-04:00,read,key3,0.408,90,false
2026-04-03T16:41:25.11542-04:00,read,key7,0.401,82,false
2026-04-03T16:41:25.115823-04:00,read,key7,0.397,82,false
2026-04-03T16:41:25.115817-04:00,read,key9,0.421,82,true
2026-04-03T16:41:25.115844-04:00,read,key1,0.498,72,true
2026-04-03T16:41:25.116227-04:00,read,key5,0.316,88,false
2026-04-03T16:41:25.116351-04:00,read,key6,0.316,85,false
2026-04-03T16:41:25.116549-04:00,read,key3,0.274,90,false
2026-04-03T16:41:25.116674-04:00,read,key0,0.243,94,false
2026-04-03T16:41:25.11683-04:00,read,key1,0.380,73,false
2026-04-03T16:41:25.117218-04:00,read,key9,0.276,84,false
2026-04-03T16:41:25.116924-04:00,read,key4,0.571,94,false
2026-04-03T16:41:25.117501-04:00,read,key3,0.364,90,false
2026-04-03T16:41:25.117503-04:00,read,key0,0.365,92,true
2026-04-03T16:41:25.117872-04:00,read,key7,0.379,82,false
2026-04-03T16:41:25.117874-04:00,read,key9,0.378,84,false
2026-04-03T16:41:25.118258-04:00,read,key8,0.302,92,false
2026-04-03T16:41:25.118259-04:00,read,key1,0.338,73,false
2026-04-03T16:41:25.118602-04:00,read,key9,0.254,82,true
2026-04-03T16:41:25.118567-04:00,read,key1,0.300,73,false
2026-04-03T16:41:25.118874-04:00,read,key6,0.293,85,false
2026-04-03T16:41:25.118865-04:00,read,key3,0.307,90,false
2026-04-03T16:41:25.119173-04:00,read,key7,0.283,82,false
2026-04-03T16:41:25.119178-04:00,read,key4,0.283,94,false
2026-04-03T16:41:25.119463-04:00,read,key7,0.269,82,false
2026-04-03T16:41:25.119467-04:00,read,key7,0.291,82,false
2026-04-03T16:41:25.119766-04:00,read,key0,0.261,94,false
2026-04-03T16:41:25.119739-04:00,read,key7,0.298,82,false
2026-04-03T16:41:25.120034-04:00,read,key2,0.323,68,false
2026-04-03T16:41:25.120044-04:00,read,key9,0.330,84,false
2026-04-03T16:41:25.120381-04:00,read,key1,0.301,73,false
2026-04-03T16:41:25.120363-04:00,read,key8,0.324,91,true
2026-04-03T16:41:25.120693-04:00,read,key5,0.295,87,true
2026-04-03T16:41:25.120689-04:00,read,key5,0.302,88,false
2026-04-03T16:41:25.120994-04:00,read,key5,0.258,87,true
2026-04-03T16:41:25.121259-04:00,read,key0,0.307,94,false
2026-04-03T16:41:25.121572-04:00,read,key2,0.297,68,false
2026-04-03T16:41:25.121877-04:00,read,key0,0.261,94,false
2026-04-03T16:41:25.122145-04:00,read,key8,0.234,92,false
2026-04-03T16:41:25.122386-04:00,read,key5,0.235,88,false
2026-04-03T16:41:25.122628-04:00,read,key7,0.232,82,false
2026-04-03T16:41:25.122868-04:00,read,key4,0.298,92,true
2026-04-03T16:41:25.123173-04:00,read,key7,0.251,82,false
2026-04-03T16:41:25.12343-04:00,read,key0,0.273,92,true
2026-04-03T16:41:25.094668-04:00,write,key3,611.918,91,false
2026-04-03T16:41:25.706664-04:00,read,key9,1.696,84,false
2026-04-03T16:41:25.708402-04:00,read,key7,1.197,82,false
2026-04-03T16:41:25.709622-04:00,read,key9,1.074,84,false
2026-04-03T16:41:25.710716-04:00,read,key6,1.013,85,false
2026-04-03T16:41:25.108906-04:00,write,key3,606.852,92,false
2026-04-03T16:41:25.715784-04:00,read,key3,1.099,92,false
2026-04-03T16:41:25.109624-04:00,write,key0,608.220,95,false
2026-04-03T16:41:25.112426-04:00,write,key1,605.483,74,false
2026-04-03T16:41:25.110543-04:00,write,key7,607.406,83,false
2026-04-03T16:41:25.109755-04:00,write,key8,608.293,93,false
2026-04-03T16:41:25.11089-04:00,write,key6,607.164,86,false
2026-04-03T16:41:25.717982-04:00,read,key9,2.304,84,false
2026-04-03T16:41:25.718109-04:00,read,key4,2.476,94,false
2026-04-03T16:41:25.717923-04:00,read,key7,2.705,83,false
2026-04-03T16:41:25.718094-04:00,read,key5,2.889,88,false
2026-04-03T16:41:25.71786-04:00,read,key9,3.428,83,true
2026-04-03T16:41:25.116249-04:00,write,key5,606.321,89,false
2026-04-03T16:41:25.720314-04:00,read,key9,3.534,84,false
2026-04-03T16:41:25.720648-04:00,read,key9,3.274,83,true
2026-04-03T16:41:25.720604-04:00,read,key1,3.346,74,false
2026-04-03T16:41:25.721001-04:00,read,key2,2.918,69,false
2026-04-03T16:41:25.723932-04:00,read,key7,2.429,82,true
2026-04-03T16:41:25.721303-04:00,read,key7,5.121,83,false
2026-04-03T16:41:25.722632-04:00,read,key8,3.816,92,true
2026-04-03T16:41:25.723971-04:00,read,key1,2.593,73,true
2026-04-03T16:41:25.724014-04:00,read,key8,2.611,93,false
2026-04-03T16:41:25.72387-04:00,read,key4,3.344,94,false
2026-04-03T16:41:25.121002-04:00,write,key5,607.502,90,false
2026-04-03T16:41:25.726679-04:00,read,key7,2.773,83,false
2026-04-03T16:41:25.727229-04:00,read,key9,2.264,84,false
2026-04-03T16:41:25.72644-04:00,read,key2,3.069,69,false
2026-04-03T16:41:25.726386-04:00,read,key6,3.161,85,true
2026-04-03T16:41:25.726462-04:00,read,key6,3.098,85,true
2026-04-03T16:41:25.726576-04:00,read,key1,3.014,73,true
2026-04-03T16:41:25.728615-04:00,read,key6,1.296,86,false
2026-04-03T16:41:25.729555-04:00,read,key0,0.824,95,false
2026-04-03T16:41:25.729568-04:00,read,key9,0.884,84,false
2026-04-03T16:41:25.729505-04:00,read,key7,0.966,83,false
2026-04-03T16:41:25.123728-04:00,write,key2,606.763,69,false
2026-04-03T16:41:25.729544-04:00,read,key1,1.117,73,true
2026-04-03T16:41:25.72992-04:00,read,key7,0.812,82,true
2026-04-03T16:41:25.73046-04:00,read,key8,0.802,93,false
2026-04-03T16:41:25.730392-04:00,read,key9,1.133,83,true
2026-04-03T16:41:25.729599-04:00,read,key6,1.905,86,false
2026-04-03T16:41:25.730504-04:00,read,key1,1.207,73,true
2026-04-03T16:41:25.730739-04:00,read,key2,1.542,69,false
2026-04-03T16:41:25.730669-04:00,read,key6,1.668,86,false
2026-04-03T16:41:25.731534-04:00,read,key2,0.831,68,true
2026-04-03T16:41:25.731545-04:00,read,key6,0.865,85,true
2026-04-03T16:41:25.731277-04:00,read,key5,1.145,88,true
2026-04-03T16:41:25.732359-04:00,read,key5,0.439,90,false
2026-04-03T16:41:25.732297-04:00,read,key2,0.513,69,false
2026-04-03T16:41:25.731729-04:00,read,key8,1.278,92,true
2026-04-03T16:41:25.732418-04:00,read,key8,0.633,92,true
2026-04-03T16:41:25.73282-04:00,read,key5,0.527,88,true
2026-04-03T16:41:25.732437-04:00,read,key6,0.992,86,false
2026-04-03T16:41:25.73281-04:00,read,key4,0.674,94,false
2026-04-03T16:41:25.733358-04:00,read,key4,0.497,94,false
2026-04-03T16:41:25.733024-04:00,read,key7,0.880,83,false
2026-04-03T16:41:25.733491-04:00,read,key9,0.706,84,false
2026-04-03T16:41:25.733437-04:00,read,key4,0.740,94,false
2026-04-03T16:41:25.733057-04:00,read,key9,1.361,84,false
2026-04-03T16:41:25.733912-04:00,read,key7,0.735,82,true
2026-04-03T16:41:25.734206-04:00,read,key7,0.465,82,true
2026-04-03T16:41:25.733864-04:00,read,key7,0.834,82,true
2026-04-03T16:41:25.734434-04:00,read,key5,0.821,90,false
2026-04-03T16:41:25.734704-04:00,read,key8,0.553,92,true
2026-04-03T16:41:25.734656-04:00,read,key2,0.606,69,false
2026-04-03T16:41:25.734678-04:00,read,key1,0.589,74,false
2026-04-03T16:41:25.734207-04:00,read,key3,1.445,90,true
2026-04-03T16:41:25.735264-04:00,read,key7,0.508,83,false
2026-04-03T16:41:25.73529-04:00,read,key5,0.486,90,false
2026-04-03T16:41:25.735266-04:00,read,key6,0.527,86,false
2026-04-03T16:41:25.735268-04:00,read,key9,0.525,83,true
2026-04-03T16:41:25.735784-04:00,read,key1,0.352,74,false
2026-04-03T16:41:25.735803-04:00,read,key1,0.403,73,true
2026-04-03T16:41:25.73581-04:00,read,key4,0.491,94,false
2026-04-03T16:41:25.735673-04:00,read,key3,0.641,90,true
2026-04-03T16:41:25.736158-04:00,read,key1,0.336,74,false
2026-04-03T16:41:25.736321-04:00,read,key3,0.528,90,true
2026-04-03T16:41:25.736308-04:00,read,key1,0.547,74,false
2026-04-03T16:41:25.736212-04:00,read,key8,0.636,92,true
2026-04-03T16:41:25.736502-04:00,read,key6,0.764,86,false
2026-04-03T16:41:25.736858-04:00,read,key6,0.659,85,true
2026-04-03T16:41:25.736881-04:00,read,key8,0.693,92,true
2026-04-03T16:41:25.737276-04:00,read,key7,0.464,82,true
2026-04-03T16:41:25.736865-04:00,read,key3,0.877,90,true
2026-04-03T16:41:25.737525-04:00,read,key6,0.286,86,false
2026-04-03T16:41:25.737581-04:00,read,key9,0.353,84,false
2026-04-03T16:41:25.737749-04:00,read,key4,0.373,94,false
2026-04-03T16:41:25.737942-04:00,read,key1,0.370,74,false
2026-04-03T16:41:25.737816-04:00,read,key7,0.530,82,true
2026-04-03T16:41:25.737747-04:00,read,key6,0.600,86,false
2026-04-03T16:41:25.73813-04:00,read,key0,0.368,94,true
2026-04-03T16:41:25.738319-04:00,read,key1,0.392,73,true
2026-04-03T16:41:25.73836-04:00,read,key6,0.383,85,true
2026-04-03T16:41:25.738718-04:00,read,key0,0.569,94,true
2026-04-03T16:41:25.739296-04:00,read,key2,0.393,68,true
2026-04-03T16:41:25.738504-04:00,read,key3,1.232,90,true
2026-04-03T16:41:25.739756-04:00,read,key7,0.515,82,true
2026-04-03T16:41:25.739699-04:00,read,key9,0.713,84,false
2026-04-03T16:41:25.740419-04:00,read,key1,0.297,74,false
2026-04-03T16:41:25.740725-04:00,read,key7,0.337,83,false
2026-04-03T16:41:25.741069-04:00,read,key5,0.274,88,true
2026-04-03T16:41:25.74135-04:00,read,key0,0.320,95,false
2026-04-03T16:41:25.741676-04:00,read,key5,0.263,90,false
2026-04-03T16:41:25.741947-04:00,read,key2,0.262,69,false
2026-04-03T16:41:25.716911-04:00,write,key3,608.288,93,false
2026-04-03T16:41:25.711763-04:00,write,key4,613.494,95,false
2026-04-03T16:41:26.325297-04:00,read,key5,1.568,90,false
2026-04-03T16:41:26.325262-04:00,read,key6,1.630,86,false
2026-04-03T16:41:26.326916-04:00,read,key1,0.875,74,false
2026-04-03T16:41:26.326896-04:00,read,key1,1.246,74,false
2026-04-03T16:41:26.328339-04:00,read,key2,1.156,69,false
2026-04-03T16:41:26.328221-04:00,read,key7,1.304,84,false
2026-04-03T16:41:26.329517-04:00,read,key3,0.853,91,true
2026-04-03T16:41:26.329544-04:00,read,key0,0.854,95,false
2026-04-03T16:41:25.730485-04:00,write,key8,610.757,94,false
2026-04-03T16:41:25.732378-04:00,write,key9,608.928,86,false
2026-04-03T16:41:25.729482-04:00,write,key9,611.890,85,false
2026-04-03T16:41:25.735785-04:00,write,key7,608.076,84,false
2026-04-03T16:41:26.341323-04:00,read,key8,2.596,94,false
2026-04-03T16:41:26.341309-04:00,read,key9,2.650,85,true
2026-04-03T16:41:26.341433-04:00,read,key2,2.555,69,false
2026-04-03T16:41:26.343938-04:00,read,key6,1.779,87,false
2026-04-03T16:41:26.343939-04:00,read,key7,1.800,83,true
2026-04-03T16:41:26.344008-04:00,read,key0,1.771,95,false
2026-04-03T16:41:26.34398-04:00,read,key4,2.088,94,true
2026-04-03T16:41:26.3458-04:00,read,key9,2.605,85,true
2026-04-03T16:41:26.345757-04:00,read,key3,2.755,91,true
2026-04-03T16:41:26.34574-04:00,read,key1,3.074,74,false
2026-04-03T16:41:25.738753-04:00,write,key4,610.131,96,false
2026-04-03T16:41:25.742219-04:00,write,key6,606.868,87,false
2026-04-03T16:41:25.738361-04:00,write,key3,610.903,94,false
2026-04-03T16:41:25.740282-04:00,write,key2,609.028,70,false
2026-04-03T16:41:26.348528-04:00,read,key3,3.055,91,true
2026-04-03T16:41:26.348429-04:00,read,key8,3.158,93,true
2026-04-03T16:41:26.348897-04:00,read,key6,3.648,86,true
2026-04-03T16:41:26.349319-04:00,read,key5,3.866,90,false
2026-04-03T16:41:26.34883-04:00,read,key0,4.704,95,false
2026-04-03T16:41:26.351603-04:00,read,key4,2.470,94,true
2026-04-03T16:41:26.351598-04:00,read,key7,3.151,84,false
2026-04-03T16:41:26.353548-04:00,read,key2,1.266,69,true
2026-04-03T16:41:26.349108-04:00,read,key2,5.684,69,true
2026-04-03T16:41:26.352561-04:00,read,key5,2.250,90,false
2026-04-03T16:41:26.3532-04:00,read,key5,1.663,90,false
2026-04-03T16:41:26.354092-04:00,read,key9,0.773,83,true
2026-04-03T16:41:26.349352-04:00,read,key5,5.562,90,false
2026-04-03T16:41:26.35483-04:00,read,key6,0.930,87,false
2026-04-03T16:41:26.354871-04:00,read,key4,0.983,96,false
2026-04-03T16:41:26.354766-04:00,read,key9,1.251,86,false
2026-04-03T16:41:26.356026-04:00,read,key0,0.646,95,false
2026-04-03T16:41:26.355869-04:00,read,key2,0.802,70,false
2026-04-03T16:41:26.355775-04:00,read,key4,0.898,94,true
2026-04-03T16:41:26.356699-04:00,read,key1,0.589,74,false
2026-04-03T16:41:26.354938-04:00,read,key2,2.430,70,false
2026-04-03T16:41:26.356693-04:00,read,key2,0.717,70,false
2026-04-03T16:41:26.354902-04:00,read,key6,2.524,87,false
2026-04-03T16:41:26.35739-04:00,read,key2,0.522,70,false
2026-04-03T16:41:26.357304-04:00,read,key1,0.635,74,false
2026-04-03T16:41:26.357451-04:00,read,key5,0.568,90,false
2026-04-03T16:41:26.357922-04:00,read,key5,0.670,90,false
2026-04-03T16:41:26.358027-04:00,read,key6,0.583,87,false
2026-04-03T16:41:26.357955-04:00,read,key7,0.660,84,false
2026-04-03T16:41:26.358606-04:00,read,key0,0.431,95,false
2026-04-03T16:41:26.357417-04:00,read,key9,1.639,85,true
2026-04-03T16:41:26.358623-04:00,read,key9,0.474,86,false
2026-04-03T16:41:26.358623-04:00,read,key5,0.644,90,false
2026-04-03T16:41:26.359072-04:00,read,key2,0.657,69,true
2026-04-03T16:41:26.359064-04:00,read,key2,0.665,69,true
2026-04-03T16:41:26.359275-04:00,read,key5,0.469,90,false
2026-04-03T16:41:26.359107-04:00,read,key8,0.701,94,false
2026-04-03T16:41:26.35982-04:00,read,key9,0.432,85,true
2026-04-03T16:41:26.35975-04:00,read,key2,0.509,70,false
2026-04-03T16:41:26.359756-04:00,read,key4,0.503,94,true
2026-04-03T16:41:26.359742-04:00,read,key8,0.577,93,true
2026-04-03T16:41:26.360267-04:00,read,key7,0.357,84,false
2026-04-03T16:41:26.360262-04:00,read,key8,0.365,94,false
2026-04-03T16:41:26.360632-04:00,read,key2,0.494,70,false
2026-04-03T16:41:26.360635-04:00,read,key1,0.491,74,false
2026-04-03T16:41:26.360325-04:00,read,key5,0.879,90,false
2026-04-03T16:41:26.361221-04:00,read,key8,0.416,94,false
2026-04-03T16:41:26.361138-04:00,read,key2,0.635,69,true
2026-04-03T16:41:26.361148-04:00,read,key4,0.679,94,true
2026-04-03T16:41:26.361838-04:00,read,key7,0.480,83,true
2026-04-03T16:41:26.361648-04:00,read,key0,0.684,95,false
2026-04-03T16:41:26.362329-04:00,read,key2,0.403,70,false
2026-04-03T16:41:26.362742-04:00,read,key4,0.384,96,false
2026-04-03T16:41:26.363139-04:00,read,key8,0.453,93,true
2026-04-03T16:41:26.363605-04:00,read,key6,0.312,87,false
2026-04-03T16:41:26.330405-04:00,write,key8,615.494,95,false
2026-04-03T16:41:26.33042-04:00,write,key7,615.535,85,false
2026-04-03T16:41:26.945997-04:00,read,key8,1.943,94,true
2026-04-03T16:41:26.945997-04:00,read,key3,1.938,95,false
2026-04-03T16:41:26.947985-04:00,read,key3,0.595,95,false
2026-04-03T16:41:26.948592-04:00,read,key7,0.441,85,false
2026-04-03T16:41:26.949044-04:00,read,key1,0.392,75,false
2026-04-03T16:41:26.949447-04:00,read,key1,0.436,75,false
2026-04-03T16:41:26.949893-04:00,read,key0,0.445,96,false
2026-04-03T16:41:26.950347-04:00,read,key8,0.365,97,false
2026-04-03T16:41:26.950721-04:00,read,key9,0.407,85,true
2026-04-03T16:41:26.346102-04:00,write,key8,608.504,96,false
2026-04-03T16:41:26.954623-04:00,read,key3,0.545,95,false
2026-04-03T16:41:26.955178-04:00,read,key6,0.415,87,false
2026-04-03T16:41:26.955601-04:00,read,key6,0.520,87,false
2026-04-03T16:41:26.956133-04:00,read,key2,0.407,70,false
2026-04-03T16:41:26.956549-04:00,read,key3,0.398,94,false
2026-04-03T16:41:26.956956-04:00,read,key8,0.379,97,false
2026-04-03T16:41:26.957345-04:00,read,key5,0.348,90,false
2026-04-03T16:41:26.957701-04:00,read,key4,0.362,96,false
2026-04-03T16:41:26.958071-04:00,read,key0,0.325,96,false
2026-04-03T16:41:26.958403-04:00,read,key2,0.335,70,false
2026-04-03T16:41:26.958745-04:00,read,key7,0.390,85,false
2026-04-03T16:41:26.959143-04:00,read,key6,0.305,87,false
2026-04-03T16:41:26.354835-04:00,write,key5,618.097,91,false
2026-04-03T16:41:26.362345-04:00,write,key0,610.642,96,false
2026-04-03T16:41:26.361787-04:00,write,key4,611.216,97,false
2026-04-03T16:41:26.360298-04:00,write,key1,612.724,75,false
2026-04-03T16:41:26.356716-04:00,write,key3,616.344,95,false
2026-04-03T16:41:26.36393-04:00,write,key4,609.166,98,false
2026-04-03T16:41:26.354834-04:00,write,key8,618.343,97,false
2026-04-03T16:41:26.972944-04:00,read,key6,1.023,87,false
2026-04-03T16:41:26.972996-04:00,read,key3,0.999,95,false
2026-04-03T16:41:26.973044-04:00,read,key6,0.987,87,false
2026-04-03T16:41:26.973123-04:00,read,key9,1.230,86,false
2026-04-03T16:41:26.973085-04:00,read,key5,1.551,90,true
2026-04-03T16:41:26.973981-04:00,read,key0,0.874,96,false
2026-04-03T16:41:26.973051-04:00,read,key5,1.877,91,false
2026-04-03T16:41:26.973199-04:00,read,key5,1.921,90,true
2026-04-03T16:41:26.974004-04:00,read,key8,1.132,94,true
2026-04-03T16:41:26.974366-04:00,read,key0,1.036,96,false
2026-04-03T16:41:26.974865-04:00,read,key1,0.981,74,true
2026-04-03T16:41:26.974646-04:00,read,key1,1.269,74,true
2026-04-03T16:41:26.97513-04:00,read,key4,0.817,98,false
2026-04-03T16:41:26.974951-04:00,read,key2,0.995,70,false
2026-04-03T16:41:26.975411-04:00,read,key1,0.544,75,false
2026-04-03T16:41:26.975924-04:00,read,key0,0.629,95,true
2026-04-03T16:41:26.975963-04:00,read,key4,0.602,98,false
2026-04-03T16:41:26.975956-04:00,read,key4,0.629,98,false
2026-04-03T16:41:26.975958-04:00,read,key8,0.637,97,false
2026-04-03T16:41:26.975869-04:00,read,key9,1.070,86,false
2026-04-03T16:41:26.976604-04:00,read,key9,0.640,86,false
2026-04-03T16:41:26.976574-04:00,read,key1,0.696,75,false
2026-04-03T16:41:26.975146-04:00,read,key5,2.133,91,false
2026-04-03T16:41:26.976946-04:00,read,key4,0.503,96,true
2026-04-03T16:41:26.976592-04:00,read,key7,0.990,85,false
2026-04-03T16:41:26.976563-04:00,read,key0,1.041,96,false
2026-04-03T16:41:26.977293-04:00,read,key8,0.475,97,false
2026-04-03T16:41:26.977291-04:00,read,key2,0.497,70,false
2026-04-03T16:41:26.977254-04:00,read,key7,0.930,85,false
2026-04-03T16:41:26.977589-04:00,read,key9,0.715,86,false
2026-04-03T16:41:26.977612-04:00,read,key6,0.779,87,false
2026-04-03T16:41:26.977796-04:00,read,key2,0.607,70,false
2026-04-03T16:41:26.977776-04:00,read,key5,0.852,90,true
2026-04-03T16:41:26.978416-04:00,read,key3,0.472,95,false
2026-04-03T16:41:26.978311-04:00,read,key3,0.613,95,false
2026-04-03T16:41:26.978196-04:00,read,key9,0.727,86,false
2026-04-03T16:41:26.97842-04:00,read,key4,0.547,97,true
2026-04-03T16:41:26.978642-04:00,read,key6,0.504,87,false
2026-04-03T16:41:26.978897-04:00,read,key7,0.491,85,false
2026-04-03T16:41:26.978933-04:00,read,key6,0.461,87,false
2026-04-03T16:41:26.978933-04:00,read,key7,0.457,85,false
2026-04-03T16:41:26.978973-04:00,read,key9,0.599,86,false
2026-04-03T16:41:26.979153-04:00,read,key9,0.605,86,false
2026-04-03T16:41:26.979406-04:00,read,key5,0.471,91,false
2026-04-03T16:41:26.979402-04:00,read,key3,0.477,94,true
2026-04-03T16:41:26.979396-04:00,read,key5,0.489,90,true
2026-04-03T16:41:26.979765-04:00,read,key2,0.389,70,false
2026-04-03T16:41:26.979579-04:00,read,key6,0.640,87,false
2026-04-03T16:41:26.979884-04:00,read,key8,0.505,94,true
2026-04-03T16:41:26.979886-04:00,read,key1,0.812,74,true
2026-04-03T16:41:26.980227-04:00,read,key9,0.484,86,false
2026-04-03T16:41:26.980162-04:00,read,key5,0.623,90,true
2026-04-03T16:41:26.980395-04:00,read,key8,0.766,94,true
2026-04-03T16:41:26.980718-04:00,read,key6,0.492,87,false
2026-04-03T16:41:26.980706-04:00,read,key3,0.694,95,false
2026-04-03T16:41:26.980799-04:00,read,key3,0.627,95,false
2026-04-03T16:41:26.9812-04:00,read,key5,0.487,90,true
2026-04-03T16:41:26.981217-04:00,read,key3,0.474,94,true
2026-04-03T16:41:26.981408-04:00,read,key5,0.921,90,true
2026-04-03T16:41:26.981432-04:00,read,key8,0.899,94,true
2026-04-03T16:41:26.981695-04:00,read,key8,0.692,94,true
2026-04-03T16:41:26.981698-04:00,read,key3,0.873,94,true
2026-04-03T16:41:26.982341-04:00,read,key0,0.393,95,true
2026-04-03T16:41:26.982584-04:00,read,key1,0.433,74,true
2026-04-03T16:41:26.982342-04:00,read,key0,0.686,96,false
2026-04-03T16:41:26.982742-04:00,read,key8,0.480,94,true
2026-04-03T16:41:26.983032-04:00,read,key1,0.470,74,true
2026-04-03T16:41:26.983035-04:00,read,key8,0.504,97,false
2026-04-03T16:41:26.983229-04:00,read,key4,0.459,96,true
2026-04-03T16:41:26.983549-04:00,read,key0,0.363,95,true
2026-04-03T16:41:26.983509-04:00,read,key2,0.438,70,false
2026-04-03T16:41:26.983954-04:00,read,key8,0.343,94,true
2026-04-03T16:41:26.983694-04:00,read,key2,0.614,70,false
2026-04-03T16:41:26.984316-04:00,read,key1,0.354,74,true
2026-04-03T16:41:26.984306-04:00,read,key9,0.385,86,false
2026-04-03T16:41:26.984677-04:00,read,key0,0.352,96,false
2026-04-03T16:41:26.984699-04:00,read,key3,0.333,95,false
2026-04-03T16:41:26.985035-04:00,read,key2,0.378,70,false
2026-04-03T16:41:26.985038-04:00,read,key8,0.377,94,true
2026-04-03T16:41:26.985538-04:00,read,key8,0.324,94,true
2026-04-03T16:41:26.98542-04:00,read,key5,0.468,91,false
2026-04-03T16:41:26.98587-04:00,read,key4,0.340,96,true
2026-04-03T16:41:26.985898-04:00,read,key2,0.322,70,false
2026-04-03T16:41:26.986217-04:00,read,key5,0.240,90,true
2026-04-03T16:41:26.986227-04:00,read,key9,0.239,85,true
2026-04-03T16:41:26.986464-04:00,read,key9,0.233,86,false
2026-04-03T16:41:26.986472-04:00,read,key6,0.247,87,false
2026-04-03T16:41:26.986703-04:00,read,key5,0.225,90,true
2026-04-03T16:41:26.986725-04:00,read,key8,0.216,97,false
2026-04-03T16:41:26.986948-04:00,read,key8,0.280,97,false
2026-04-03T16:41:26.986935-04:00,read,key9,0.313,86,false
2026-04-03T16:41:26.987253-04:00,read,key1,0.217,75,false
2026-04-03T16:41:26.987235-04:00,read,key7,0.249,84,true
2026-04-03T16:41:26.98749-04:00,read,key9,0.223,86,false
2026-04-03T16:41:26.987477-04:00,read,key8,0.240,94,true
2026-04-03T16:41:26.987719-04:00,read,key1,0.355,74,true
2026-04-03T16:41:26.987723-04:00,read,key8,0.358,94,true
2026-04-03T16:41:26.988081-04:00,read,key4,0.267,96,true
2026-04-03T16:41:26.988087-04:00,read,key5,0.291,91,false
2026-04-03T16:41:26.988385-04:00,read,key2,0.228,70,false
2026-04-03T16:41:26.98862-04:00,read,key0,0.243,96,false
2026-04-03T16:41:26.98887-04:00,read,key1,0.426,74,true
2026-04-03T16:41:26.989303-04:00,read,key5,0.260,91,false
2026-04-03T16:41:26.951153-04:00,write,key4,614.521,99,false
2026-04-03T16:41:26.948006-04:00,write,key3,617.749,96,false
2026-04-03T16:41:27.565759-04:00,read,key2,2.371,70,false
2026-04-03T16:41:26.959464-04:00,write,key7,608.720,86,false
2026-04-03T16:41:27.568206-04:00,read,key0,1.579,96,false
2026-04-03T16:41:27.568172-04:00,read,key5,1.761,91,false
2026-04-03T16:41:27.570031-04:00,read,key5,1.556,91,false
2026-04-03T16:41:27.569819-04:00,read,key4,1.768,99,false
2026-04-03T16:41:27.571624-04:00,read,key8,1.054,97,false
2026-04-03T16:41:27.571612-04:00,read,key6,1.113,87,false
2026-04-03T16:41:27.572698-04:00,read,key4,1.040,99,false
2026-04-03T16:41:27.572742-04:00,read,key5,1.088,91,false
2026-04-03T16:41:27.573845-04:00,read,key5,1.000,91,false
2026-04-03T16:41:27.573759-04:00,read,key7,1.320,86,false
2026-04-03T16:41:27.575093-04:00,read,key0,0.910,98,false
2026-04-03T16:41:27.576021-04:00,read,key5,1.062,91,false
2026-04-03T16:41:26.977465-04:00,write,key0,605.716,97,false
2026-04-03T16:41:26.974045-04:00,write,key1,609.136,76,false
2026-04-03T16:41:27.583228-04:00,read,key7,1.240,86,false
2026-04-03T16:41:27.583213-04:00,read,key6,1.746,87,false
2026-04-03T16:41:27.584497-04:00,read,key6,1.157,87,false
2026-04-03T16:41:27.584978-04:00,read,key7,1.128,85,true
2026-04-03T16:41:27.585673-04:00,read,key4,0.792,98,true
2026-04-03T16:41:27.586123-04:00,read,key3,0.747,97,false
2026-04-03T16:41:27.586479-04:00,read,key5,0.511,91,false
2026-04-03T16:41:26.9799-04:00,write,key8,607.332,98,false
2026-04-03T16:41:26.982401-04:00,write,key8,604.820,99,false
2026-04-03T16:41:27.586885-04:00,read,key9,0.747,86,false
2026-04-03T16:41:27.587005-04:00,read,key2,1.022,70,false
2026-04-03T16:41:27.587251-04:00,read,key1,0.787,77,false
2026-04-03T16:41:27.588047-04:00,read,key8,0.525,99,false
2026-04-03T16:41:27.588037-04:00,read,key9,0.560,85,true
2026-04-03T16:41:27.587645-04:00,read,key9,0.959,86,false
2026-04-03T16:41:27.587261-04:00,read,key9,1.359,85,true
2026-04-03T16:41:27.588587-04:00,read,key8,0.262,99,false
2026-04-03T16:41:27.588627-04:00,read,key0,0.521,98,false
2026-04-03T16:41:27.588632-04:00,read,key3,0.785,97,false
2026-04-03T16:41:27.588856-04:00,read,key1,0.601,75,true
2026-04-03T16:41:27.588607-04:00,read,key7,0.855,85,true
2026-04-03T16:41:27.589157-04:00,read,key2,0.405,70,false
2026-04-03T16:41:27.589463-04:00,read,key3,0.504,97,false
2026-04-03T16:41:27.589469-04:00,read,key5,0.526,91,false
2026-04-03T16:41:27.589572-04:00,read,key0,0.470,98,false
2026-04-03T16:41:27.589455-04:00,read,key2,0.648,70,false
2026-04-03T16:41:27.590003-04:00,read,key6,0.472,87,false
2026-04-03T16:41:27.589978-04:00,read,key1,0.497,77,false
2026-04-03T16:41:27.59011-04:00,read,key6,0.466,87,false
2026-04-03T16:41:27.590585-04:00,read,key2,0.462,70,false
2026-04-03T16:41:27.590487-04:00,read,key7,0.577,86,false
2026-04-03T16:41:27.590488-04:00,read,key6,0.580,87,false
2026-04-03T16:41:27.591059-04:00,read,key1,0.396,75,true
2026-04-03T16:41:27.591075-04:00,read,key0,0.482,96,true
2026-04-03T16:41:27.591465-04:00,read,key7,0.396,86,false
2026-04-03T16:41:27.591565-04:00,read,key3,0.470,95,true
2026-04-03T16:41:26.983922-04:00,write,key0,608.249,98,false
2026-04-03T16:41:27.59187-04:00,read,key8,0.473,97,true
2026-04-03T16:41:27.592352-04:00,read,key7,0.365,85,true
2026-04-03T16:41:27.59218-04:00,read,key5,0.554,91,false
2026-04-03T16:41:27.592727-04:00,read,key5,0.567,91,false
2026-04-03T16:41:27.592743-04:00,read,key0,0.587,98,false
2026-04-03T16:41:27.593305-04:00,read,key5,0.311,91,false
2026-04-03T16:41:27.593338-04:00,read,key9,0.344,86,false
2026-04-03T16:41:27.593624-04:00,read,key9,0.291,86,false
2026-04-03T16:41:27.593689-04:00,read,key1,0.584,77,false
2026-04-03T16:41:27.593922-04:00,read,key9,0.398,86,false
2026-04-03T16:41:27.594281-04:00,read,key5,0.290,91,false
2026-04-03T16:41:27.594344-04:00,read,key0,0.252,98,false
2026-04-03T16:41:27.594578-04:00,read,key6,0.277,87,false
2026-04-03T16:41:27.594603-04:00,read,key8,0.278,99,false
2026-04-03T16:41:26.988359-04:00,write,key3,606.727,97,false
2026-04-03T16:41:26.989573-04:00,write,key1,605.632,77,false
2026-04-03T16:41:27.594888-04:00,read,key0,0.374,98,false
2026-04-03T16:41:27.594862-04:00,read,key4,0.650,98,true
2026-04-03T16:41:27.595092-04:00,read,key9,0.629,86,false
2026-04-03T16:41:27.595268-04:00,read,key9,0.454,86,false
2026-04-03T16:41:27.595229-04:00,read,key5,0.501,91,false
2026-04-03T16:41:27.595521-04:00,read,key7,0.342,86,false
2026-04-03T16:41:27.595729-04:00,read,key7,0.534,86,false
2026-04-03T16:41:27.59587-04:00,read,key5,0.397,91,false
2026-04-03T16:41:27.595747-04:00,read,key5,0.550,91,false
2026-04-03T16:41:27.596275-04:00,read,key9,0.344,86,false
2026-04-03T16:41:27.596304-04:00,read,key4,0.333,99,false
2026-04-03T16:41:27.596274-04:00,read,key2,0.399,70,false
2026-04-03T16:41:27.596644-04:00,read,key4,0.218,99,false
2026-04-03T16:41:27.596627-04:00,read,key8,0.313,98,true
2026-04-03T16:41:27.59687-04:00,read,key2,0.411,70,false
2026-04-03T16:41:27.596946-04:00,read,key2,0.338,70,false
2026-04-03T16:41:27.597298-04:00,read,key5,0.294,91,false
2026-04-03T16:41:27.5976-04:00,read,key4,0.249,99,false
2026-04-03T16:41:27.574877-04:00,write,key6,607.591,88,false
2026-04-03T16:41:27.565836-04:00,write,key0,616.701,99,false
2026-04-03T16:41:28.18258-04:00,read,key8,1.610,98,true
2026-04-03T16:41:28.18258-04:00,read,key7,1.649,86,false
2026-04-03T16:41:27.577118-04:00,write,key7,608.521,87,false
2026-04-03T16:41:28.184226-04:00,read,key2,1.458,70,false
2026-04-03T16:41:28.185668-04:00,read,key8,1.401,99,false
2026-04-03T16:41:28.187093-04:00,read,key5,1.258,91,false
2026-04-03T16:41:28.188369-04:00,read,key2,0.826,70,false
2026-04-03T16:41:27.590065-04:00,write,key1,606.911,78,false
2026-04-03T16:41:27.59108-04:00,write,key6,605.943,89,false
2026-04-03T16:41:27.592048-04:00,write,key4,608.572,100,false
2026-04-03T16:41:27.595737-04:00,write,key3,605.768,98,false
2026-04-03T16:41:27.597296-04:00,write,key2,604.366,71,false
2026-04-03T16:41:27.596683-04:00,write,key1,605.024,79,false
2026-04-03T16:41:28.200643-04:00,read,key6,1.959,89,false
2026-04-03T16:41:28.201705-04:00,read,key6,1.902,87,true
2026-04-03T16:41:28.201524-04:00,read,key2,2.466,70,true
2026-04-03T16:41:28.202624-04:00,read,key9,2.165,85,true
2026-04-03T16:41:28.203626-04:00,read,key7,2.015,87,false
2026-04-03T16:41:28.204006-04:00,read,key7,1.683,87,false
2026-04-03T16:41:28.204809-04:00,read,key0,1.284,100,false
2026-04-03T16:41:28.205703-04:00,read,key1,1.311,77,true
2026-04-03T16:41:28.205658-04:00,read,key7,1.397,86,true
2026-04-03T16:41:28.206109-04:00,read,key0,0.980,98,true
2026-04-03T16:41:27.59786-04:00,write,key0,609.951,100,false
2026-04-03T16:41:28.207028-04:00,read,key1,1.468,79,false
2026-04-03T16:41:28.207067-04:00,read,key8,1.444,99,false
2026-04-03T16:41:28.207098-04:00,read,key0,1.421,98,true
2026-04-03T16:41:28.208528-04:00,read,key4,0.715,100,false
2026-04-03T16:41:28.208512-04:00,read,key5,0.737,91,false
2026-04-03T16:41:28.207828-04:00,read,key3,1.416,98,false
2026-04-03T16:41:28.209267-04:00,read,key4,0.672,100,false
2026-04-03T16:41:28.209951-04:00,read,key3,0.444,97,true
2026-04-03T16:41:28.210404-04:00,read,key5,0.323,91,false
2026-04-03T16:41:28.210735-04:00,read,key7,0.459,87,false
2026-04-03T16:41:28.211201-04:00,read,key2,0.267,71,false
2026-04-03T16:41:28.211476-04:00,read,key0,0.308,100,false
2026-04-03T16:41:28.189221-04:00,write,key3,610.336,99,false
2026-04-03T16:41:28.184276-04:00,write,key2,615.352,72,false
2026-04-03T16:41:28.185709-04:00,write,key0,615.391,101,false
2026-04-03T16:41:28.799677-04:00,read,key3,2.395,99,false
2026-04-03T16:41:28.799637-04:00,read,key0,2.504,100,true
2026-04-03T16:41:28.801164-04:00,read,key2,2.802,71,true
2026-04-03T16:41:28.197042-04:00,write,key1,607.266,80,false
2026-04-03T16:41:28.802161-04:00,read,key1,2.485,79,true
2026-04-03T16:41:28.197004-04:00,write,key7,607.656,88,false
2026-04-03T16:41:28.803997-04:00,read,key7,2.238,88,false
2026-04-03T16:41:28.804675-04:00,read,key1,1.960,79,true
2026-04-03T16:41:28.804325-04:00,read,key5,2.361,91,false
2026-04-03T16:41:28.806704-04:00,read,key3,1.387,99,false
2026-04-03T16:41:28.80626-04:00,read,key4,1.877,101,false
2026-04-03T16:41:28.806653-04:00,read,key4,1.495,100,false
2026-04-03T16:41:28.808159-04:00,read,key7,1.158,87,true
2026-04-03T16:41:28.808112-04:00,read,key6,1.249,90,false
2026-04-03T16:41:28.808151-04:00,read,key8,1.580,99,false
2026-04-03T16:41:28.809375-04:00,read,key8,1.443,99,false
2026-04-03T16:41:28.809338-04:00,read,key2,1.546,71,true
2026-04-03T16:41:28.201768-04:00,write,key5,609.650,92,false
2026-04-03T16:41:28.809743-04:00,read,key8,2.362,99,false
2026-04-03T16:41:28.811435-04:00,read,key6,1.651,90,false
2026-04-03T16:41:28.810837-04:00,read,key4,2.288,101,false
2026-04-03T16:41:28.810897-04:00,read,key9,2.268,85,true
2026-04-03T16:41:28.81212-04:00,read,key5,1.044,92,false
2026-04-03T16:41:28.813102-04:00,read,key6,1.554,89,false
2026-04-03T16:41:28.813137-04:00,read,key1,1.752,79,true
2026-04-03T16:41:28.208528-04:00,write,key0,607.202,102,false
2026-04-03T16:41:28.81467-04:00,read,key4,1.130,101,false
2026-04-03T16:41:28.814901-04:00,read,key1,1.244,79,true
2026-04-03T16:41:28.815812-04:00,read,key9,0.741,86,false
2026-04-03T16:41:28.815779-04:00,read,key9,0.780,86,false
2026-04-03T16:41:28.813177-04:00,read,key2,3.669,71,true
2026-04-03T16:41:28.813177-04:00,read,key7,3.986,87,true
2026-04-03T16:41:28.211795-04:00,write,key6,605.375,90,false
2026-04-03T16:41:28.816574-04:00,read,key7,0.633,87,true
2026-04-03T16:41:28.209261-04:00,write,key2,607.956,73,false
2026-04-03T16:41:28.209261-04:00,write,key4,607.949,101,false
2026-04-03T16:41:28.816565-04:00,read,key1,0.893,79,true
2026-04-03T16:41:28.816862-04:00,read,key3,0.949,98,true
2026-04-03T16:41:28.817227-04:00,read,key0,0.647,100,true
2026-04-03T16:41:28.817179-04:00,read,key8,0.712,99,false
2026-04-03T16:41:28.817177-04:00,read,key4,1.019,101,false
2026-04-03T16:41:28.817467-04:00,read,key1,0.772,79,true
2026-04-03T16:41:28.81725-04:00,read,key6,1.000,90,false
2026-04-03T16:41:28.817881-04:00,read,key3,0.635,98,true
2026-04-03T16:41:28.817825-04:00,read,key6,0.908,89,true
2026-04-03T16:41:28.818262-04:00,read,key9,0.485,86,false
2026-04-03T16:41:28.818257-04:00,read,key0,0.520,102,false
2026-04-03T16:41:28.817911-04:00,read,key6,1.149,89,true
2026-04-03T16:41:28.818788-04:00,read,key5,0.602,91,true
2026-04-03T16:41:28.818743-04:00,read,key7,1.079,88,false
2026-04-03T16:41:28.819068-04:00,read,key2,0.763,71,true
2026-04-03T16:41:28.818526-04:00,read,key4,1.350,101,false
2026-04-03T16:41:28.818206-04:00,read,key0,1.616,100,true
2026-04-03T16:41:28.819841-04:00,read,key9,0.382,86,false
2026-04-03T16:41:28.819946-04:00,read,key0,0.550,102,false
2026-04-03T16:41:28.819834-04:00,read,key4,0.679,101,false
2026-04-03T16:41:28.819422-04:00,read,key8,1.092,98,true
2026-04-03T16:41:28.8199-04:00,read,key0,0.828,100,true
2026-04-03T16:41:28.820233-04:00,read,key6,0.528,89,true
2026-04-03T16:41:28.820748-04:00,read,key0,0.566,102,false
2026-04-03T16:41:28.820771-04:00,read,key7,0.590,87,true
2026-04-03T16:41:28.821327-04:00,read,key8,0.431,98,true
2026-04-03T16:41:28.821372-04:00,read,key8,0.611,99,false
2026-04-03T16:41:28.821768-04:00,read,key7,0.374,87,true
2026-04-03T16:41:28.821993-04:00,read,key8,0.359,98,true
2026-04-03T16:41:28.822149-04:00,read,key9,0.455,85,true
2026-04-03T16:41:28.822361-04:00,read,key1,0.491,79,true
2026-04-03T16:41:28.822613-04:00,read,key1,0.315,80,false
2026-04-03T16:41:28.82286-04:00,read,key7,0.364,87,true
2026-04-03T16:41:28.822936-04:00,read,key1,0.372,79,true
2026-04-03T16:41:28.823315-04:00,read,key0,0.308,102,false
2026-04-03T16:41:28.823231-04:00,read,key5,0.405,91,true
2026-04-03T16:41:28.823643-04:00,read,key7,0.274,87,true
2026-04-03T16:41:28.823631-04:00,read,key1,0.290,80,false
2026-04-03T16:41:28.823928-04:00,read,key8,0.320,99,false
2026-04-03T16:41:28.823925-04:00,read,key2,0.342,71,true
2026-04-03T16:41:28.824255-04:00,read,key8,0.316,99,false
2026-04-03T16:41:28.824274-04:00,read,key4,0.302,100,true
2026-04-03T16:41:28.824578-04:00,read,key9,0.298,86,false
2026-04-03T16:41:28.824583-04:00,read,key7,0.295,87,true
2026-04-03T16:41:28.824882-04:00,read,key3,0.356,99,false
2026-04-03T16:41:28.824884-04:00,read,key1,0.365,80,false
2026-04-03T16:41:28.825245-04:00,read,key9,0.301,86,false
2026-04-03T16:41:28.825256-04:00,read,key3,0.293,99,false
2026-04-03T16:41:28.825556-04:00,read,key6,0.299,89,true
2026-04-03T16:41:28.825553-04:00,read,key4,0.308,101,false
2026-04-03T16:41:28.825866-04:00,read,key8,0.290,99,false
2026-04-03T16:41:28.825862-04:00,read,key5,0.370,92,false
2026-04-03T16:41:28.826164-04:00,read,key1,0.277,80,false
2026-04-03T16:41:28.826238-04:00,read,key1,0.264,79,true
2026-04-03T16:41:28.826447-04:00,read,key7,0.353,88,false
2026-04-03T16:41:28.826507-04:00,read,key9,0.304,86,false
2026-04-03T16:41:28.826808-04:00,read,key0,0.342,100,true
2026-04-03T16:41:28.826819-04:00,read,key4,0.333,101,false
2026-04-03T16:41:28.827159-04:00,read,key5,0.341,91,true
2026-04-03T16:41:28.827159-04:00,read,key9,0.347,86,false
2026-04-03T16:41:28.827512-04:00,read,key2,0.232,73,false
2026-04-03T16:41:28.827752-04:00,read,key7,0.251,88,false
2026-04-03T16:41:28.82801-04:00,read,key6,0.380,90,false
2026-04-03T16:41:28.828397-04:00,read,key6,0.285,89,true
2026-04-03T16:41:28.828688-04:00,read,key7,0.302,88,false
2026-04-03T16:41:28.828997-04:00,read,key8,0.229,99,false
2026-04-03T16:41:28.802118-04:00,write,key5,620.144,93,false
2026-04-03T16:41:28.804706-04:00,write,key8,617.608,100,false
2026-04-03T16:41:29.42235-04:00,read,key1,2.507,80,false
2026-04-03T16:41:28.817234-04:00,write,key3,607.589,100,false
2026-04-03T16:41:29.422341-04:00,read,key2,2.590,73,false
2026-04-03T16:41:28.820512-04:00,write,key8,604.456,102,false
2026-04-03T16:41:28.818764-04:00,write,key8,606.199,101,false
2026-04-03T16:41:28.816167-04:00,write,key0,608.885,103,false
2026-04-03T16:41:28.82055-04:00,write,key3,605.139,101,false
2026-04-03T16:41:29.424886-04:00,read,key6,1.292,90,false
2026-04-03T16:41:28.820527-04:00,write,key7,605.661,89,false
2026-04-03T16:41:29.42499-04:00,read,key1,1.271,80,false
2026-04-03T16:41:29.425061-04:00,read,key3,1.224,99,true
2026-04-03T16:41:29.42489-04:00,read,key2,1.410,73,false
2026-04-03T16:41:29.424991-04:00,read,key5,1.487,93,false
2026-04-03T16:41:29.42621-04:00,read,key5,1.302,92,true
2026-04-03T16:41:29.426406-04:00,read,key3,1.106,101,false
2026-04-03T16:41:29.426495-04:00,read,key0,1.024,102,true
2026-04-03T16:41:29.426269-04:00,read,key9,1.259,86,false
2026-04-03T16:41:29.426194-04:00,read,key2,2.049,73,false
2026-04-03T16:41:29.427529-04:00,read,key0,0.738,103,false
2026-04-03T16:41:29.427555-04:00,read,key1,0.827,80,false
2026-04-03T16:41:29.42754-04:00,read,key2,0.860,73,false
2026-04-03T16:41:29.425714-04:00,read,key1,2.693,80,false
2026-04-03T16:41:29.427545-04:00,read,key4,0.908,101,false
2026-04-03T16:41:29.428277-04:00,read,key9,0.394,86,false
2026-04-03T16:41:29.428259-04:00,read,key0,0.515,102,true
2026-04-03T16:41:29.428421-04:00,read,key2,0.604,73,false
2026-04-03T16:41:29.42839-04:00,read,key6,0.656,90,false
2026-04-03T16:41:29.428427-04:00,read,key9,0.782,86,false
2026-04-03T16:41:29.428461-04:00,read,key8,0.965,102,false
2026-04-03T16:41:29.429054-04:00,read,key7,0.627,88,true
2026-04-03T16:41:29.429038-04:00,read,key4,0.679,101,false
2026-04-03T16:41:29.429218-04:00,read,key8,0.904,101,true
2026-04-03T16:41:29.42969-04:00,read,key2,0.821,73,false
2026-04-03T16:41:29.429726-04:00,read,key8,0.827,99,true
2026-04-03T16:41:29.429446-04:00,read,key1,1.080,80,false
2026-04-03T16:41:29.428782-04:00,read,key3,1.782,101,false
2026-04-03T16:41:29.428678-04:00,read,key2,2.265,73,false
2026-04-03T16:41:29.430562-04:00,read,key5,0.678,93,false
2026-04-03T16:41:29.430521-04:00,read,key2,0.934,73,false
2026-04-03T16:41:29.430134-04:00,read,key8,1.322,99,true
2026-04-03T16:41:29.430584-04:00,read,key1,0.913,80,false
2026-04-03T16:41:29.431505-04:00,read,key8,0.447,99,true
2026-04-03T16:41:29.431251-04:00,read,key4,0.701,101,false
2026-04-03T16:41:29.431466-04:00,read,key8,0.557,99,true
2026-04-03T16:41:29.430963-04:00,read,key9,1.070,86,false
2026-04-03T16:41:29.432051-04:00,read,key9,0.563,85,true
2026-04-03T16:41:29.43197-04:00,read,key9,0.652,85,true
2026-04-03T16:41:29.431962-04:00,read,key9,0.653,86,false
2026-04-03T16:41:29.43203-04:00,read,key3,0.697,101,false
2026-04-03T16:41:29.432735-04:00,read,key5,0.510,92,true
2026-04-03T16:41:29.432644-04:00,read,key7,0.706,90,false
2026-04-03T16:41:28.827513-04:00,write,key7,605.990,90,false
2026-04-03T16:41:28.829237-04:00,write,key6,604.271,91,false
2026-04-03T16:41:29.432626-04:00,read,key8,1.141,102,false
2026-04-03T16:41:29.433255-04:00,read,key1,0.523,80,false
2026-04-03T16:41:29.433513-04:00,read,key7,0.532,88,true
2026-04-03T16:41:29.433358-04:00,read,key8,0.702,99,true
2026-04-03T16:41:29.433512-04:00,read,key2,0.631,73,false
2026-04-03T16:41:29.434057-04:00,read,key7,0.528,88,true
2026-04-03T16:41:29.433785-04:00,read,key8,0.818,102,false
2026-04-03T16:41:29.434068-04:00,read,key6,0.537,90,true
2026-04-03T16:41:29.433775-04:00,read,key2,0.872,73,false
2026-04-03T16:41:29.43461-04:00,read,key1,0.396,80,false
2026-04-03T16:41:29.434595-04:00,read,key5,0.421,93,false
2026-04-03T16:41:29.434149-04:00,read,key4,1.221,101,false
2026-04-03T16:41:29.435024-04:00,read,key8,0.527,99,true
2026-04-03T16:41:29.435378-04:00,read,key8,0.429,102,false
2026-04-03T16:41:29.435029-04:00,read,key2,0.976,73,false
2026-04-03T16:41:29.435559-04:00,read,key3,0.466,99,true
2026-04-03T16:41:29.435815-04:00,read,key9,0.309,86,false
2026-04-03T16:41:29.434656-04:00,read,key8,1.520,102,false
2026-04-03T16:41:29.436013-04:00,read,key8,0.295,102,false
2026-04-03T16:41:29.436192-04:00,read,key2,0.432,73,false
2026-04-03T16:41:29.436321-04:00,read,key3,0.321,99,true
2026-04-03T16:41:29.436652-04:00,read,key8,0.294,99,true
2026-04-03T16:41:29.436633-04:00,read,key3,0.315,101,false
2026-04-03T16:41:29.436953-04:00,read,key6,0.343,90,true
2026-04-03T16:41:29.436955-04:00,read,key5,0.366,93,false
2026-04-03T16:41:29.437303-04:00,read,key4,0.239,101,false
2026-04-03T16:41:29.437328-04:00,read,key8,0.324,99,true
2026-04-03T16:41:29.437549-04:00,read,key3,0.319,101,false
2026-04-03T16:41:29.437875-04:00,read,key7,0.345,90,false
2026-04-03T16:41:29.438228-04:00,read,key2,0.310,73,false
2026-04-03T16:41:29.438545-04:00,read,key6,0.318,91,false
2026-04-03T16:41:29.438869-04:00,read,key6,0.298,91,false
2026-04-03T16:41:29.432634-04:00,write,key6,613.112,92,false
2026-04-03T16:41:29.436038-04:00,write,key0,609.783,104,false
2026-04-03T16:41:29.434619-04:00,write,key8,611.738,105,false
2026-04-03T16:41:29.437661-04:00,write,key7,608.752,91,false
2026-04-03T16:41:29.430585-04:00,write,key8,616.152,104,false
2026-04-03T16:41:29.426364-04:00,write,key8,620.754,103,false
2026-04-03T16:41:29.431479-04:00,write,key1,615.828,81,false
2026-04-03T16:41:29.42496-04:00,write,key5,622.386,94,false
2026-04-03T16:41:29.436135-04:00,write,key4,611.270,102,false
2026-04-03T16:41:29.439177-04:00,write,key5,609.484,95,false
2026-04-03T16:41:30.045828-04:00,read,key4,5.024,101,true
2026-04-03T16:41:30.045888-04:00,read,key1,5.113,80,true
2026-04-03T16:41:30.046452-04:00,read,key0,6.221,104,false
2026-04-03T16:41:30.047156-04:00,read,key3,5.590,101,false
2026-04-03T16:41:30.047342-04:00,read,key9,5.895,86,false
2026-04-03T16:41:30.04746-04:00,read,key5,5.808,93,true
2026-04-03T16:41:30.051019-04:00,read,key9,3.158,86,false
2026-04-03T16:41:30.050879-04:00,read,key8,3.306,104,true
2026-04-03T16:41:30.052693-04:00,read,key5,3.043,93,true
2026-04-03T16:41:30.053253-04:00,read,key1,2.588,80,true
2026-04-03T16:41:30.052762-04:00,read,key1,3.091,81,false
2026-04-03T16:41:30.046431-04:00,read,key3,10.365,100,true
2026-04-03T16:41:30.048701-04:00,read,key1,8.121,81,false
2026-04-03T16:41:30.047383-04:00,read,key5,9.785,93,true
2026-04-03T16:41:30.054198-04:00,read,key3,3.063,101,false
2026-04-03T16:41:30.046783-04:00,read,key2,10.513,73,false
2026-04-03T16:41:30.054192-04:00,read,key1,3.336,80,true
2026-04-03T16:41:30.055865-04:00,read,key6,1.858,91,true
2026-04-03T16:41:30.055856-04:00,read,key8,2.109,104,true
2026-04-03T16:41:30.055759-04:00,read,key6,2.260,92,false
2026-04-03T16:41:30.057226-04:00,read,key9,2.871,86,false
2026-04-03T16:41:30.057539-04:00,read,key5,2.595,95,false
2026-04-03T16:41:30.056818-04:00,read,key5,3.329,95,false
2026-04-03T16:41:30.053289-04:00,read,key4,6.904,102,false
2026-04-03T16:41:30.057275-04:00,read,key6,2.957,91,true
2026-04-03T16:41:30.057313-04:00,read,key2,2.925,73,false
2026-04-03T16:41:30.05803-04:00,read,key3,2.214,100,true
2026-04-03T16:41:30.060204-04:00,read,key3,0.811,101,false
2026-04-03T16:41:30.060182-04:00,read,key5,0.870,95,false
2026-04-03T16:41:30.06024-04:00,read,key9,0.827,85,true
2026-04-03T16:41:30.060146-04:00,read,key5,0.988,93,true
2026-04-03T16:41:30.060251-04:00,read,key4,0.893,101,true
2026-04-03T16:41:30.060246-04:00,read,key6,0.963,92,false
2026-04-03T16:41:30.057736-04:00,read,key0,3.800,104,false
2026-04-03T16:41:30.061029-04:00,read,key2,0.725,73,false
2026-04-03T16:41:30.06106-04:00,read,key4,0.920,102,false
2026-04-03T16:41:30.06108-04:00,read,key0,0.922,104,false
2026-04-03T16:41:30.057976-04:00,read,key7,4.033,91,false
2026-04-03T16:41:30.061216-04:00,read,key5,0.839,93,true
2026-04-03T16:41:30.061151-04:00,read,key6,0.907,92,false
2026-04-03T16:41:30.061548-04:00,read,key4,0.744,102,false
2026-04-03T16:41:30.062018-04:00,read,key2,1.015,73,false
2026-04-03T16:41:30.06201-04:00,read,key4,1.064,101,true
2026-04-03T16:41:30.062062-04:00,read,key7,1.005,91,false
2026-04-03T16:41:30.061988-04:00,read,key9,1.120,85,true
2026-04-03T16:41:30.062071-04:00,read,key8,1.052,102,true
2026-04-03T16:41:30.061774-04:00,read,key6,1.604,92,false
2026-04-03T16:41:30.063132-04:00,read,key3,0.879,101,false
2026-04-03T16:41:30.063083-04:00,read,key8,0.945,102,true
2026-04-03T16:41:30.063087-04:00,read,key8,0.953,105,false
2026-04-03T16:41:30.063052-04:00,read,key4,1.002,101,true
2026-04-03T16:41:30.062301-04:00,read,key5,2.248,93,true
2026-04-03T16:41:30.063412-04:00,read,key1,1.159,81,false
2026-04-03T16:41:30.064059-04:00,read,key9,1.183,86,false
2026-04-03T16:41:30.064027-04:00,read,key9,1.216,86,false
2026-04-03T16:41:30.064068-04:00,read,key5,1.175,95,false
2026-04-03T16:41:30.064055-04:00,read,key5,1.450,93,true
2026-04-03T16:41:30.065286-04:00,read,key8,0.530,105,false
2026-04-03T16:41:30.065514-04:00,read,key5,0.660,95,false
2026-04-03T16:41:30.065277-04:00,read,key3,0.901,101,false
2026-04-03T16:41:30.065257-04:00,read,key5,0.916,93,true
2026-04-03T16:41:30.065825-04:00,read,key2,0.585,73,false
2026-04-03T16:41:30.066184-04:00,read,key2,0.610,73,false
2026-04-03T16:41:30.066423-04:00,read,key1,0.498,80,true
2026-04-03T16:41:30.066199-04:00,read,key9,0.739,86,false
2026-04-03T16:41:30.066186-04:00,read,key7,0.978,91,false
2026-04-03T16:41:30.066803-04:00,read,key3,0.580,101,false
2026-04-03T16:41:30.066929-04:00,read,key0,0.496,103,true
2026-04-03T16:41:30.067391-04:00,read,key0,0.480,104,false
2026-04-03T16:41:30.067431-04:00,read,key6,0.450,92,false
2026-04-03T16:41:30.067174-04:00,read,key1,0.710,80,true
2026-04-03T16:41:30.067897-04:00,read,key9,0.566,86,false
2026-04-03T16:41:30.067878-04:00,read,key7,0.627,91,false
2026-04-03T16:41:30.068476-04:00,read,key7,0.398,91,false
2026-04-03T16:41:30.056859-04:00,write,key7,610.989,92,false
2026-04-03T16:41:30.06013-04:00,write,key1,607.719,82,false
2026-04-03T16:41:30.667922-04:00,read,key3,0.669,101,false
2026-04-03T16:41:30.66791-04:00,read,key8,0.785,103,true
2026-04-03T16:41:30.668616-04:00,read,key6,0.812,92,false
2026-04-03T16:41:30.668712-04:00,read,key7,0.896,92,false
2026-04-03T16:41:30.669452-04:00,read,key4,0.409,102,false
2026-04-03T16:41:30.66962-04:00,read,key6,0.675,92,false
2026-04-03T16:41:30.669868-04:00,read,key5,0.506,94,true
2026-04-03T16:41:30.670304-04:00,read,key4,0.479,104,false
2026-04-03T16:41:30.670386-04:00,read,key9,0.417,86,false
2026-04-03T16:41:30.670811-04:00,read,key3,0.443,100,true
2026-04-03T16:41:30.670791-04:00,read,key0,0.514,105,false
2026-04-03T16:41:30.671264-04:00,read,key0,0.334,104,false
2026-04-03T16:41:30.671312-04:00,read,key5,0.427,95,false
2026-04-03T16:41:30.671605-04:00,read,key6,0.656,93,false
2026-04-03T16:41:30.064566-04:00,write,key2,609.807,74,false
2026-04-03T16:41:30.063149-04:00,write,key4,611.224,103,false
2026-04-03T16:41:30.068896-04:00,write,key6,605.544,93,false
2026-04-03T16:41:30.068516-04:00,write,key9,605.942,87,false
2026-04-03T16:41:30.064581-04:00,write,key4,609.901,104,false
2026-04-03T16:41:30.066955-04:00,write,key8,607.532,106,false
2026-04-03T16:41:30.061163-04:00,write,key0,613.343,105,false
2026-04-03T16:41:30.067893-04:00,write,key8,606.635,107,false
2026-04-03T16:41:30.674445-04:00,read,key0,1.003,104,true
2026-04-03T16:41:30.674504-04:00,read,key5,0.953,95,false
2026-04-03T16:41:30.674383-04:00,read,key1,1.065,81,true
2026-04-03T16:41:30.67452-04:00,read,key8,1.351,103,true
2026-04-03T16:41:30.674497-04:00,read,key1,1.394,82,false
2026-04-03T16:41:30.674483-04:00,read,key1,1.463,82,false
2026-04-03T16:41:30.675465-04:00,read,key0,0.746,104,true
2026-04-03T16:41:30.6759-04:00,read,key6,0.724,93,false
2026-04-03T16:41:30.675881-04:00,read,key4,0.761,102,true
2026-04-03T16:41:30.675471-04:00,read,key7,1.173,91,true
2026-04-03T16:41:30.676219-04:00,read,key8,0.468,106,true
2026-04-03T16:41:30.675954-04:00,read,key7,0.743,92,false
2026-04-03T16:41:30.674539-04:00,read,key8,2.164,103,true
2026-04-03T16:41:30.675466-04:00,read,key7,1.430,92,false
2026-04-03T16:41:30.676649-04:00,read,key8,0.557,103,true
2026-04-03T16:41:30.676705-04:00,read,key2,0.490,74,false
2026-04-03T16:41:30.676694-04:00,read,key4,0.539,102,true
2026-04-03T16:41:30.67671-04:00,read,key8,0.671,103,true
2026-04-03T16:41:30.677216-04:00,read,key9,0.431,87,false
2026-04-03T16:41:30.676904-04:00,read,key7,0.795,91,true
2026-04-03T16:41:30.677226-04:00,read,key9,0.525,87,false
2026-04-03T16:41:30.677757-04:00,read,key0,0.326,105,false
2026-04-03T16:41:30.67724-04:00,read,key9,0.886,86,true
2026-04-03T16:41:30.677657-04:00,read,key5,0.493,95,false
2026-04-03T16:41:30.677387-04:00,read,key7,0.824,91,true
2026-04-03T16:41:30.677707-04:00,read,key9,0.546,86,true
2026-04-03T16:41:30.678132-04:00,read,key7,0.528,91,true
2026-04-03T16:41:30.678091-04:00,read,key6,1.211,93,false
2026-04-03T16:41:30.678227-04:00,read,key1,1.076,81,true
2026-04-03T16:41:30.67867-04:00,read,key6,1.004,92,true
2026-04-03T16:41:30.679323-04:00,read,key9,0.680,86,true
2026-04-03T16:41:30.679314-04:00,read,key5,1.098,95,false
2026-04-03T16:41:30.679688-04:00,read,key2,0.739,74,false
2026-04-03T16:41:30.680436-04:00,read,key9,0.399,87,false
2026-04-03T16:41:30.680424-04:00,read,key1,0.455,81,true
2026-04-03T16:41:30.678258-04:00,read,key5,3.088,94,true
2026-04-03T16:41:30.680844-04:00,read,key0,0.516,104,true
2026-04-03T16:41:30.680893-04:00,read,key7,0.467,91,true
2026-04-03T16:41:30.681366-04:00,read,key8,0.409,103,true
2026-04-03T16:41:30.681369-04:00,read,key5,0.535,95,false
2026-04-03T16:41:30.681358-04:00,read,key6,0.547,93,false
2026-04-03T16:41:30.68191-04:00,read,key9,0.344,86,true
2026-04-03T16:41:30.681784-04:00,read,key4,0.535,102,true
2026-04-03T16:41:30.682327-04:00,read,key3,0.240,100,true
2026-04-03T16:41:30.682264-04:00,read,key4,0.466,104,false
2026-04-03T16:41:30.674389-04:00,write,key9,608.092,88,false
2026-04-03T16:41:30.671754-04:00,write,key8,610.809,108,false
2026-04-03T16:41:30.672278-04:00,write,key1,610.334,83,false
2026-04-03T16:41:30.676641-04:00,write,key4,607.773,105,false
2026-04-03T16:41:30.676675-04:00,write,key2,607.843,75,false
2026-04-03T16:41:30.678163-04:00,write,key7,607.539,93,false
2026-04-03T16:41:30.680034-04:00,write,key9,606.417,89,false
2026-04-03T16:41:31.282563-04:00,read,key4,5.726,105,false
2026-04-03T16:41:31.282609-04:00,read,key3,5.926,101,false
2026-04-03T16:41:31.282699-04:00,read,key4,5.957,105,false
2026-04-03T16:41:31.284504-04:00,read,key3,4.186,100,true
2026-04-03T16:41:31.286495-04:00,read,key5,2.620,95,false
2026-04-03T16:41:31.285729-04:00,read,key1,3.460,82,true
2026-04-03T16:41:30.681917-04:00,write,key9,608.935,90,false
2026-04-03T16:41:30.682577-04:00,write,key9,608.362,91,false
2026-04-03T16:41:30.682741-04:00,write,key8,609.135,109,false
2026-04-03T16:41:31.288315-04:00,read,key9,5.513,87,true
2026-04-03T16:41:31.290869-04:00,read,key7,2.990,93,false
2026-04-03T16:41:31.288555-04:00,read,key4,5.392,105,false
2026-04-03T16:41:31.288987-04:00,read,key3,5.023,101,false
2026-04-03T16:41:31.289133-04:00,read,key8,5.288,109,false
2026-04-03T16:41:31.288672-04:00,read,key1,7.283,82,true
2026-04-03T16:41:31.293877-04:00,read,key1,3.979,83,false
2026-04-03T16:41:31.294024-04:00,read,key2,3.874,74,true
2026-04-03T16:41:31.294437-04:00,read,key3,3.442,101,false
2026-04-03T16:41:31.295975-04:00,read,key6,3.805,93,false
2026-04-03T16:41:31.291896-04:00,read,key2,8.830,75,false
2026-04-03T16:41:31.297875-04:00,read,key3,4.026,101,false
2026-04-03T16:41:31.299798-04:00,read,key5,2.380,94,true
2026-04-03T16:41:31.300798-04:00,read,key3,1.909,101,false
2026-04-03T16:41:31.301948-04:00,read,key3,0.759,101,false
2026-04-03T16:41:31.297957-04:00,read,key6,4.835,93,false
2026-04-03T16:41:31.297914-04:00,read,key3,4.898,101,false
2026-04-03T16:41:31.302198-04:00,read,key9,0.833,87,true
2026-04-03T16:41:31.302721-04:00,read,key3,0.612,101,false
2026-04-03T16:41:31.302721-04:00,read,key3,0.660,100,true
2026-04-03T16:41:31.3028-04:00,read,key2,0.756,74,true
2026-04-03T16:41:31.302821-04:00,read,key1,0.772,82,true
2026-04-03T16:41:31.303055-04:00,read,key2,0.573,75,false
2026-04-03T16:41:31.303342-04:00,read,key8,0.523,106,true
2026-04-03T16:41:31.303388-04:00,read,key4,0.678,104,true
2026-04-03T16:41:31.303602-04:00,read,key2,0.599,75,false
2026-04-03T16:41:31.303565-04:00,read,key1,0.662,82,true
2026-04-03T16:41:31.303635-04:00,read,key2,0.855,74,true
2026-04-03T16:41:31.304076-04:00,read,key6,0.454,93,false
2026-04-03T16:41:31.303881-04:00,read,key0,0.664,105,false
2026-04-03T16:41:31.304235-04:00,read,key2,0.673,75,false
2026-04-03T16:41:31.304538-04:00,read,key1,0.938,82,true
2026-04-03T16:41:31.304918-04:00,read,key9,0.584,87,true
2026-04-03T16:41:31.304553-04:00,read,key6,0.950,93,false
2026-04-03T16:41:31.305489-04:00,read,key5,0.457,94,true
2026-04-03T16:41:31.305509-04:00,read,key5,0.659,95,false
2026-04-03T16:41:31.305511-04:00,read,key1,0.658,83,false
2026-04-03T16:41:31.305955-04:00,read,key0,0.382,105,false
2026-04-03T16:41:31.306178-04:00,read,key4,0.451,105,false
2026-04-03T16:41:31.306345-04:00,read,key4,0.523,104,true
2026-04-03T16:41:31.306176-04:00,read,key2,0.697,75,false
2026-04-03T16:41:31.306637-04:00,read,key4,0.656,105,false
2026-04-03T16:41:31.306876-04:00,read,key0,0.497,105,false
2026-04-03T16:41:31.307305-04:00,read,key7,0.387,92,true
2026-04-03T16:41:31.307383-04:00,read,key1,0.331,82,true
2026-04-03T16:41:31.307734-04:00,read,key2,0.516,74,true
2026-04-03T16:41:31.3077-04:00,read,key9,0.644,87,true
2026-04-03T16:41:31.30826-04:00,read,key5,0.366,94,true
2026-04-03T16:41:31.308357-04:00,read,key8,0.427,106,true
2026-04-03T16:41:31.308635-04:00,read,key9,0.374,90,true
2026-04-03T16:41:31.309016-04:00,read,key8,0.320,109,false
2026-04-03T16:41:31.308792-04:00,read,key2,0.572,74,true
2026-04-03T16:41:31.309375-04:00,read,key1,0.262,83,false
2026-04-03T16:41:31.309344-04:00,read,key3,0.306,101,false
2026-04-03T16:41:31.309656-04:00,read,key6,0.296,93,false
2026-04-03T16:41:31.309645-04:00,read,key7,0.323,92,true
2026-04-03T16:41:31.30996-04:00,read,key6,0.311,93,false
2026-04-03T16:41:31.31028-04:00,read,key0,0.325,105,false
2026-04-03T16:41:31.29097-04:00,write,key2,608.265,76,false
2026-04-03T16:41:31.284599-04:00,write,key0,614.711,106,false
2026-04-03T16:41:31.290523-04:00,write,key6,613.971,94,false
2026-04-03T16:41:31.293858-04:00,write,key3,615.417,102,false
2026-04-03T16:41:31.293964-04:00,write,key3,615.231,103,false
2026-04-03T16:41:31.304516-04:00,write,key5,606.523,96,false
2026-04-03T16:41:31.304225-04:00,write,key3,607.292,104,false
2026-04-03T16:41:31.306886-04:00,write,key5,608.871,97,false
2026-04-03T16:41:31.30998-04:00,write,key3,606.922,105,false
2026-04-03T16:41:31.310616-04:00,write,key7,607.213,94,false
